<?xml version="1.0" encoding="UTF-8"?>
<kml xmlns="http://www.opengis.net/kml/2.2" xmlns:gx="http://www.google.com/kml/ext/2.2" xmlns:kml="http://www.opengis.net/kml/2.2" xmlns:atom="http://www.w3.org/2005/Atom">
<Folder>
	<name>MACROZONEAMENTO</name>
	<Document id="root_doc">
		<name>MRU.kml</name>
		<Schema name="mru" id="mru">
			<SimpleField type="float" name="fid"></SimpleField>
			<SimpleField type="float" name="handle"></SimpleField>
			<SimpleField type="float" name="block"></SimpleField>
			<SimpleField type="float" name="etype"></SimpleField>
			<SimpleField type="float" name="space"></SimpleField>
			<SimpleField type="string" name="layer"></SimpleField>
			<SimpleField type="string" name="olinetype"></SimpleField>
			<SimpleField type="string" name="linetype"></SimpleField>
			<SimpleField type="string" name="color"></SimpleField>
			<SimpleField type="float" name="ocolor"></SimpleField>
			<SimpleField type="float" name="color24"></SimpleField>
			<SimpleField type="float" name="transparen"></SimpleField>
			<SimpleField type="float" name="lweight"></SimpleField>
			<SimpleField type="float" name="linewidth"></SimpleField>
			<SimpleField type="float" name="ltscale"></SimpleField>
			<SimpleField type="float" name="visible"></SimpleField>
			<SimpleField type="float" name="width"></SimpleField>
			<SimpleField type="float" name="thickness"></SimpleField>
			<SimpleField type="string" name="ext"></SimpleField>
		</Schema>
		<StyleMap id="m_ylw-pushpin">
			<Pair>
				<key>normal</key>
				<styleUrl>#s_ylw-pushpin</styleUrl>
			</Pair>
			<Pair>
				<key>highlight</key>
				<styleUrl>#s_ylw-pushpin_hl</styleUrl>
			</Pair>
		</StyleMap>
		<Style id="s_ylw-pushpin">
			<IconStyle>
				<scale>1.1</scale>
				<Icon>
					<href>http://maps.google.com/mapfiles/kml/pushpin/ylw-pushpin.png</href>
				</Icon>
				<hotSpot x="20" y="2" xunits="pixels" yunits="pixels"/>
			</IconStyle>
			<LineStyle>
				<color>ff00aaaa</color>
			</LineStyle>
			<PolyStyle>
				<color>8000aaaa</color>
			</PolyStyle>
		</Style>
		<Style id="s_ylw-pushpin_hl">
			<IconStyle>
				<scale>1.3</scale>
				<Icon>
					<href>http://maps.google.com/mapfiles/kml/pushpin/ylw-pushpin.png</href>
				</Icon>
				<hotSpot x="20" y="2" xunits="pixels" yunits="pixels"/>
			</IconStyle>
			<LineStyle>
				<color>ff00aaaa</color>
			</LineStyle>
			<PolyStyle>
				<color>8000aaaa</color>
			</PolyStyle>
		</Style>
		<Folder>
			<name>mru</name>
			<Placemark>
				<styleUrl>#m_ylw-pushpin</styleUrl>
				<ExtendedData>
					<SchemaData schemaUrl="#mru">
						<SimpleData name="fid">1</SimpleData>
						<SimpleData name="handle">635</SimpleData>
						<SimpleData name="block">-1</SimpleData>
						<SimpleData name="etype">18</SimpleData>
						<SimpleData name="space">0</SimpleData>
						<SimpleData name="layer">1_Macroarea_Resiliencia_Urbana</SimpleData>
						<SimpleData name="olinetype">BYLAYER</SimpleData>
						<SimpleData name="color">153,153,0,254</SimpleData>
						<SimpleData name="ocolor">256</SimpleData>
						<SimpleData name="color24">-1</SimpleData>
						<SimpleData name="transparen">0</SimpleData>
						<SimpleData name="lweight">30</SimpleData>
						<SimpleData name="linewidth">0.300000000000000</SimpleData>
						<SimpleData name="ltscale">1.000000000000000</SimpleData>
						<SimpleData name="visible">1</SimpleData>
						<SimpleData name="width">0.000000000000000</SimpleData>
						<SimpleData name="thickness">0.000000000000000</SimpleData>
						<SimpleData name="ext">(3:0,0,0.1)</SimpleData>
					</SchemaData>
				</ExtendedData>
				<MultiGeometry>
					<Polygon>
						<outerBoundaryIs>
							<LinearRing>
								<coordinates>
									-45.92027340174519,-22.2239622152575,0 -45.9201720709882,-22.2239730658184,0 -45.92013203878,-22.2239789833329,0 -45.9194719113005,-22.2240716953803,0 -45.9192495616937,-22.2241059241197,0 -45.9191013615833,-22.2241287380282,0 -45.9190272119673,-22.2241401525587,0 -45.9184408529658,-22.2242079629736,0 -45.9179499432221,-22.2242724323669,0 -45.91771755122949,-22.224306715694,0 -45.9174851591111,-22.2243409986928,0 -45.9169834696755,-22.2244040806284,0 -45.9169144526957,-22.2244139547947,0 -45.9167769633533,-22.2244348641113,0 -45.9165711539289,-22.2244694578999,0 -45.9162776607727,-22.2245076516508,0 -45.9159402244916,-22.2245619912317,0 -45.9156150657906,-22.2246490989915,0 -45.9152992225068,-22.2247620773499,0 -45.91516824021951,-22.2248219836055,0 -45.9151499795174,-22.2247853835041,0 -45.9151236138452,-22.2247325384938,0 -45.91516847145731,-22.2247092285834,0 -45.9151256333563,-22.2246181115523,0 -45.9151007096211,-22.2245650984779,0 -45.91508278792559,-22.2245269787949,0 -45.915016321163,-22.2244962774392,0 -45.9148917541464,-22.2245280532284,0 -45.9149490493973,-22.2244019860101,0 -45.9149683659294,-22.2243577927228,0 -45.9147305293364,-22.224143681388,0 -45.91465977436791,-22.2240865885119,0 -45.9145707378169,-22.2241447604322,0 -45.91443724544371,-22.2242215276712,0 -45.9143037529226,-22.2242982948048,0 -45.9140842250496,-22.2244163766544,0 -45.9138646968012,-22.2245344582184,0 -45.9136030019824,-22.2246735985038,0 -45.9133413066361,-22.2248127383834,0 -45.9132408961374,-22.2248741878342,0 -45.9127082948941,-22.2246890994215,0 -45.9125940547473,-22.2246711575846,0 -45.9126261574952,-22.2243058173141,0 -45.9126973760665,-22.2236616004984,0 -45.91276859410069,-22.2230173836232,0 -45.9128216070574,-22.2225285998209,0 -45.91287461971201,-22.2220398159848,0 -45.9129025264055,-22.2218221605307,0 -45.9129537130131,-22.2216082033187,0 -45.9130066911356,-22.2214377876831,0 -45.9130767976568,-22.2212728215016,0 -45.913226127707,-22.2210068007649,0 -45.9134103402829,-22.2207604663613,0 -45.91367219603009,-22.2204658027699,0 -45.9139404648147,-22.2201761838624,0 -45.9143431874789,-22.2197440959637,0 -45.9147935830667,-22.219354942188,0 -45.9151027121149,-22.2191449734698,0 -45.91542549414861,-22.2189536434461,0 -45.91599333145879,-22.2186512584782,0 -45.9158469578893,-22.2186259755917,0 -45.9157297950896,-22.2185892782439,0 -45.9156248280749,-22.2185284895587,0 -45.9155417383112,-22.2184410373596,0 -45.91542509120559,-22.2183981759757,0 -45.9153116425256,-22.2184268365123,0 -45.915194152648,-22.2184233234552,0 -45.9139683185341,-22.2179163878788,0 -45.913044869428,-22.2175092829692,0 -45.9117283640365,-22.2168713108921,0 -45.9108175598809,-22.2164521978361,0 -45.9107823092222,-22.2164359831631,0 -45.91074820120969,-22.2164177726068,0 -45.9107153660308,-22.2163976356732,0 -45.9106839290151,-22.2163756492238,0 -45.9106540101549,-22.2163518971798,0 -45.9106257236477,-22.2163264702009,0 -45.91059917746019,-22.2162994653413,0 -45.9105744729165,-22.2162709856738,0 -45.91055170431081,-22.2162411399058,0 -45.910530958548,-22.216210041955,0 -45.9105123148116,-22.2161778105219,0 -45.91049584426191,-22.2161445686288,0 -45.9104816097643,-22.2161104431577,0 -45.91013899175191,-22.2152160548701,0 -45.90984505542849,-22.2144230204951,0 -45.9096783494409,-22.2139518610565,0 -45.9095443534267,-22.2135732024341,0 -45.9093186566264,-22.2129052609054,0 -45.9092040642146,-22.2125413987893,0 -45.90917825939479,-22.2124774408105,0 -45.9091481766986,-22.2124151243852,0 -45.9091139357497,-22.2123546973016,0 -45.9090756727059,-22.2122963998398,0 -45.90903353971751,-22.2122404638068,0 -45.90898770432251,-22.2121871116182,0 -45.90893834878,-22.2121365554245,0 -45.9084600305809,-22.2116044417599,0 -45.9084221095021,-22.2115582670388,0 -45.9083807813938,-22.2115147009625,0 -45.9083362525914,-22.2114739610274,0 -45.9082887454098,-22.211436250637,0 -45.9082384970331,-22.2114017580617,0 -45.9081857583301,-22.2113706555051,0 -45.9081307926023,-22.2113430982474,0 -45.90807387426929,-22.211319223872,0 -45.9080152874985,-22.2112991515711,0 -45.9079211443783,-22.2112744781978,0 -45.9078289315315,-22.2112441358403,0 -45.9077390422194,-22.2112082538955,0 -45.907651859793,-22.2111669853957,0 -45.90756775605849,-22.2111205063358,0 -45.9074870896915,-22.2110690149331,0 -45.907410204707,-22.2110127307864,0 -45.90709087984461,-22.2107486542154,0 -45.9070395332023,-22.2107187552828,0 -45.9069864902857,-22.2106915446923,0 -45.9069319132652,-22.2106671056316,0 -45.9068759690016,-22.2106455128235,0 -45.90681882853539,-22.2106268322828,0 -45.9067606665639,-22.2106111211208,0 -45.90670166090769,-22.2105984273741,0 -45.90659935132251,-22.2105709931214,0 -45.9064965097452,-22.2105453414603,0 -45.906393171993,-22.2105214813226,0 -45.9062893740564,-22.2104994210199,0 -45.90618515208579,-22.2104791682372,0 -45.90608054237919,-22.2104607300245,0 -45.90597558137,-22.2104441128071,0 -45.9053331042102,-22.2103311551833,0 -45.9046297246692,-22.2102216048862,0 -45.9045291325472,-22.2102066144717,0 -45.9044293226485,-22.2101876242712,0 -45.9043304783179,-22.2101646691707,0 -45.9042327811264,-22.2101377913341,0 -45.90413641053739,-22.2101070401364,0 -45.90404154357739,-22.2100724720641,0 -45.90394835451,-22.2100341506187,0 -45.9038241134887,-22.2099807493596,0 -45.90370290496099,-22.2099216135197,0 -45.9035850339678,-22.2098568919204,0 -45.90347079714989,-22.2097867474512,0 -45.9033604820004,-22.2097113566376,0 -45.9032543661417,-22.2096309092169,0 -45.90315271662641,-22.2095456076505,0 -45.9030617302026,-22.20948051175,0 -45.90297506027741,-22.2094104948129,0 -45.9028930133618,-22.2093358044586,0 -45.9028158796154,-22.2092567048385,0 -45.9027439318211,-22.2091734756933,0 -45.9026774244195,-22.2090864113722,0 -45.9026165926095,-22.2089958197851,0 -45.9025625550289,-22.2089148307654,0 -45.9025059590238,-22.2088353713471,0 -45.9024468544956,-22.2087575115771,0 -45.9023852935571,-22.2086813201068,0 -45.9023213304867,-22.2086068641078,0 -45.90225502168,-22.2085342092202,0 -45.902186425601,-22.2084634195026,0 -45.902140833575,-22.2084220719672,0 -45.90209244164431,-22.208383582324,0 -45.9020414560159,-22.2083481145755,0 -45.9019880939484,-22.2083158198607,0 -45.901932582827,-22.2082868357909,0 -45.9018751591933,-22.2082612858705,0 -45.90181606773789,-22.2082392789726,0 -45.90175556025841,-22.2082209088699,0 -45.9016938945855,-22.2082062538419,0 -45.90162987462,-22.2081871357602,0 -45.9015651883211,-22.2081700729554,0 -45.90149991176111,-22.2081550854871,0 -45.9014341217065,-22.2081421909899,0 -45.901367895528,-22.2081314046217,0 -45.9013013111086,-22.2081227390682,0 -45.901234446753,-22.2081162045229,0 -45.9012087064031,-22.208113421675,0 -45.9011828257501,-22.2081122115541,0 -45.9011569154989,-22.2081125793294,0 -45.9011310864813,-22.2081145234322,0 -45.90110544918161,-22.2081180355458,0 -45.901080113264,-22.2081231006481,0 -45.9010551871034,-22.2081296970692,0 -45.9010307773224,-22.2081377965971,0 -45.9010069883345,-22.2081473645837,0 -45.9009839218979,-22.2081583601024,0 -45.9009616766801,-22.2081707361206,0 -45.9009403478357,-22.2081844396959,0 -45.9009200266004,-22.2081994122152,0 -45.9009007998986,-22.2082155896294,0 -45.900882749974,-22.2082329027432,0 -45.9008659540362,-22.2082512774937,0 -45.9008504839308,-22.2082706352863,0 -45.90080353981819,-22.2083211459184,0 -45.90075312595129,-22.2083686687942,0 -45.90069946112121,-22.2084129976579,0 -45.90064277822901,-22.2084539401284,0 -45.9005833232748,-22.2084913185141,0 -45.9005213542898,-22.2085249705953,0 -45.9004571402172,-22.2085547503217,0 -45.9003909597441,-22.2085805284452,0 -45.9003231000921,-22.2086021930959,0 -45.9002072950805,-22.2086357173836,0 -45.9000894568001,-22.2086624002912,0 -45.89997005089341,-22.2086821363731,0 -45.8998495491979,-22.2086948476471,0 -45.8997284278818,-22.2087004838803,0 -45.8996071655625,-22.2086990227994,0 -45.89948624141429,-22.208690470182,0 -45.8993366984936,-22.208682416138,0 -45.89918815874681,-22.2086644122025,0 -45.899041384716,-22.2086365507979,0 -45.89889712987841,-22.2085989749519,0 -45.8987561347771,-22.2085518775627,0 -45.8986191232194,-22.208495500407,0 -45.8984867985601,-22.2084301329015,0 -45.8983975372399,-22.2083777778822,0 -45.8983107520321,-22.2083219298144,0 -45.89822660048309,-22.2082626900833,0 -45.8981452353573,-22.2082001662351,0 -45.8980668043605,-22.208134471774,0 -45.89799144987141,-22.2080657259557,0 -45.8979193086829,-22.2079940535857,0 -45.8978941059185,-22.2079327453806,0 -45.8978733539658,-22.2078700074924,0 -45.8978571453739,-22.2078061197332,0 -45.8978455524277,-22.2077413670483,0 -45.89783862682649,-22.2076760382395,0 -45.8978363994518,-22.2076104246728,0 -45.8978388802315,-22.2075448189914,0 -45.89784605809481,-22.2074795137946,0 -45.8978579010216,-22.2074148003493,0 -45.8978699085905,-22.2073301976431,0 -45.89788293058459,-22.207245725151,0 -45.89789696537609,-22.2071613934151,0 -45.89791201121119,-22.207077212969,0 -45.8979280662093,-22.2069931943226,0 -45.89794512836441,-22.2069093479594,0 -45.89796319554439,-22.2068256843556,0 -45.8979912929471,-22.2067234779812,0 -45.8980227004032,-22.2066221105505,0 -45.8980573891127,-22.2065216749815,0 -45.8980953272675,-22.2064222633586,0 -45.89813648008119,-22.206323966812,0 -45.8981808098203,-22.2062268754536,0 -45.8982282758391,-22.206131078296,0 -45.89839927012989,-22.2057745745253,0 -45.89862381255049,-22.2052654694961,0 -45.89884465693481,-22.2046786057923,0 -45.898986647038,-22.204292450878,0 -45.8992078504414,-22.2037624056963,0 -45.8992928030612,-22.2034990603794,0 -45.89930804754919,-22.203423373619,0 -45.89932339476399,-22.2033477048681,0 -45.8993388446804,-22.2032720542386,0 -45.8993543972739,-22.2031964218586,0 -45.8993700525194,-22.2031208078469,0 -45.8993858103917,-22.2030452123209,0 -45.8994016708654,-22.2029696354077,0 -45.8994245439979,-22.2029037379232,0 -45.8994506530116,-22.2028388916703,0 -45.8994799424581,-22.2027752343468,0 -45.8995123501361,-22.2027129011345,0 -45.89954780722261,-22.202652024401,0 -45.8995862384196,-22.202592733417,0 -45.8996275621134,-22.2025351540894,0 -45.8995747324439,-22.2025123046959,0 -45.8994472022181,-22.2024572271502,0 -45.8993196695812,-22.202402151967,0 -45.89919788859149,-22.2023430652514,0 -45.8990843737011,-22.2022875486647,0 -45.8988402173925,-22.2021681634314,0 -45.89836903271619,-22.2019377436856,0 -45.89828544618619,-22.2018899205673,0 -45.8982018597119,-22.201842097404,0 -45.8980442331154,-22.2017526314358,0 -45.897886606715,-22.2016631653073,0 -45.8951437027733,-22.199303738078,0 -45.8924694940566,-22.1986684792752,0 -45.89262395289281,-22.1991832931291,0 -45.89497849274069,-22.2009698937854,0 -45.8960198450439,-22.2025247097866,0 -45.8971981887052,-22.2039682081734,0 -45.8972521906906,-22.2043757864024,0 -45.8966010172841,-22.2060041049107,0 -45.8960009713888,-22.2063279643651,0 -45.89537686485329,-22.2063415322046,0 -45.8945896096053,-22.2069473136595,0 -45.89442183807471,-22.207516957612,0 -45.8944131222303,-22.2081377098171,0 -45.8931069475165,-22.2104118294024,0 -45.8915362365688,-22.2108502792073,0 -45.89132998415051,-22.2122563446587,0 -45.8915961282543,-22.2128753544876,0 -45.88821968963349,-22.2163721380487,0 -45.8875340077827,-22.2167461882061,0 -45.88730433305539,-22.217609192628,0 -45.8866547621356,-22.2175368124751,0 -45.88398085735439,-22.2178413411361,0 -45.8830429805154,-22.2194431014651,0 -45.87822149935209,-22.2172846757229,0 -45.8769182138759,-22.2174297435533,0 -45.8767819237414,-22.2169868088973,0 -45.8758595676257,-22.2161227222666,0 -45.87588563189661,-22.214659123224,0 -45.86969869400001,-22.221480749,0 -45.870086162,-22.22142775,0 -45.870256,-22.2214579966939,0 -45.87046999999999,-22.2216499966938,0 -45.870647,-22.2218429966937,0 -45.870848,-22.2220229966937,0 -45.87101200000001,-22.2221819966937,0 -45.87128599999999,-22.2222689966937,0 -45.871562,-22.2224599966937,0 -45.8715369650484,-22.2224186523062,0 -45.8707130121564,-22.221367604154,0 -45.8711212851432,-22.2208712545034,0 -45.8723547769693,-22.2202678691635,0 -45.8731059861901,-22.22146160089,0 -45.8738319366462,-22.2213090111152,0 -45.8741133902886,-22.2212727101174,0 -45.8741432100497,-22.221272232735,0 -45.8743966131523,-22.2212939627943,0 -45.8745211640803,-22.2213151401509,0 -45.8746447007943,-22.2213409589259,0 -45.87477963934351,-22.2213650718592,0 -45.87491693366769,-22.2213701190493,0 -45.8752217798991,-22.2213701958727,0 -45.875584162974,-22.2213866009613,0 -45.8759440925205,-22.2214290920503,0 -45.8762739389217,-22.2214533064217,0 -45.8766022936089,-22.2214912211729,0 -45.8768985158177,-22.2215255798675,0 -45.8771963101209,-22.221544840783,0 -45.8772755390514,-22.2215445666771,0 -45.8775412971511,-22.2215414110305,0 -45.8778861612232,-22.2215321768278,0 -45.8780748312061,-22.2215250397371,0 -45.8781285991618,-22.2215252457019,0 -45.87837073294881,-22.2215385047531,0 -45.8787704718309,-22.2215781716006,0 -45.8791702108983,-22.2216178374579,0 -45.8795410214563,-22.2216471797853,0 -45.8799118321371,-22.2216765212623,0 -45.8809262326666,-22.2217427585234,0 -45.8811022596978,-22.2217471351494,0 -45.8812782867329,-22.2217515115847,0 -45.8815115511312,-22.2214909849261,0 -45.8816679518324,-22.2213418440924,0 -45.88174360172399,-22.221276450099,0 -45.88182138883529,-22.221213267137,0 -45.8819012386536,-22.2211523557237,0 -45.8819830746905,-22.221093774208,0 -45.8820668185551,-22.2210375787042,0 -45.88215239002979,-22.2209838230349,0 -45.8822397071466,-22.2209325586973,0 -45.8823506669274,-22.220866100844,0 -45.88246105758329,-22.2207988264401,0 -45.88257087218309,-22.220730739711,0 -45.8826801038319,-22.2206618449327,0 -45.8827887456714,-22.2205921464339,0 -45.8828967908805,-22.2205216485829,0 -45.8830042326754,-22.220450355817,0 -45.8830833038688,-22.2203916112251,0 -45.8831586318767,-22.2203287466793,0 -45.8832299694283,-22.2202619685384,0 -45.88329708235311,-22.2201914960111,0 -45.8833597503497,-22.2201175604392,0 -45.88341776770869,-22.2200404045208,0 -45.88347094398801,-22.2199602815344,0 -45.88349968262339,-22.2199173137372,0 -45.8835272094083,-22.2198736635118,0 -45.88355350566231,-22.2198293604742,0 -45.88357855354129,-22.2197844346989,0 -45.8836023360475,-22.2197389166685,0 -45.8836248370423,-22.2196928372753,0 -45.883646041257,-22.2196462277916,0 -45.8836519426242,-22.2196340170071,0 -45.8836579096962,-22.2196218339377,0 -45.8836639423224,-22.2196096788859,0 -45.8836700403513,-22.2195975521614,0 -45.8836762036295,-22.219585454071,0 -45.8836824320017,-22.2195733849116,0 -45.8836887253116,-22.219561344994,0 -45.8838265706693,-22.2193188444434,0 -45.88404256270891,-22.2190106412392,0 -45.8842999907678,-22.2187504275152,0 -45.88461208969411,-22.218548641566,0 -45.8850152283247,-22.2184042427049,0 -45.8854425747394,-22.2183457478111,0 -45.8858917793193,-22.2183456515766,0 -45.8866619407331,-22.2183630469915,0 -45.8873140235745,-22.2183642802803,0 -45.8877966769742,-22.2183759206661,0 -45.8880251976968,-22.2183818553762,0 -45.8882537184265,-22.2183877897647,0 -45.88852581055921,-22.2183874786108,0 -45.8887979026735,-22.2183871670019,0 -45.88947312932531,-22.2184122041071,0 -45.8898893263197,-22.2184293054603,0 -45.8903051443333,-22.218453092682,0 -45.890615708666,-22.2184784034572,0 -45.8909601871048,-22.2185235824067,0 -45.8910976708805,-22.2185512852195,0 -45.8912748393366,-22.218612676386,0 -45.89154966090501,-22.2187808810059,0 -45.891828987421,-22.2190035080608,0 -45.8920559217011,-22.2192728732687,0 -45.8921718805639,-22.2194756366326,0 -45.89225358762769,-22.219692390997,0 -45.89229312137,-22.2198299487727,0 -45.8923067659098,-22.2199696916248,0 -45.89230447450671,-22.2200220167232,0 -45.8923115970635,-22.2203350800491,0 -45.8923158009568,-22.2205931903,0 -45.8923200048834,-22.2208513005422,0 -45.8922947056625,-22.2213151306833,0 -45.8922859912449,-22.221591767382,0 -45.89230642190699,-22.2219555440781,0 -45.89233418392871,-22.222119981513,0 -45.89239828870749,-22.2222753693563,0 -45.89248654269021,-22.2224707071965,0 -45.8925855615578,-22.2226615193183,0 -45.89274058540169,-22.2228378686291,0 -45.89289333197329,-22.2230159323969,0 -45.89323501821419,-22.2232501137216,0 -45.8936071046338,-22.2234399318885,0 -45.8938102157077,-22.2235063374966,0 -45.8940235404649,-22.2235332187663,0 -45.89420299697939,-22.22352217829,0 -45.8942847461978,-22.2235206399432,0 -45.89438284398669,-22.2235216683711,0 -45.8945583504058,-22.2235261122703,0 -45.8946167269277,-22.2235251931436,0 -45.8948500342747,-22.2235095238087,0 -45.8952956908672,-22.2234782467197,0 -45.8956114182619,-22.2234909215649,0 -45.8958101133083,-22.2235138157813,0 -45.89613901377911,-22.2236097874856,0 -45.896435626096,-22.2237732459715,0 -45.896623732844,-22.2238917229126,0 -45.8968610897526,-22.2240804347876,0 -45.8970984472929,-22.2242691462909,0 -45.8972726012721,-22.2244056309241,0 -45.8973995787576,-22.2245051430043,0 -45.8974711656935,-22.2245660990379,0 -45.897495182209,-22.2245896355419,0 -45.8975797834891,-22.2246728192128,0 -45.897712811639,-22.2248035229492,0 -45.89794280390831,-22.2250389319205,0 -45.898152831704,-22.2252402507445,0 -45.8983277201097,-22.2254100847229,0 -45.8985869762453,-22.2256665923994,0 -45.8988185098372,-22.2258849632047,0 -45.898993137218,-22.2260581434391,0 -45.89917491700669,-22.226224821935,0 -45.89934612416369,-22.2263464192943,0 -45.89951019241759,-22.2264762682049,0 -45.89959977455791,-22.2265580916466,0 -45.8996502769208,-22.2266174699532,0 -45.8996763248369,-22.2266535100181,0 -45.8997771922224,-22.2268691949318,0 -45.89987707918289,-22.2272414556041,0 -45.8999407051374,-22.2274443895809,0 -45.9000208105175,-22.2276422001808,0 -45.90013737825309,-22.2278622409997,0 -45.90025212341839,-22.2280831107137,0 -45.90031957772651,-22.2282046934753,0 -45.9003513620708,-22.2283383002326,0 -45.9003695025133,-22.2285925337465,0 -45.9003731417584,-22.2287440957538,0 -45.90038635090039,-22.2290343984255,0 -45.9004159844759,-22.2292198844172,0 -45.9004194010841,-22.2292712544809,0 -45.9004052790222,-22.2293832951728,0 -45.9005092168547,-22.2299153284739,0 -45.9005164622006,-22.2299878993831,0 -45.90052371840649,-22.2300605789779,0 -45.900582341417,-22.2301771468609,0 -45.900700319012,-22.2302442461044,0 -45.9007491250159,-22.2302529379978,0 -45.9008684474162,-22.2303471100274,0 -45.9009610406565,-22.2305693102878,0 -45.9010125360462,-22.2308027751734,0 -45.901047917668,-22.231138903275,0 -45.9010579440787,-22.2314112028587,0 -45.9010835836772,-22.2317932300111,0 -45.90111335785931,-22.2321096363838,0 -45.9012389855447,-22.2323734966059,0 -45.90134780073799,-22.2326437532769,0 -45.9014132551325,-22.2328175456921,0 -45.9014450669217,-22.2329993150365,0 -45.9014526905984,-22.2331904916237,0 -45.9014486074914,-22.2333626080167,0 -45.901406035723,-22.2337237475799,0 -45.9013906396455,-22.2339554243608,0 -45.9013877842511,-22.234136428475,0 -45.901388430952,-22.2341875350083,0 -45.9014466329326,-22.2343544980718,0 -45.90151890794949,-22.2345166250459,0 -45.90168722249589,-22.2348802966689,0 -45.901813777378,-22.2352583572245,0 -45.90190779471829,-22.235603034289,0 -45.90191801640999,-22.2356719652633,0 -45.9019322332381,-22.2358851317149,0 -45.9019311994374,-22.2359579831819,0 -45.9019547862987,-22.2362167703884,0 -45.9019569198235,-22.2363067774127,0 -45.90195246848261,-22.2364764785859,0 -45.9019508221115,-22.2365753974729,0 -45.9019551979075,-22.2366993570442,0 -45.9019810266571,-22.236920949142,0 -45.902065483726,-22.2371402406008,0 -45.9022019079064,-22.2373355358574,0 -45.9024040718995,-22.2375939190587,0 -45.9026031643122,-22.2378543613622,0 -45.9027328783806,-22.2380295669514,0 -45.9028595526379,-22.2382066898115,0 -45.9030634610059,-22.2383363235955,0 -45.9032998868708,-22.2384026198924,0 -45.9036109058499,-22.2384594740525,0 -45.90392192505781,-22.2385163276089,0 -45.9040054529758,-22.2385361434512,0 -45.9040889809157,-22.2385559592497,0 -45.9041792020298,-22.2385637998493,0 -45.9042124502787,-22.2385624995004,0 -45.9042573320579,-22.2385571108763,0 -45.90441476355061,-22.2385015726034,0 -45.9046774511599,-22.2384062887942,0 -45.9049529142975,-22.2383504291694,0 -45.9053254770329,-22.2382981029435,0 -45.9055136277001,-22.2382907591214,0 -45.9057022490324,-22.2382960309094,0 -45.906095959944,-22.2383562483218,0 -45.9064786138886,-22.2384614440567,0 -45.9066672990691,-22.2385307629717,0 -45.9068545809468,-22.2386362234521,0 -45.9070661959446,-22.2387685340097,0 -45.9072925943803,-22.2388775939121,0 -45.9074562810842,-22.2389263195085,0 -45.90758863102889,-22.2389660514911,0 -45.9078841964301,-22.2390558649118,0 -45.9079649043507,-22.2390821533834,0 -45.9081495930728,-22.2391404477715,0 -45.90841671304529,-22.2392201909132,0 -45.9087021967928,-22.2393080027253,0 -45.9089928645375,-22.2393795737884,0 -45.90919418111711,-22.2394276250191,0 -45.90939805136949,-22.2394652039399,0 -45.9094601734205,-22.2394570992217,0 -45.9095028583856,-22.2394604783059,0 -45.9095995160999,-22.2394984946187,0 -45.909821572212,-22.2396446981441,0 -45.9100409934525,-22.2397943099714,0 -45.9102479002858,-22.2399099151115,0 -45.91045738189671,-22.240021429411,0 -45.9107664900017,-22.2402088464853,0 -45.9110901918668,-22.2403735329081,0 -45.9113047362997,-22.2404751941246,0 -45.91151664869899,-22.2405815324599,0 -45.91173493889211,-22.2407130275685,0 -45.9119089398719,-22.2408928848139,0 -45.9119932033319,-22.2411000527954,0 -45.9119983997083,-22.2411665701804,0 -45.9119733269741,-22.2413208009204,0 -45.9118982409469,-22.2415330709256,0 -45.9118488048156,-22.2417517639302,0 -45.9118317300809,-22.2418996479161,0 -45.9118362130343,-22.2419698285296,0 -45.91190086904631,-22.2421797491281,0 -45.9120270543697,-22.2424278665703,0 -45.9121586893007,-22.2426735180759,0 -45.91237401487259,-22.2429744286417,0 -45.912604139369,-22.2432656919741,0 -45.912784144099,-22.2434873383543,0 -45.9129460391337,-22.2437207758852,0 -45.9130802686354,-22.2439452907146,0 -45.9131646972156,-22.2441899208287,0 -45.9132548898768,-22.244444629051,0 -45.9133446094893,-22.2446994820516,0 -45.9134713229797,-22.2449324008125,0 -45.9136473830033,-22.2451356331028,0 -45.9138374675074,-22.2453662513896,0 -45.91402012542829,-22.2456020135901,0 -45.9142099529952,-22.2458683803051,0 -45.9143891692277,-22.2461410430246,0 -45.91441228036991,-22.2462873908768,0 -45.9144136894349,-22.246435305855,0 -45.9144312193334,-22.2466053207551,0 -45.9144631430751,-22.246773511733,0 -45.9144483224822,-22.2468652291262,0 -45.9144376044598,-22.2469147809212,0 -45.91439722376229,-22.2470530167249,0 -45.9142764976793,-22.2473315917973,0 -45.9142019102632,-22.2474348325285,0 -45.9142011471235,-22.2474356110319,0 -45.91440108806331,-22.2475959967474,0 -45.9145953657768,-22.2477534411092,0 -45.9147298154476,-22.2479104088985,0 -45.9143547199178,-22.2482638759842,0 -45.9139796225061,-22.2486173422527,0 -45.91390006521551,-22.2486273198856,0 -45.9138205079121,-22.24863729748,0 -45.91367611377489,-22.2486227522963,0 -45.9135311843068,-22.2486154367666,0 -45.9133859123885,-22.2486151691368,0 -45.9132408813936,-22.2486221267985,0 -45.91309647827821,-22.2486361269098,0 -45.91295309175599,-22.2486572576244,0 -45.9128110123326,-22.2486854269794,0 -45.9126708222124,-22.2487206317097,0 -45.91253281073299,-22.2487625991923,0 -45.9123973660268,-22.2488113272544,0 -45.91226487505761,-22.2488666330616,0 -45.9122003002315,-22.2488975285992,0 -45.9121357253763,-22.2489284241119,0 -45.91201020632839,-22.2489964277859,0 -45.9119451584541,-22.2490217251273,0 -45.9118833537354,-22.2490533276783,0 -45.91182556612899,-22.2490908697621,0 -45.9117723749339,-22.24913389646,0 -45.91172435945149,-22.2491819528535,0 -45.9116820984012,-22.249234493693,0 -45.9116460728823,-22.2492908839414,0 -45.9116166669588,-22.2493504891056,0 -45.91159426528121,-22.2494127650237,0 -45.91157905608749,-22.2494768072952,0 -45.9115712293709,-22.2495419825136,0 -45.9115708780872,-22.2496076578153,0 -45.9115780934387,-22.2496729293415,0 -45.9116154691139,-22.2498925943893,0 -45.9116528449186,-22.2501122594187,0 -45.91164750554629,-22.2501719102679,0 -45.91163536762889,-22.2502306959016,0 -45.91161671818081,-22.2502879823658,0 -45.9115916501406,-22.2503431367944,0 -45.9115604505249,-22.2503955252321,0 -45.9115235033908,-22.2504445131787,0 -45.91148119396641,-22.2504896467967,0 -45.9114341009747,-22.2505303808286,0 -45.9113826096478,-22.2505662614366,0 -45.9113272992974,-22.2505968336949,0 -45.9108868817069,-22.2507857533509,0 -45.9108106628087,-22.2508094868425,0 -45.9107367131631,-22.2508389890048,0 -45.91066580790609,-22.2508740748285,0 -45.910598139942,-22.2509145625675,0 -45.9105343862031,-22.2509600870949,0 -45.9104748366362,-22.2510104661216,0 -45.9104200699711,-22.251065154402,0 -45.910370279119,-22.2511239701911,0 -45.9103259457751,-22.251186368787,0 -45.9102873587258,-22.2512519872378,0 -45.9102547091363,-22.2513203728031,0 -45.9102282852126,-22.2513910721986,0 -45.9102082775388,-22.2514635423516,0 -45.910208771732,-22.2515400082782,0 -45.9100301793616,-22.2524161766187,0 -45.90964888822081,-22.2534159850407,0 -45.9096465940542,-22.2535521245144,0 -45.90884398561721,-22.2552416441136,0 -45.90782709247551,-22.2558462812133,0 -45.9037440786543,-22.2567916219536,0 -45.9009447309739,-22.258046465424,0 -45.89973642351551,-22.2603598475958,0 -45.8974838720641,-22.2652408215796,0 -45.8973078707533,-22.2684261947639,0 -45.8963719095841,-22.2723953935954,0 -45.89668977112039,-22.2749492033689,0 -45.89748632176169,-22.276246758471,0 -45.8972058955837,-22.2770815680073,0 -45.8947691513579,-22.2779202729897,0 -45.8960648071945,-22.2835874189004,0 -45.89771576815999,-22.2844940955672,0 -45.899474002478,-22.2855304364652,0 -45.8998323761762,-22.2879917171636,0 -45.898660451677,-22.2898704367513,0 -45.8936536565885,-22.2906203983051,0 -45.89256439113419,-22.2916714713886,0 -45.888307855786,-22.292982675758,0 -45.88537205803271,-22.2949629424235,0 -45.8829702003246,-22.2947224859077,0 -45.8821357988854,-22.2939043939886,0 -45.8819344659343,-22.293650953951,0 -45.8817325839869,-22.2933968211011,0 -45.88073939232739,-22.2918562733355,0 -45.8799311809537,-22.2909468011861,0 -45.878803030217,-22.2902942313648,0 -45.87843964786871,-22.2910190644805,0 -45.8766619571512,-22.2926503344256,0 -45.8752746744965,-22.2943786327539,0 -45.8755559931676,-22.2968713268526,0 -45.8762649783764,-22.2971139112682,0 -45.877709706621,-22.2966770549026,0 -45.8777656803657,-22.2966768057165,0 -45.8795904907415,-22.2956771211036,0 -45.88082055753931,-22.2956092591935,0 -45.8835911148583,-22.3009839314356,0 -45.8853256956011,-22.3018532678086,0 -45.8892399153965,-22.2998941488273,0 -45.8906180552676,-22.2977820957886,0 -45.89373952886249,-22.2987964367011,0 -45.89550209069971,-22.3008116006433,0 -45.8941218837183,-22.3033705366079,0 -45.8936860311366,-22.3041695455415,0 -45.8927306104518,-22.308215973419,0 -45.8922488611982,-22.3109667795912,0 -45.8922417229671,-22.3111726457542,0 -45.8922345847266,-22.3113785119124,0 -45.89221232366769,-22.3115191495044,0 -45.8921900625695,-22.3116597870924,0 -45.89219341024,-22.3116977091153,0 -45.8922026747162,-22.3117347855791,0 -45.89221775318119,-22.3117701137046,0 -45.8922382532947,-22.3118030633079,0 -45.89226378156719,-22.3118328235424,0 -45.8922936538367,-22.3118586754946,0 -45.892327381825,-22.311880170177,0 -45.8923641860075,-22.3118968602045,0 -45.8927591723186,-22.3119649665599,0 -45.8928320487156,-22.3119748183337,0 -45.8929782659762,-22.3119912220205,0 -45.89319873145989,-22.3120041904771,0 -45.8936917232362,-22.3120261359103,0 -45.8940291580669,-22.3118151521448,0 -45.8943361737127,-22.311622221643,0 -45.8945708588522,-22.3113750844227,0 -45.8947276550669,-22.3110793210749,0 -45.8947922209868,-22.3107422459973,0 -45.8948164338817,-22.3104006010508,0 -45.8948149303829,-22.3101646560313,0 -45.8948060177039,-22.3098757834118,0 -45.89480497261459,-22.309848424987,0 -45.8948033225879,-22.3098069664608,0 -45.8948015927653,-22.3097655107504,0 -45.89479978315229,-22.309724057989,0 -45.8947978937549,-22.309682608309,0 -45.89479592457899,-22.3096411618462,0 -45.894793875631,-22.3095997187286,0 -45.894791746918,-22.3095582790935,0 -45.8947919917447,-22.3094522351328,0 -45.894795457951,-22.3093462399883,0 -45.8948021427593,-22.3092403783606,0 -45.8948120408202,-22.3091347348575,0 -45.89482514421599,-22.3090293939059,0 -45.8948414424676,-22.3089244396891,0 -45.89486092254301,-22.3088199560845,0 -45.8948889286856,-22.3086940105861,0 -45.8949186552165,-22.3085684069558,0 -45.89495009731611,-22.3084431655313,0 -45.8949832498864,-22.3083183066053,0 -45.89501810755271,-22.3081938504043,0 -45.8950546646637,-22.3080698170822,0 -45.89509291529351,-22.3079462267362,0 -45.8954403163744,-22.3070390686256,0 -45.89572161797,-22.3063324557713,0 -45.8957996336722,-22.3061722936263,0 -45.895878062736,-22.3060123064168,0 -45.8959569047072,-22.305852495063,0 -45.896036159129,-22.3056928604876,0 -45.89611582554209,-22.3055334036166,0 -45.8961959034852,-22.3053741253662,0 -45.89627639249439,-22.3052150266584,0 -45.8964699653319,-22.3048643630155,0 -45.8965353685328,-22.3047834765738,0 -45.8966062700226,-22.3047067061348,0 -45.8966823714346,-22.3046343747487,0 -45.89676335252189,-22.304566786793,0 -45.8968488725051,-22.3045042266805,0 -45.8969385715068,-22.3044469576629,0 -45.89703207206541,-22.304395220737,0 -45.89729784009581,-22.304283181679,0 -45.8978807667386,-22.3040648702652,0 -45.8979746944728,-22.3040365127778,0 -45.8980702897566,-22.3040134802825,0 -45.8981672042851,-22.3039958566955,0 -45.8982650849474,-22.3039837062306,0 -45.8983635751129,-22.3039770731581,0 -45.89846231593069,-22.3039759816421,0 -45.8985609476366,-22.3039804356648,0 -45.8986122966717,-22.3039698132653,0 -45.8986628492766,-22.3039562815743,0 -45.8987124152747,-22.3039398914964,0 -45.8987608082011,-22.3039207046878,0 -45.8988078460042,-22.3038987933352,0 -45.89885335173059,-22.3038742398604,0 -45.8988971541908,-22.3038471366374,0 -45.89899104672119,-22.3037964154169,0 -45.89904597437981,-22.303695092277,0 -45.8995702090995,-22.3027714986301,0 -45.8998367330516,-22.3022781500769,0 -45.8998636041594,-22.3022163746919,0 -45.8998863410834,-22.3021531783189,0 -45.8999048577304,-22.3020888002577,0 -45.8999190839884,-22.3020234842955,0 -45.8999289659925,-22.3019574777702,0 -45.8999344663285,-22.3018910306214,0 -45.8999355641745,-22.3018243944759,0 -45.8998873733945,-22.3012725382203,0 -45.8998863986292,-22.3012432207957,0 -45.8998869748644,-22.3012138942457,0 -45.89988910070421,-22.3011846295753,0 -45.8998927710002,-22.3011554976442,0 -45.8998979768647,-22.3011265689869,0 -45.8999047056918,-22.3010979136472,0 -45.8999129411887,-22.3010696010095,0 -45.9002584830478,-22.301054846838,0 -45.9007951199289,-22.3009204363,0 -45.901101451627,-22.3007773620008,0 -45.90113340044719,-22.3007542757885,0 -45.9011659972052,-22.3007319876942,0 -45.9011992188817,-22.3007105134532,0 -45.9012330420165,-22.3006898682297,0 -45.9012674427245,-22.3006700666054,0 -45.9013023967134,-22.3006511225603,0 -45.9013378792996,-22.3006330494758,0 -45.9025180309005,-22.3000264884893,0 -45.9028200029819,-22.29985516064,0 -45.9030070855494,-22.2997362592799,0 -45.903184522164,-22.2996051784826,0 -45.9033513989828,-22.2994625933631,0 -45.9035068565575,-22.2993092382978,0 -45.90365009426191,-22.2991459031231,0 -45.9037803744142,-22.298973429076,0 -45.9038970260764,-22.2987927044581,0 -45.9039544365754,-22.2986815890837,0 -45.90401009860889,-22.2985697060185,0 -45.90406400033,-22.2984570790857,0 -45.9041161302658,-22.2983437322648,0 -45.9041664773212,-22.2982296896916,0 -45.9042150307809,-22.2981149756429,0 -45.9042617803113,-22.2979996145512,0 -45.9047271740046,-22.2968712741358,0 -45.9048358660407,-22.2966101439195,0 -45.9048654411412,-22.2965443420302,0 -45.904896772496,-22.2964792478061,0 -45.9049298405683,-22.2964149018259,0 -45.9049646247386,-22.2963513442128,0 -45.9050011033181,-22.2962886145903,0 -45.90503925356099,-22.296226752066,0 -45.9050790516798,-22.2961657952136,0 -45.90508071320299,-22.296163323308,0 -45.90540576782241,-22.295763242606,0 -45.9055767487086,-22.2955878078061,0 -45.90574772916939,-22.2954123728365,0 -45.9058904544613,-22.2952639219109,0 -45.9062232289353,-22.2948840880582,0 -45.9064976707175,-22.2945280140977,0 -45.9066199347216,-22.2943540505998,0 -45.9067079562364,-22.2942200143614,0 -45.90655718155719,-22.2942565259352,0 -45.9064220973718,-22.2943287511296,0 -45.9063549718686,-22.2943739318616,0 -45.9062878463218,-22.2944191125671,0 -45.906031368161,-22.2945328268147,0 -45.90578689715031,-22.2945660931337,0 -45.9054510562773,-22.2945245911131,0 -45.9051643484263,-22.2944373974698,0 -45.9049566836425,-22.2943503893164,0 -45.9047490191077,-22.2942633808877,0 -45.9045273718917,-22.2941445895875,0 -45.90432678609249,-22.2939968993021,0 -45.9042535249333,-22.2938940835046,0 -45.9041904957579,-22.2937855536442,0 -45.90405432208509,-22.2935771882392,0 -45.90395400697719,-22.2934077343908,0 -45.9038755060092,-22.2932285902623,0 -45.9038131831123,-22.2930168322505,0 -45.9037508604145,-22.2928050742031,0 -45.9036699393388,-22.2924559759174,0 -45.903589018697,-22.2921068775632,0 -45.9035070693265,-22.2917430748904,0 -45.9034812049072,-22.2914316591023,0 -45.90347141495221,-22.2912736699703,0 -45.9034783196145,-22.2911167281149,0 -45.9035232739944,-22.2908643326249,0 -45.9035463250196,-22.2906810840922,0 -45.90355294962,-22.2904966870626,0 -45.9042948669126,-22.2882242612256,0 -45.9050419420976,-22.2874046206173,0 -45.9059790267145,-22.286688363457,0 -45.90653380643219,-22.286331850169,0 -45.90713209898951,-22.2855643104597,0 -45.907289259484,-22.2842223877422,0 -45.9071654294486,-22.2829964266025,0 -45.906651680642,-22.2808147910692,0 -45.9064627507412,-22.2804767003434,0 -45.90645670779411,-22.279508026185,0 -45.90643915049071,-22.2786513033937,0 -45.90599262309571,-22.2783281379253,0 -45.9053482467493,-22.2778744930662,0 -45.9060563043017,-22.2772446719416,0 -45.9074233164653,-22.2759822021331,0 -45.9076979125706,-22.2757286342299,0 -45.91187770912401,-22.2741595948866,0 -45.91217158652569,-22.2739476007593,0 -45.9124654630333,-22.2737356061245,0 -45.91253588893531,-22.2736848038037,0 -45.91270746123391,-22.2735610299931,0 -45.91287903322771,-22.2734372560096,0 -45.9128948410445,-22.2734502656432,0 -45.9129826055516,-22.2733866736846,0 -45.9130703699786,-22.2733230816808,0 -45.9130759575065,-22.2733166365223,0 -45.913080278637,-22.2733094758083,0 -45.91308343159691,-22.2733017796555,0 -45.9130852234504,-22.2732937298175,0 -45.9130856553702,-22.2732855069567,0 -45.9130795580281,-22.272817112077,0 -45.9130734607873,-22.272348717169,0 -45.9130974884319,-22.2722075700322,0 -45.9131520830445,-22.2721701807972,0 -45.91337835802319,-22.2721157465933,0 -45.91345803499999,-22.2720922631994,0 -45.91353771194881,-22.2720687797671,0 -45.9136960764555,-22.2720189276519,0 -45.91373659313511,-22.2719957999301,0 -45.9137771098012,-22.2719726721986,0 -45.9138162062716,-22.2719475650907,0 -45.9138553027278,-22.2719224579739,0 -45.9138928819338,-22.2718953720282,0 -45.9139464244011,-22.2718554289344,0 -45.9140022955917,-22.271810429136,0 -45.91407742357269,-22.2717366547727,0 -45.9141496228583,-22.2716602771623,0 -45.9142370815325,-22.2715573456406,0 -45.9143210297332,-22.271451904473,0 -45.9144011763053,-22.2713439553037,0 -45.9145694650854,-22.2710740821808,0 -45.91463615104221,-22.2709559105745,0 -45.91469952653031,-22.2708361315665,0 -45.9147894897593,-22.2706408638808,0 -45.9149130010941,-22.2703808180635,0 -45.91500021104969,-22.2701801457106,0 -45.9151422780454,-22.2699080710498,0 -45.9152617009693,-22.269706042715,0 -45.91533365649241,-22.2695924481989,0 -45.91540853461719,-22.2694805535352,0 -45.91551283645139,-22.2693413023342,0 -45.9155759945154,-22.2692479922133,0 -45.9156362297859,-22.2691529821917,0 -45.9156609639778,-22.2691059591935,0 -45.9156815137762,-22.2690572434272,0 -45.91569768743359,-22.2690071973129,0 -45.9157093890787,-22.2689560020611,0 -45.9157443457178,-22.2688094632213,0 -45.9157699374563,-22.2687450911634,0 -45.91580078286561,-22.2686826768382,0 -45.91583649608701,-22.2686225837561,0 -45.9158770800555,-22.2685652635696,0 -45.91592214773939,-22.2685108991266,0 -45.9160752061786,-22.2683474340241,0 -45.91612687317329,-22.2682930323085,0 -45.91617395580461,-22.2682351333922,0 -45.91621890269311,-22.2681771561754,0 -45.9162689208849,-22.2681229443858,0 -45.91634748545601,-22.2680557440556,0 -45.916428493277,-22.2679911496027,0 -45.9165761288044,-22.2678893227185,0 -45.91674259901379,-22.2678033785993,0 -45.9168430973346,-22.2677808601178,0 -45.9171056702572,-22.2677277065649,0 -45.91723482893909,-22.267709723415,0 -45.9173645022794,-22.267696253977,0 -45.91749468970131,-22.2676872079181,0 -45.9176251977052,-22.2676826766644,0 -45.91784265178319,-22.2676908428622,0 -45.9180598494935,-22.2677043399462,0 -45.9182765955813,-22.2677229883517,0 -45.9185252078476,-22.2677466053351,0 -45.91877409658931,-22.267767962012,0 -45.9190525550854,-22.2677844536156,0 -45.9192081829174,-22.2677921547681,0 -45.9192158121494,-22.2677920386816,0 -45.9192160260169,-22.26780421519,0 -45.9192269956627,-22.2678046047844,0 -45.9192879551171,-22.2678060664876,0 -45.9193636942731,-22.2678076329915,0 -45.9194312004783,-22.2678033004795,0 -45.9195118341087,-22.2677874551082,0 -45.9195788891151,-22.2677715591386,0 -45.91964654700179,-22.2677580564761,0 -45.919925340783,-22.2677515997553,0 -45.9199893440136,-22.2677287440156,0 -45.9202740956182,-22.2676983595182,0 -45.9205588470804,-22.2676679745257,0 -45.9206564542368,-22.2676974605112,0 -45.9206807489312,-22.2677128121448,0 -45.92073144605829,-22.2677626603472,0 -45.9210596956152,-22.2680834736445,0 -45.92138794667161,-22.268404286215,0 -45.9222871162452,-22.2692571784246,0 -45.9223227566187,-22.269292060941,0 -45.922396575694,-22.2692267217994,0 -45.9228136729258,-22.2688947710857,0 -45.9239265937472,-22.2682710758051,0 -45.9241914123351,-22.2673919520887,0 -45.9241301679038,-22.2660717473793,0 -45.924016259536,-22.2648881066783,0 -45.9242959991714,-22.2645962478119,0 -45.9252679294755,-22.2638374092643,0 -45.92526520381599,-22.2638287614123,0 -45.92525378305299,-22.2638238662747,0 -45.9252427404616,-22.2638182696527,0 -45.9252321257039,-22.2638119967124,0 -45.9252219865182,-22.2638050756686,0 -45.9252123685039,-22.2637975376491,0 -45.92520331491631,-22.2637894165508,0 -45.9251948664724,-22.2637807488976,0 -45.9251870611675,-22.2637715736757,0 -45.9251799341049,-22.2637619321435,0 -45.9251735173369,-22.2637518676639,0 -45.92516783972219,-22.2637414255026,0 -45.9247721758097,-22.2629310307283,0 -45.9242495363501,-22.2619373461199,0 -45.923698209599,-22.26087453614,0 -45.923581437903,-22.2606493640481,0 -45.923684659476,-22.2604512159973,0 -45.92370612791331,-22.2604099918095,0 -45.92425371140551,-22.2597352418088,0 -45.9249388982337,-22.2588971952961,0 -45.9259120526835,-22.2577253459583,0 -45.9260263423399,-22.2575877477905,0 -45.9260532015462,-22.2575622418359,0 -45.9260761595401,-22.2575336246052,0 -45.9261027480526,-22.2574851060267,0 -45.9261181954078,-22.2574325718889,0 -45.9261571652155,-22.2572785103694,0 -45.9262282916291,-22.2569968941039,0 -45.9255095873654,-22.2568604417672,0 -45.925613497503,-22.2564794389204,0 -45.9258857340637,-22.2554202531154,0 -45.92607648252789,-22.2546759852281,0 -45.92616107114619,-22.2543461439923,0 -45.9264692928223,-22.2531526055185,0 -45.9266243137815,-22.2525440258701,0 -45.9269410656923,-22.25261258295,0 -45.9273579036902,-22.2525161000501,0 -45.9286815932798,-22.2522247110758,0 -45.9308897490244,-22.2517460436193,0 -45.93178934580221,-22.2515368444183,0 -45.9326231033146,-22.2509953651174,0 -45.93388196525731,-22.2501366457337,0 -45.9338948462563,-22.2501270826341,0 -45.9339079749173,-22.2501178159796,0 -45.93392134336919,-22.2501088513218,0 -45.933934943597,-22.2501001940381,0 -45.9339487674466,-22.2500918493185,0 -45.9339628066304,-22.2500838221653,0 -45.9339770527313,-22.2500761173925,0 -45.9339882671429,-22.2500703578012,0 -45.9339995972874,-22.2500647979533,0 -45.9340110390597,-22.2500594398585,0 -45.93402258831451,-22.2500542854606,0 -45.93403424086709,-22.2500493366251,0 -45.934045992496,-22.2500445951455,0 -45.9340578389434,-22.2500400627424,0 -45.9341734031839,-22.2500054603171,0 -45.9342895596174,-22.2499726211446,0 -45.93440627720071,-22.2499415539966,0 -45.93452352474051,-22.2499122671804,0 -45.93464127090209,-22.2498847685206,0 -45.9347594842175,-22.2498590653659,0 -45.9348781330941,-22.2498351645849,0 -45.9349324361162,-22.249828565232,0 -45.9349869984449,-22.2498241961373,0 -45.9350417144283,-22.2498220657575,0 -45.9350964781167,-22.2498221782203,0 -45.9351511834687,-22.2498245333107,0 -45.9352057245551,-22.2498291264616,0 -45.9352599957653,-22.2498359487845,0 -45.93662838930459,-22.2500132543387,0 -45.93724794711471,-22.2501367831785,0 -45.937978584153,-22.2501094428273,0 -45.938780763922,-22.2500128513326,0 -45.939643425743,-22.2499056985031,0 -45.9399513564102,-22.2498648936664,0 -45.9400413246586,-22.2498573272991,0 -45.94013157026379,-22.2498535942104,0 -45.9402219048498,-22.249853702193,0 -45.9403121398545,-22.2498576510202,0 -45.9404020869236,-22.2498654324498,0 -45.940491558304,-22.2498770302382,0 -45.94058036723569,-22.2498924201784,0 -45.9412809743947,-22.2500330796735,0 -45.9413713583493,-22.2500530906371,0 -45.9414613793606,-22.250074472381,0 -45.9415510134399,-22.2500972192029,0 -45.9416402367016,-22.2501213250442,0 -45.9417290253692,-22.250146783483,0 -45.9418173557821,-22.2501735877297,0 -45.9419052044021,-22.2502017306475,0 -45.94196444729921,-22.2502222680547,0 -45.9420224336906,-22.2502457079127,0 -45.94207899961319,-22.2502719839427,0 -45.94213398512031,-22.2503010218465,0 -45.942187234734,-22.2503327395178,0 -45.9422385978846,-22.2503670472676,0 -45.9422879293357,-22.2504038480916,0 -45.942371036012,-22.2504657409103,0 -45.9424518663796,-22.2505301931695,0 -45.9425303295166,-22.2505971323639,0 -45.9426063371639,-22.2506664832093,0 -45.9426798038236,-22.2507381676927,0 -45.9427506468558,-22.2508121051841,0 -45.9428187865712,-22.2508882125174,0 -45.9434126760215,-22.251510149385,0 -45.9437399261031,-22.2518901820404,0 -45.9437779092242,-22.251933510161,0 -45.94381510062979,-22.2519774293998,0 -45.943851489705,-22.2520219272153,0 -45.94388706606381,-22.252066990915,0 -45.943921819552,-22.2521126076361,0 -45.9439557402502,-22.2521587643559,0 -45.9439888184771,-22.2522054479059,0 -45.9440218012148,-22.2522627477915,0 -45.94405380892169,-22.2523205248372,0 -45.9440848336323,-22.2523787646615,0 -45.9441148676259,-22.2524374527774,0 -45.9441439034288,-22.2524965745836,0 -45.94417193381471,-22.2525561153641,0 -45.94419895180841,-22.2526160603094,0 -45.9442225025152,-22.252698541605,0 -45.9442410909901,-22.2527821140624,0 -45.9442546597331,-22.2528665192043,0 -45.9442631667693,-22.2529514959843,0 -45.9442665857788,-22.2530367815791,0 -45.9442649061777,-22.2531221122112,0 -45.94425813315171,-22.25320722397,0 -45.944240367253,-22.2533019239538,0 -45.94422142766209,-22.2533964266422,0 -45.9442013169026,-22.253490719426,0 -45.94418003765419,-22.2535847897299,0 -45.94415759275261,-22.2536786250087,0 -45.94413398518909,-22.2537722127477,0 -45.94410921811001,-22.2538655404637,0 -45.9440946263863,-22.2539326217232,0 -45.9440817630877,-22.2540000087716,0 -45.9440706355818,-22.2540676630218,0 -45.9440612502422,-22.2541355457398,0 -45.9440536124455,-22.2542036180585,0 -45.9440477265672,-22.2542718409993,0 -45.9440435959802,-22.2543401755012,0 -45.9440470319562,-22.2543940568101,0 -45.94405424437911,-22.2544476138002,0 -45.944065202401,-22.254500617373,0 -45.9440798591508,-22.2545528407957,0 -45.94409815193611,-22.2546040606726,0 -45.9441200025096,-22.2546540579012,0 -45.9441453174053,-22.2547026186116,0 -45.944173988337,-22.2547495350716,0 -45.9442058926627,-22.2547946065908,0 -45.94424719562979,-22.2548294223676,0 -45.94429098371229,-22.2548614990186,0 -45.94433704769551,-22.2548906832761,0 -45.9443851674902,-22.2549168357087,0 -45.9444351131843,-22.2549398313547,0 -45.94448664614131,-22.2549595603465,0 -45.9445395201407,-22.2549759284192,0 -45.9445934825544,-22.2549888573669,0 -45.9446482755531,-22.2549982854184,0 -45.94470363733981,-22.2550041675237,0 -45.944759303399,-22.2550064755817,0 -45.9448393564354,-22.2550136357545,0 -45.9449194587063,-22.2550203017973,0 -45.9449996066909,-22.2550264734125,0 -45.9450797968671,-22.2550321503332,0 -45.9451600257108,-22.2550373323062,0 -45.94524028969591,-22.2550420191033,0 -45.9453205852952,-22.2550462105245,0 -45.9453919981306,-22.2550650856013,0 -45.94546212359751,-22.2550877605411,0 -45.9455307285642,-22.2551141599607,0 -45.94559758495361,-22.2551441960991,0 -45.9456624705015,-22.2551777690972,0 -45.945725169495,-22.2552147673388,0 -45.9457854734904,-22.2552550678324,0 -45.9458984202354,-22.2553311218164,0 -45.9460098463977,-22.255409095162,0 -45.94611971433841,-22.2554889615264,0 -45.9462279869447,-22.255570693937,0 -45.9463346276426,-22.2556542647857,0 -45.9464396004091,-22.2557396458445,0 -45.9465428697846,-22.2558268082743,0 -45.9466001195034,-22.2558676022911,0 -45.9466551565804,-22.2559109546687,0 -45.94670784919879,-22.2559567615742,0 -45.9467580711566,-22.2560049133027,0 -45.9468057021689,-22.2560552945251,0 -45.9468506281552,-22.2561077845812,0 -45.9468927415141,-22.2561622577536,0 -45.94694461148221,-22.2562199382616,0 -45.946995154901,-22.2562786303223,0 -45.94704434900841,-22.2563383075038,0 -45.9470921716499,-22.2563989429318,0 -45.94713860128869,-22.2564605093032,0 -45.9471836170148,-22.2565229788923,0 -45.9472271985553,-22.2565863235689,0 -45.9472644921749,-22.2566396518408,0 -45.94729952799941,-22.2566942906859,0 -45.94733225294409,-22.2567501573144,0 -45.9473626174255,-22.2568071670879,0 -45.9473905754365,-22.2568652336357,0 -45.9474160846154,-22.2569242689732,0 -45.9474391063107,-22.2569841836675,0 -45.947475247699,-22.2570529093645,0 -45.94751079140139,-22.2571219046242,0 -45.9475457350969,-22.2571911649416,0 -45.9475800765035,-22.2572606857979,0 -45.9476138133788,-22.2573304626536,0 -45.9476469435196,-22.2574004909528,0 -45.9476794647624,-22.257470766126,0 -45.9477028389968,-22.2575174615719,0 -45.9477254639676,-22.2575644756953,0 -45.947747334661,-22.2576117980752,0 -45.9477684462308,-22.2576594182312,0 -45.9477887939988,-22.2577073256117,0 -45.94780837345601,-22.2577555096006,0 -45.9478271802636,-22.2578039595243,0 -45.9478559780111,-22.2578714005183,0 -45.9478862949386,-22.2579382621386,0 -45.9479181176054,-22.2580045147385,0 -45.9479514319032,-22.2580701289441,0 -45.94798622306251,-22.2581350756575,0 -45.9480224756586,-22.258199326083,0 -45.94806017361881,-22.2582628517335,0 -45.9481263246866,-22.2583459985356,0 -45.9481957648119,-22.2584267883323,0 -45.9482683971621,-22.2585051084541,0 -45.9483441204527,-22.2585808496835,0 -45.9484228290884,-22.2586539063953,0 -45.9485044133099,-22.2587241767034,0 -45.9485887593473,-22.2587915626191,0 -45.9486412798497,-22.2588235076629,0 -45.9486950842031,-22.2588535445414,0 -45.9487500924343,-22.258881628603,0 -45.9488062227807,-22.2589077181121,0 -45.9488633918116,-22.2589317742836,0 -45.9489215145527,-22.2589537613645,0 -45.9489805046117,-22.2589736466719,0 -45.9490549655411,-22.2589976260597,0 -45.9491290026177,-22.2590227168348,0 -45.9492025966975,-22.259048912506,0 -45.9492757287516,-22.2590762063006,0 -45.9493483798698,-22.2591045911642,0 -45.9494205312669,-22.259134059752,0 -45.94949216428671,-22.2591646044505,0 -45.9495633882883,-22.2591935246708,0 -45.94963430746741,-22.2592230868405,0 -45.9497049151465,-22.2592532881732,0 -45.9497752046773,-22.2592841258298,0 -45.9498451694412,-22.2593155969029,0 -45.94991480285081,-22.2593476984303,0 -45.94998409834939,-22.2593804273899,0 -45.9500807770754,-22.259426167193,0 -45.9501759515677,-22.2594745632542,0 -45.95026953761809,-22.2595255727466,0 -45.9503614524241,-22.2595791505445,0 -45.9504516146614,-22.2596352492424,0 -45.95053994455589,-22.2596938192022,0 -45.9506263639547,-22.2597548086117,0 -45.950707730715,-22.2598204997801,0 -45.95078813523401,-22.2598872096347,0 -45.950867562792,-22.2599549259604,0 -45.9509459988483,-22.2600236363616,0 -45.951023429044,-22.2600933282643,0 -45.9510998392038,-22.2601639889047,0 -45.95117521533929,-22.2602356053548,0 -45.9512229188824,-22.2602901856301,0 -45.9512679043964,-22.2603467301762,0 -45.9513100786549,-22.2604051218085,0 -45.9513493542572,-22.2604652395287,0 -45.951385649809,-22.2605269587551,0 -45.9514188900911,-22.2605901515821,0 -45.9514490062159,-22.260654687059,0 -45.9514760983097,-22.2607116539017,0 -45.95150254821869,-22.2607688816244,0 -45.951528353043,-22.2608263639534,0 -45.9515535099537,-22.2608840945877,0 -45.951578016193,-22.2609420672054,0 -45.9516018690739,-22.2610002754443,0 -45.9516250659818,-22.2610587129326,0 -45.9516339914932,-22.2610812536398,0 -45.95164439669901,-22.2611032377569,0 -45.9516562418112,-22.2611245812105,0 -45.95166948153631,-22.2611452023927,0 -45.95168406524751,-22.261165022445,0 -45.9516999371786,-22.2611839655831,0 -45.9517170366376,-22.2612019593672,0 -45.95173529823839,-22.2612189349883,0 -45.951754652151,-22.261234827538,0 -45.952778550176,-22.2618351622019,0 -45.95493352626249,-22.262869142927,0 -45.95596553413561,-22.2622857138671,0 -45.9571079453591,-22.2621500453465,0 -45.95772806158681,-22.2601658470977,0 -45.96120450926071,-22.2580861550222,0 -45.9647071077048,-22.2579630425723,0 -45.9647012780018,-22.2593574428753,0 -45.9655751820652,-22.2611358520323,0 -45.9688154724852,-22.2618497881634,0 -45.9704637570376,-22.2617873516021,0 -45.9725431782346,-22.2591247309486,0 -45.9735629033278,-22.258576630753,0 -45.97550917892859,-22.257921936707,0 -45.977130147338,-22.2569945113533,0 -45.9776874175094,-22.2555073250791,0 -45.9775607627502,-22.2529504266906,0 -45.9775503590303,-22.2524974922191,0 -45.9775476160915,-22.2522507981263,0 -45.9775464724814,-22.2520130498539,0 -45.9775624840526,-22.2517253135936,0 -45.9775871941344,-22.2515651584164,0 -45.97761881902549,-22.2514232805127,0 -45.9776179241181,-22.2512943611188,0 -45.9776137690105,-22.2511780447922,0 -45.97757744010781,-22.2511450124241,0 -45.97744874391341,-22.2510332473578,0 -45.9770884909242,-22.2507594283682,0 -45.9767929629818,-22.2505611582036,0 -45.9764698200801,-22.2504046128554,0 -45.97620557988629,-22.250320431332,0 -45.97592979352759,-22.2502794021072,0 -45.97558477004951,-22.2502440255694,0 -45.9753167092485,-22.2502681771685,0 -45.9748320101906,-22.2503650045688,0 -45.97435541911819,-22.2504920078713,0 -45.9739118250998,-22.2506002866406,0 -45.9734544868692,-22.2506318226201,0 -45.9730166316433,-22.250608021903,0 -45.9725780916527,-22.2506012068397,0 -45.9725299183057,-22.2506008978776,0 -45.9722038121028,-22.250630475068,0 -45.9718440957895,-22.2507310706829,0 -45.9714396926109,-22.2509011759414,0 -45.9710441262314,-22.2510884240563,0 -45.970721237313,-22.2512004728906,0 -45.9703808989824,-22.2512507399984,0 -45.9702059621064,-22.2512410473579,0 -45.9699617979276,-22.2512198974195,0 -45.96954583551859,-22.2511631316731,0 -45.9692179225415,-22.2510739992274,0 -45.9689025490337,-22.2509517931485,0 -45.9685442991214,-22.2507310423611,0 -45.96824750763491,-22.2504418790191,0 -45.967681320941,-22.2497850022264,0 -45.966911720909,-22.2489410780311,0 -45.966567328368,-22.2485667058465,0 -45.966222937669,-22.2481923328498,0 -45.9659526922342,-22.2478709293726,0 -45.9657118710361,-22.2476037744451,0 -45.9652701598987,-22.2473274383722,0 -45.9647842959289,-22.2471252743508,0 -45.9643533681773,-22.2470008673381,0 -45.96392244114459,-22.2468764591539,0 -45.9627454469843,-22.246533932878,0 -45.9623120292839,-22.2464149244133,0 -45.9620477421172,-22.2463423553836,0 -45.9613500390357,-22.2461507748222,0 -45.9604737758702,-22.2459005356476,0 -45.9595975156429,-22.2456502916307,0 -45.95866503236841,-22.2453868694425,0 -45.9586003345966,-22.2453622284802,0 -45.9585356368465,-22.2453375874913,0 -45.9584254080755,-22.2452956901461,0 -45.9583219892438,-22.245256327095,0 -45.9581083418781,-22.2451750664083,0 -45.957570718932,-22.2449272865371,0 -45.957298553513,-22.2447809676836,0 -45.95710595886799,-22.2446774498522,0 -45.9570263886471,-22.2446346483518,0 -45.95680722746251,-22.2444985404982,0 -45.9561171717758,-22.2440231078559,0 -45.9554271206931,-22.243547672092,0 -45.9551580621664,-22.2433794252389,0 -45.954869607988,-22.2431222989069,0 -45.9546065569297,-22.2428425576306,0 -45.9545455015664,-22.2427457128877,0 -45.9544724531343,-22.2426563536359,0 -45.9543569033678,-22.2425622162214,0 -45.9542571105176,-22.2425434243657,0 -45.9542040044225,-22.2425490769693,0 -45.9541159986141,-22.242557873151,0 -45.9540296181202,-22.2425758455681,0 -45.9539599933543,-22.2425971212724,0 -45.9539096218487,-22.2426103328378,0 -45.9537311358298,-22.2426426425141,0 -45.9535566039834,-22.2426536123389,0 -45.9534242187753,-22.242648683171,0 -45.9525648786111,-22.2425641090525,0 -45.9519733395959,-22.242505888546,0 -45.9519792953592,-22.2424534470903,0 -45.9520953508476,-22.2422381338157,0 -45.95212885919329,-22.2421759401322,0 -45.9521843806187,-22.242072933469,0 -45.9522734101869,-22.2419077330775,0 -45.9522803236436,-22.2417102675386,0 -45.9522872370922,-22.2415128019953,0 -45.9522909053223,-22.2414956170416,0 -45.9523074608636,-22.2414182844645,0 -45.9523618354716,-22.2411650306441,0 -45.9524162099019,-22.2409117768046,0 -45.9517258798791,-22.239921968142,0 -45.95063354060721,-22.2384039419321,0 -45.9482640642587,-22.2391827492428,0 -45.9473860445197,-22.2395794538366,0 -45.9469369172552,-22.2396660949208,0 -45.9468632620057,-22.2398961984746,0 -45.94678960652941,-22.240126301997,0 -45.946743274127,-22.2403070594415,0 -45.9466270306061,-22.2404881787518,0 -45.9465107867922,-22.2406692979855,0 -45.9463252335887,-22.2409404320491,0 -45.94613967968341,-22.2412115659171,0 -45.9460179345109,-22.2414334123725,0 -45.946104807745,-22.2414735120757,0 -45.9461916810272,-22.2415136117306,0 -45.9460330069053,-22.2416260526039,0 -45.9458743325274,-22.2417384933296,0 -45.94574193709461,-22.2416893087273,0 -45.9457646728649,-22.241664786249,0 -45.9457104874229,-22.2416299614499,0 -45.9456541563662,-22.2416079765632,0 -45.9452828822591,-22.2414029993454,0 -45.9449540218014,-22.2412137187246,0 -45.9446251622108,-22.2410244374033,0 -45.9441777580212,-22.2407746424113,0 -45.94374525475169,-22.2405331648551,0 -45.9437303553864,-22.2405248461251,0 -45.9434035556821,-22.2403383957936,0 -45.94307675682609,-22.2401519447707,0 -45.9428126286923,-22.2400068640916,0 -45.9427978250449,-22.2399987295152,0 -45.94256349937551,-22.2398700067678,0 -45.9418460315827,-22.2394640468132,0 -45.9411285678439,-22.2390580835283,0 -45.9405986635788,-22.2387523419848,0 -45.9400687615705,-22.2384465986229,0 -45.9394213689261,-22.2380774852457,0 -45.9387739796088,-22.2377083691563,0 -45.9375018772046,-22.236964216766,0 -45.9373071113251,-22.2368442011337,0 -45.9371123457721,-22.2367241852549,0 -45.9370362269534,-22.2367100348945,0 -45.9370099737623,-22.2367383253322,0 -45.9369816211665,-22.236760824647,0 -45.9369701737144,-22.2367503884672,0 -45.9367047894286,-22.2365093243874,0 -45.9364394060499,-22.2362682598359,0 -45.9361787657818,-22.2360618559231,0 -45.9359181262726,-22.2358554515608,0 -45.9356209740585,-22.235666510705,0 -45.9353238226296,-22.2354775692742,0 -45.93512064895601,-22.2353524734612,0 -45.9348987335782,-22.2352589652892,0 -45.9346010982636,-22.2351293315475,0 -45.9345440698864,-22.2350973879192,0 -45.9343318925052,-22.2349539115531,0 -45.9342908545737,-22.2349241982248,0 -45.9341206123344,-22.2348009243849,0 -45.9339617870066,-22.2346859374957,0 -45.93372502653339,-22.2345020662281,0 -45.9334882666738,-22.2343181945904,0 -45.9334152706028,-22.2342551987747,0 -45.9332196794133,-22.2341266912937,0 -45.9332145627799,-22.2341232879445,0 -45.9330008640359,-22.2348639600803,0 -45.9327359059977,-22.2355179117026,0 -45.9309912212344,-22.2348819864071,0 -45.9296657060832,-22.2344879553997,0 -45.9296828819808,-22.2338218474151,0 -45.9304142246264,-22.2332453651849,0 -45.93109595493461,-22.2324547123672,0 -45.9308504479392,-22.2323725130814,0 -45.9305544537026,-22.2322783013248,0 -45.93026001506379,-22.2321799556655,0 -45.9299585935437,-22.2320564500345,0 -45.92968175188441,-22.2318903975,0 -45.9294909606494,-22.2317156929733,0 -45.9293326881069,-22.2315147938951,0 -45.9291738527412,-22.231176314361,0 -45.92913191394009,-22.2310237670669,0 -45.9290974105817,-22.2308696134478,0 -45.92906702984369,-22.2306397499525,0 -45.9290366492194,-22.2304098864418,0 -45.9290036377616,-22.2300826120769,0 -45.9289125159554,-22.2294916215101,0 -45.92888671997969,-22.2293758243561,0 -45.92886092404999,-22.2292600271949,0 -45.9288031719089,-22.2290048065432,0 -45.9286959114628,-22.2287638580271,0 -45.928585505206,-22.2285890259379,0 -45.9284511417629,-22.2284293912027,0 -45.9282662112982,-22.2282645645899,0 -45.92805629776769,-22.2281281200643,0 -45.9279880964188,-22.2280851485379,0 -45.9276855478093,-22.2279641094998,0 -45.9274136765565,-22.2278955401327,0 -45.9271330617963,-22.2278728597136,0 -45.92701690089051,-22.2278771351363,0 -45.9269007399743,-22.2278814104762,0 -45.92608716717699,-22.2279098927241,0 -45.9255570900569,-22.2279213108408,0 -45.9254341282521,-22.227923432435,0 -45.9253439488386,-22.2279231808758,0 -45.92513091866639,-22.2279165084135,0 -45.92498045985061,-22.2279206853215,0 -45.9247779920371,-22.2279158236294,0 -45.9244273263618,-22.2278786835038,0 -45.9242831240939,-22.2278265101773,0 -45.92388518190781,-22.2276328914697,0 -45.9236572677904,-22.2274625977895,0 -45.9234578860769,-22.2272636807157,0 -45.9232932187612,-22.2270237707814,0 -45.9231926818267,-22.2267548851032,0 -45.9231223057693,-22.2265142668923,0 -45.9230437880793,-22.2259816531238,0 -45.9230227313674,-22.2256935128425,0 -45.9229926365605,-22.2253831017129,0 -45.922943441311,-22.2251418366484,0 -45.9228606027757,-22.2249299747291,0 -45.9227777670376,-22.2247181192431,0 -45.9227154432696,-22.2246168847898,0 -45.92266214434839,-22.2245303301972,0 -45.9225270088831,-22.2243335764561,0 -45.9223849234246,-22.2241411139456,0 -45.9222531985527,-22.2239863687537,0 -45.92212103458089,-22.2238319485562,0 -45.9220682924016,-22.2238823833028,0 -45.9220620439751,-22.2238912715268,0 -45.9220292163539,-22.2239380703339,0 -45.9219963887113,-22.2239848691347,0 -45.9219491436273,-22.2240077005462,0 -45.9218963672549,-22.2240012445443,0 -45.9218547581896,-22.2239885624484,0 -45.9217088937078,-22.22394566687,0 -45.92163204876471,-22.2239230668439,0 -45.9215630293102,-22.2239027711575,0 -45.9212977438651,-22.2238685171904,0 -45.9211914736172,-22.2238659698478,0 -45.9210299883902,-22.2238741725704,0 -45.9206081756039,-22.2239109776118,0 -45.92049143601029,-22.2239321189409,0 -45.9203751221945,-22.2239552052761,0 -45.92027340174519,-22.2239622152575,0 
								</coordinates>
							</LinearRing>
						</outerBoundaryIs>
					</Polygon>
				</MultiGeometry>
			</Placemark>
			<Placemark>
				<styleUrl>#m_ylw-pushpin</styleUrl>
				<ExtendedData>
					<SchemaData schemaUrl="#mru">
						<SimpleData name="fid">2</SimpleData>
						<SimpleData name="handle">636</SimpleData>
						<SimpleData name="block">-1</SimpleData>
						<SimpleData name="etype">18</SimpleData>
						<SimpleData name="space">0</SimpleData>
						<SimpleData name="layer">1_Macroarea_Resiliencia_Urbana</SimpleData>
						<SimpleData name="olinetype">BYLAYER</SimpleData>
						<SimpleData name="color">153,153,0,254</SimpleData>
						<SimpleData name="ocolor">256</SimpleData>
						<SimpleData name="color24">-1</SimpleData>
						<SimpleData name="transparen">0</SimpleData>
						<SimpleData name="lweight">30</SimpleData>
						<SimpleData name="linewidth">0.300000000000000</SimpleData>
						<SimpleData name="ltscale">1.000000000000000</SimpleData>
						<SimpleData name="visible">1</SimpleData>
						<SimpleData name="width">0.000000000000000</SimpleData>
						<SimpleData name="thickness">0.000000000000000</SimpleData>
						<SimpleData name="ext">(3:0,0,0.1)</SimpleData>
					</SchemaData>
				</ExtendedData>
				<MultiGeometry>
					<Polygon>
						<outerBoundaryIs>
							<LinearRing>
								<coordinates>
									-45.8716488306326,-22.2375165694077,0 -45.8723988540627,-22.2380995265609,0 -45.8726236226735,-22.2372030403912,0 -45.8724463982605,-22.236295056643,0 -45.8721038056008,-22.2347928978724,0 -45.87246712339209,-22.233607981655,0 -45.872784904059,-22.2312806364893,0 -45.8725877622164,-22.2299367134705,0 -45.87291539519111,-22.2276963282438,0 -45.87353402884749,-22.2254962287584,0 -45.87343822893249,-22.2248725436617,0 -45.8727911042502,-22.224040267534,0 -45.872806,-22.2241299966935,0 -45.872812,-22.2244289966935,0 -45.872792,-22.2246589966934,0 -45.872648,-22.2248799966934,0 -45.872441,-22.2250109966934,0 -45.872147,-22.2251309966934,0 -45.871901,-22.2251809966934,0 -45.871629,-22.2251859966934,0 -45.871318,-22.2250989966934,0 -45.871068,-22.2249539966934,0 -45.87081700000001,-22.2247859966934,0 -45.870592,-22.2246629966934,0 -45.870379,-22.2245169966934,0 -45.870154,-22.2243709966934,0 -45.869941,-22.2242369966935,0 -45.86972900000001,-22.2241139966935,0 -45.869455,-22.2240039966935,0 -45.869143,-22.2238599966935,0 -45.868832,-22.2237839966935,0 -45.868573,-22.2238009966935,0 -45.86831400000001,-22.2238279966935,0 -45.868043,-22.2238559966935,0 -45.86780900000001,-22.2239169966935,0 -45.867589,-22.2240249966935,0 -45.867381,-22.2241429966935,0 -45.867161,-22.2242619966935,0 -45.866928,-22.2243809966935,0 -45.866684,-22.2245349966934,0 -45.86642700000001,-22.2246429966934,0 -45.866181,-22.2247049966934,0 -45.86597299999999,-22.2248119966934,0 -45.865753,-22.2249539966934,0 -45.865509,-22.2251079966934,0 -45.865278,-22.2252729966934,0 -45.865071,-22.2254259966933,0 -45.864876,-22.2255909966933,0 -45.864657,-22.2257669966933,0 -45.864426,-22.2259439966934,0 -45.864195,-22.2261319966932,0 -45.863988,-22.2262739966932,0 -45.863756,-22.2264499966932,0 -45.86356200000001,-22.2266379966932,0 -45.863431,-22.2268359966932,0 -45.863311,-22.2270449966931,0 -45.863204,-22.2272419966931,0 -45.863097,-22.2274509966931,0 -45.862967,-22.2277639966931,0 -45.862873,-22.228018996693,0 -45.86276699999999,-22.228262996693,0 -45.862673,-22.228516996693,0 -45.862579,-22.2287489966929,0 -45.862186,-22.2295149966928,0 -45.86208,-22.2297589966928,0 -45.861973,-22.2299789966928,0 -45.861829,-22.2302009966928,0 -45.86168499999999,-22.2303869966928,0 -45.861516,-22.2306199966927,0 -45.861397,-22.2308289966927,0 -45.861365,-22.2310719966927,0 -45.86126999999999,-22.2313029966926,0 -45.861127,-22.2315249966926,0 -45.86097,-22.2317229966926,0 -45.860813,-22.2318979966926,0 -45.86059500000001,-22.2321439966925,0 -45.860353,-22.2323779966925,0 -45.860038,-22.2327059966925,0 -45.85978200000001,-22.2329169966925,0 -45.859539,-22.2331289966924,0 -45.859284,-22.2333169966924,0 -45.85897599999999,-22.2333679966924,0 -45.858693,-22.2334419966924,0 -45.858461,-22.2336079966924,0 -45.858242,-22.2337719966923,0 -45.858036,-22.2339719966923,0 -45.857817,-22.2341249966923,0 -45.857585,-22.2343019966923,0 -45.857403,-22.2344429966923,0 -45.857171,-22.2345849966923,0 -45.856926,-22.2346929966922,0 -45.856644,-22.2348009966922,0 -45.85641100000001,-22.2348969966922,0 -45.856128,-22.2349939966922,0 -45.85589399999999,-22.2350439966922,0 -45.855611,-22.2350949966922,0 -45.855341,-22.2351809966922,0 -45.855082,-22.2352309966922,0 -45.854849,-22.2352929966922,0 -45.854615,-22.2353659966922,0 -45.85437000000001,-22.2354389966922,0 -45.854149,-22.2355349966921,0 -45.853948,-22.2356069966921,0 -45.85381699999999,-22.2356209966921,0 -45.853511,-22.2357649966921,0 -45.853316,-22.2358939966921,0 -45.853084,-22.2360709966921,0 -45.852915,-22.2362349966921,0 -45.852734,-22.236467996692,0 -45.85254,-22.236678996692,0 -45.852346,-22.236865996692,0 -45.852115,-22.237042996692,0 -45.851895,-22.237184996692,0 -45.851638,-22.2372929966919,0 -45.85138,-22.2373659966919,0 -45.851146,-22.2374389966919,0 -45.850901,-22.2375129966919,0 -45.85059199999999,-22.2375409966919,0 -45.85007299999999,-22.2375499966919,0 -45.849838,-22.2375309966919,0 -45.849578,-22.2375239966919,0 -45.849306,-22.2374829966919,0 -45.84903199999999,-22.2373949966919,0 -45.84874599999999,-22.2373079966919,0 -45.848485,-22.2372209966919,0 -45.848248,-22.237120996692,0 -45.847962,-22.237045996692,0 -45.847685788681,-22.2369619743677,0 -45.847676,-22.236958996692,0 -45.847452,-22.236881996692,0 -45.84719,-22.236782996692,0 -45.846917,-22.236694996692,0 -45.846644,-22.236665996692,0 -45.846385,-22.236669996692,0 -45.846138,-22.236708996692,0 -45.845945,-22.236930996692,0 -45.845838,-22.237162996692,0 -45.84577,-22.2374629966919,0 -45.845739,-22.2377629966919,0 -45.845731,-22.2379819966919,0 -45.84572399999999,-22.2382469966918,0 -45.84574599999999,-22.2393389966917,0 -45.845776,-22.2396379966917,0 -45.845806,-22.2398789966916,0 -45.845836,-22.2401549966916,0 -45.845866,-22.2404189966916,0 -45.845897,-22.2407289966915,0 -45.845953,-22.2410619966915,0 -45.84599599999999,-22.2413829966915,0 -45.846028,-22.2417049966914,0 -45.84604600000001,-22.2420039966914,0 -45.846061,-22.2427749966913,0 -45.846054,-22.2430279966913,0 -45.84602099999999,-22.2432469966912,0 -45.845989,-22.2434889966912,0 -45.84597,-22.2437659966912,0 -45.84593799999999,-22.2440189966911,0 -45.845931,-22.2442959966911,0 -45.845923,-22.2445369966911,0 -45.845904,-22.244813996691,0 -45.845918,-22.245492996691,0 -45.845935,-22.2457689966909,0 -45.845953,-22.2460209966909,0 -45.845982,-22.2462629966909,0 -45.846011,-22.2464809966908,0 -45.846066,-22.2467209966908,0 -45.846132,-22.2469389966908,0 -45.846174,-22.2471799966908,0 -45.84622700000001,-22.2473979966907,0 -45.84627,-22.2476499966907,0 -45.846289,-22.2480059966907,0 -45.846307,-22.2482709966907,0 -45.846332,-22.2495589966905,0 -45.846303,-22.2499279966905,0 -45.8461108946616,-22.2503237336875,0 -45.84630712899081,-22.2507647338212,0 -45.847783593881,-22.2497818754725,0 -45.84964660932859,-22.2489156971281,0 -45.8512122908377,-22.2486243912567,0 -45.8520666792081,-22.2475128856484,0 -45.8526693319141,-22.2457204914001,0 -45.8532274935169,-22.2434967017723,0 -45.8529860704153,-22.2424675482576,0 -45.8518393214559,-22.2414220134607,0 -45.8520505717734,-22.2401405238,0 -45.8527037255847,-22.2391656206045,0 -45.85284330253149,-22.239123371993,0 -45.8529713690219,-22.2390566268415,0 -45.8532135177535,-22.2389587296394,0 -45.8534670862273,-22.2388903371433,0 -45.8536325462053,-22.2388607418027,0 -45.8540313676281,-22.2387977612405,0 -45.8545137184902,-22.2387319017009,0 -45.8554295551968,-22.2386231097248,0 -45.8555299501998,-22.2386128133049,0 -45.8556117869689,-22.2386188356076,0 -45.8557828981593,-22.2386773490087,0 -45.85590448544679,-22.2387445748483,0 -45.8560440709921,-22.2387656776966,0 -45.856298067095,-22.2387934865267,0 -45.8565464505922,-22.2388502061263,0 -45.8568151364171,-22.2389531714156,0 -45.85707673173461,-22.2390709026029,0 -45.8574289938136,-22.2391998364801,0 -45.8577943911599,-22.2392917832657,0 -45.8581347877906,-22.2393061887571,0 -45.8584746559226,-22.2392834053372,0 -45.8586500951686,-22.2392450484352,0 -45.8588167625649,-22.2391812357668,0 -45.8588899940788,-22.2391582024217,0 -45.8589389938858,-22.2391280147271,0 -45.8590111452006,-22.2391222401398,0 -45.8591406941461,-22.2391391554548,0 -45.8593170887709,-22.2392308967988,0 -45.8594298806021,-22.2393350787868,0 -45.85956082382269,-22.2394188618712,0 -45.85979428123551,-22.2392606427671,0 -45.8601065097937,-22.2391099188507,0 -45.8603204940566,-22.2390636830624,0 -45.8605401602736,-22.2390621855492,0 -45.8607075595446,-22.2390730844306,0 -45.8610164719099,-22.2390306426059,0 -45.8614346795963,-22.2388160720256,0 -45.8617880735847,-22.2386988489808,0 -45.8621601928716,-22.2386545006939,0 -45.86222170939201,-22.2386552928991,0 -45.8625140681727,-22.2386282371525,0 -45.86285264151631,-22.2385288745532,0 -45.8632914340125,-22.2383422581856,0 -45.8636429701871,-22.2380346981346,0 -45.86397414273861,-22.2376736674318,0 -45.8642853788565,-22.2372975786299,0 -45.86456558814349,-22.2369949812318,0 -45.8648800683086,-22.2367231340317,0 -45.86525209587479,-22.2365269656214,0 -45.8656585459573,-22.2364034493479,0 -45.8659832966599,-22.2363506789443,0 -45.8663129298403,-22.2363546160631,0 -45.86665872757209,-22.236400755976,0 -45.866989118246,-22.2365063896839,0 -45.8672718603837,-22.2366525606519,0 -45.8675658107906,-22.2367781149871,0 -45.86816856658951,-22.2370904403884,0 -45.86845457298671,-22.2371972468904,0 -45.8685452524002,-22.2372215887022,0 -45.86894251169011,-22.2372798957361,0 -45.869109342492,-22.2372822808563,0 -45.8693779815987,-22.2372723372812,0 -45.8698099176649,-22.2372202439411,0 -45.8702449545092,-22.2371762771907,0 -45.8703917758829,-22.2371726809272,0 -45.8706825017002,-22.2371821500111,0 -45.8710146590553,-22.2372466774871,0 -45.87120154762091,-22.2373039561966,0 -45.8716782826997,-22.2375305691986,0 -45.87205106508519,-22.2378249161742,0 -45.8722462496755,-22.2379776196774,0 -45.8723987889818,-22.2380995228705,0 -45.8716488306326,-22.2375165694077,0 
								</coordinates>
							</LinearRing>
						</outerBoundaryIs>
					</Polygon>
				</MultiGeometry>
			</Placemark>
			<Placemark>
				<styleUrl>#m_ylw-pushpin</styleUrl>
				<MultiGeometry>
					<Polygon>
						<outerBoundaryIs>
							<LinearRing>
								<coordinates>
									-45.86969869400001,-22.221480749,0 -45.8758873375197,-22.2146483939926,0 -45.87529027499999,-22.213912714,0 -45.874855114,-22.213882151,0 -45.874502102,-22.213521504,0 -45.8743565401045,-22.2129943236471,0 -45.874478817,-22.212188612,0 -45.874373966,-22.211760977,0 -45.874055472,-22.211331576,0 -45.87364676,-22.211277914,0 -45.87321425900001,-22.211457218,0 -45.873172757,-22.211851008,0 -45.873294119,-22.212533119,0 -45.873103477,-22.213036598,0 -45.872619849,-22.213288548,0 -45.872133529,-22.213215877,0 -45.870850048,-22.212084283,0 -45.87038545,-22.211887322,0 -45.86967138299999,-22.211835086,0 -45.86829654200001,-22.212141972,0 -45.867662773,-22.212428186,0 -45.864870644,-22.213325224,0 -45.864841902,-22.21384036,0 -45.86519352900001,-22.214640848,0 -45.865253949,-22.215051937,0 -45.86395763000001,-22.217520222,0 -45.864247782,-22.218002955,0 -45.865702774,-22.218900312,0 -45.866900309,-22.219485708,0 -45.86723089099999,-22.22033051,0 -45.86738726700001,-22.221014261,0 -45.867195264,-22.221393046,0 -45.86648328099999,-22.221593032,0 -45.866134943,-22.221915876,0 -45.866111905,-22.222650952,0 -45.866423697,-22.222991598,0 -45.866773212,-22.222937476,0 -45.8682244,-22.222039283,0 -45.86969869400001,-22.221480749,0 
								</coordinates>
							</LinearRing>
						</outerBoundaryIs>
					</Polygon>
				</MultiGeometry>
			</Placemark>
		</Folder>
	</Document>
	<Document id="root_doc">
		<name>MUC.kml</name>
		<Schema name="muc" id="muc">
			<SimpleField type="float" name="fid"></SimpleField>
			<SimpleField type="float" name="handle"></SimpleField>
			<SimpleField type="float" name="block"></SimpleField>
			<SimpleField type="float" name="etype"></SimpleField>
			<SimpleField type="float" name="space"></SimpleField>
			<SimpleField type="string" name="layer"></SimpleField>
			<SimpleField type="string" name="olinetype"></SimpleField>
			<SimpleField type="string" name="linetype"></SimpleField>
			<SimpleField type="string" name="color"></SimpleField>
			<SimpleField type="float" name="ocolor"></SimpleField>
			<SimpleField type="float" name="color24"></SimpleField>
			<SimpleField type="float" name="transparen"></SimpleField>
			<SimpleField type="float" name="lweight"></SimpleField>
			<SimpleField type="float" name="linewidth"></SimpleField>
			<SimpleField type="float" name="ltscale"></SimpleField>
			<SimpleField type="float" name="visible"></SimpleField>
			<SimpleField type="float" name="width"></SimpleField>
			<SimpleField type="float" name="thickness"></SimpleField>
			<SimpleField type="string" name="ext"></SimpleField>
		</Schema>
		<StyleMap id="m_ylw-pushpin0">
			<Pair>
				<key>normal</key>
				<styleUrl>#s_ylw-pushpin0</styleUrl>
			</Pair>
			<Pair>
				<key>highlight</key>
				<styleUrl>#s_ylw-pushpin_hl0</styleUrl>
			</Pair>
		</StyleMap>
		<Style id="s_ylw-pushpin0">
			<IconStyle>
				<scale>1.1</scale>
				<Icon>
					<href>http://maps.google.com/mapfiles/kml/pushpin/ylw-pushpin.png</href>
				</Icon>
				<hotSpot x="20" y="2" xunits="pixels" yunits="pixels"/>
			</IconStyle>
			<LineStyle>
				<color>ff0000ff</color>
			</LineStyle>
			<PolyStyle>
				<color>800000ff</color>
			</PolyStyle>
		</Style>
		<Style id="s_ylw-pushpin_hl0">
			<IconStyle>
				<scale>1.3</scale>
				<Icon>
					<href>http://maps.google.com/mapfiles/kml/pushpin/ylw-pushpin.png</href>
				</Icon>
				<hotSpot x="20" y="2" xunits="pixels" yunits="pixels"/>
			</IconStyle>
			<LineStyle>
				<color>ff0000ff</color>
			</LineStyle>
			<PolyStyle>
				<color>800000ff</color>
			</PolyStyle>
		</Style>
		<Folder>
			<name>muc</name>
			<Placemark>
				<styleUrl>#m_ylw-pushpin0</styleUrl>
				<ExtendedData>
					<SchemaData schemaUrl="#muc">
						<SimpleData name="fid">1</SimpleData>
						<SimpleData name="handle">685</SimpleData>
						<SimpleData name="block">-1</SimpleData>
						<SimpleData name="etype">18</SimpleData>
						<SimpleData name="space">0</SimpleData>
						<SimpleData name="layer">2_Macroarea_UrbanizaÃ§ao_Consolidada</SimpleData>
						<SimpleData name="olinetype">BYLAYER</SimpleData>
						<SimpleData name="color">153,0,0,254</SimpleData>
						<SimpleData name="ocolor">256</SimpleData>
						<SimpleData name="color24">-1</SimpleData>
						<SimpleData name="transparen">0</SimpleData>
						<SimpleData name="lweight">30</SimpleData>
						<SimpleData name="linewidth">0.300000000000000</SimpleData>
						<SimpleData name="ltscale">1.000000000000000</SimpleData>
						<SimpleData name="visible">1</SimpleData>
						<SimpleData name="width">0.000000000000000</SimpleData>
						<SimpleData name="thickness">0.000000000000000</SimpleData>
						<SimpleData name="ext">(3:0,0,0.1)</SimpleData>
					</SchemaData>
				</ExtendedData>
				<MultiGeometry>
					<Polygon>
						<outerBoundaryIs>
							<LinearRing>
								<coordinates>
									-45.938510053039,-22.2242428047867,0 -45.9386554992659,-22.2240384301919,0 -45.9388271772395,-22.2237971950034,0 -45.9390201592761,-22.2235207417332,0 -45.9390798417001,-22.2234353021586,0 -45.9389774722773,-22.2233827763451,0 -45.938875102929,-22.2233302504642,0 -45.9385735988277,-22.2231982499204,0 -45.93827209527349,-22.2230662487961,0 -45.9380961575639,-22.2232505520779,0 -45.93794837527301,-22.2234158581132,0 -45.937800592638,-22.223581164023,0 -45.9376764421213,-22.2237161004246,0 -45.9375838161834,-22.223664708199,0 -45.9372874818247,-22.2235002905437,0 -45.9371657717107,-22.2234527720212,0 -45.9371124832663,-22.2234319669061,0 -45.9369374848712,-22.2233636430738,0 -45.9366262188501,-22.2232662480474,0 -45.9365868732012,-22.2232539367553,0 -45.9363149532379,-22.2231688524093,0 -45.9361823073786,-22.2231372759866,0 -45.9360496615747,-22.2231056994535,0 -45.9356607813867,-22.2230745577983,0 -45.9352719013336,-22.2230434152074,0 -45.9351420302224,-22.2230315797012,0 -45.9349264368733,-22.2230119318612,0 -45.9345809725382,-22.2229804477759,0 -45.9344409440999,-22.2229621011727,0 -45.9342662002523,-22.2229392564072,0 -45.9339514281265,-22.2228980644229,0 -45.9336252224892,-22.2228664677357,0 -45.9332990169723,-22.2228348703892,0 -45.9330921766558,-22.2228073755703,0 -45.93285746626,-22.2227761559022,0 -45.9328505845343,-22.2228505407429,0 -45.93274971063061,-22.2228403692833,0 -45.9326598076581,-22.2228313092187,0 -45.93241063445079,-22.2228064500691,0 -45.9321614613164,-22.2227815905347,0 -45.9318813978715,-22.2227437638648,0 -45.9316013345581,-22.2227059367073,0 -45.9314609315047,-22.2226748524803,0 -45.9313699851309,-22.2226546865106,0 -45.930949847253,-22.2225913726567,0 -45.93052970971041,-22.2225280577043,0 -45.9303198998439,-22.2224983692462,0 -45.9302213752789,-22.222484427752,0 -45.9299130410155,-22.2224407972086,0 -45.9295344133022,-22.2223964329292,0 -45.9296328605625,-22.2225469607622,0 -45.9297117590221,-22.2226676035435,0 -45.9295658076994,-22.2227367756885,0 -45.92941985622961,-22.2228059477068,0 -45.92916909759601,-22.2229821776164,0 -45.928918338329,-22.2231584071572,0 -45.9284567476425,-22.2234747292259,0 -45.92799515486141,-22.2237910500438,0 -45.9279129986819,-22.2238418475434,0 -45.92780451840151,-22.2236897561607,0 -45.9276009901929,-22.223775276163,0 -45.9273951415,-22.2238617708435,0 -45.92719230780629,-22.2239346527144,0 -45.9269894738945,-22.2240075343388,0 -45.9266852323304,-22.2241146430579,0 -45.9263809902849,-22.2242217512224,0 -45.9259672348581,-22.2243768410965,0 -45.9255386556829,-22.2244918586347,0 -45.9253206673553,-22.2245391225039,0 -45.92509696966201,-22.2245460423302,0 -45.9248281699587,-22.2245258743095,0 -45.9245591157833,-22.2245089009706,0 -45.9244166205699,-22.2245053413763,0 -45.9242156918353,-22.2245151884076,0 -45.9238448673359,-22.2245746572247,0 -45.9234071358685,-22.2246402412463,0 -45.9229694039486,-22.2247058241034,0 -45.922839922807,-22.2247210655001,0 -45.9227777645002,-22.2247181127536,0 -45.9228606027757,-22.2249299747291,0 -45.922943441311,-22.2251418366484,0 -45.9229926365605,-22.2253831017129,0 -45.9230227313674,-22.2256935128425,0 -45.9230437880793,-22.2259816531239,0 -45.9231223057693,-22.2265142668923,0 -45.9231926818267,-22.2267548851032,0 -45.9232932187612,-22.2270237707814,0 -45.9234578860769,-22.2272636807157,0 -45.9236572677904,-22.2274625977895,0 -45.92388518190781,-22.2276328914697,0 -45.9242831240939,-22.2278265101773,0 -45.9244273263618,-22.2278786835038,0 -45.9247779920371,-22.2279158236294,0 -45.92498045985061,-22.2279206853215,0 -45.92513091866639,-22.2279165084135,0 -45.9253439488386,-22.2279231808758,0 -45.9254341282521,-22.227923432435,0 -45.9255570900569,-22.2279213108408,0 -45.92582212863621,-22.227915601998,0 -45.92608716717699,-22.2279098927241,0 -45.92649395363681,-22.2278956521074,0 -45.9269007399743,-22.2278814104762,0 -45.92701690089051,-22.2278771351363,0 -45.9271330617963,-22.2278728597136,0 -45.9274136765565,-22.2278955401327,0 -45.9276855478093,-22.2279641094998,0 -45.9279880964188,-22.2280851485379,0 -45.92805629776769,-22.2281281200643,0 -45.9282662112982,-22.2282645645899,0 -45.9284511417629,-22.2284293912027,0 -45.928585505206,-22.2285890259379,0 -45.9286959114628,-22.2287638580271,0 -45.9288031719089,-22.2290048065432,0 -45.92886092404999,-22.2292600271949,0 -45.92888671997969,-22.2293758243561,0 -45.9289125159554,-22.2294916215101,0 -45.928958076751,-22.2297871168085,0 -45.9290036377616,-22.2300826120769,0 -45.9290366492194,-22.2304098864418,0 -45.92906702984369,-22.2306397499525,0 -45.9290974105817,-22.2308696134478,0 -45.92913191394009,-22.2310237670669,0 -45.9291738527412,-22.231176314361,0 -45.9293326881069,-22.2315147938951,0 -45.9294909606494,-22.2317156929733,0 -45.92968175188441,-22.2318903975,0 -45.9299585935437,-22.2320564500345,0 -45.93026001506379,-22.2321799556655,0 -45.9305544537026,-22.2322783013248,0 -45.9308504479392,-22.2323725130814,0 -45.93109595493461,-22.2324547123672,0 -45.9304142246264,-22.2332453651849,0 -45.9296828819808,-22.2338218474151,0 -45.9296657060832,-22.2344879553997,0 -45.9309912212344,-22.2348819864071,0 -45.9327359059977,-22.2355179117026,0 -45.9329760070731,-22.234944240948,0 -45.9332196794133,-22.2341266912937,0 -45.933256786259,-22.2341182579196,0 -45.93333301081231,-22.2340387326459,0 -45.93340923528,-22.2339592073386,0 -45.9334397559282,-22.233924967152,0 -45.9335443260175,-22.2340068512088,0 -45.933648884928,-22.2340887263452,0 -45.9336937447038,-22.2341027584223,0 -45.9337453882735,-22.2340823908857,0 -45.9339945853549,-22.2338735068078,0 -45.9342437816948,-22.2336646223683,0 -45.9343222567216,-22.2335971391471,0 -45.9345347657171,-22.233414395263,0 -45.9348257487031,-22.2331641676652,0 -45.93488653107361,-22.233110373471,0 -45.9349932094059,-22.2330159598429,0 -45.93520974559441,-22.2328426276871,0 -45.9354262812473,-22.2326692952576,0 -45.935593964882,-22.2325238997838,0 -45.93566828683021,-22.2324594564062,0 -45.9359102916908,-22.2322496172143,0 -45.93608728083729,-22.2321046958561,0 -45.93626426961809,-22.2319597743153,0 -45.936376439342,-22.2318727688271,0 -45.9364886089264,-22.2317857632654,0 -45.93668929589029,-22.2316225476024,0 -45.93674975792419,-22.2315734187811,0 -45.9368899823872,-22.2314593317046,0 -45.9370838036764,-22.2312997685012,0 -45.9372776245248,-22.2311402050789,0 -45.93728525343819,-22.2311347410493,0 -45.9373902650108,-22.2310585259384,0 -45.93750290536501,-22.2309768467236,0 -45.9376638344737,-22.2308540127246,0 -45.9378247632999,-22.2307311785741,0 -45.93784069840639,-22.2307199755569,0 -45.9379588568895,-22.230636502699,0 -45.93806595696071,-22.2305533896374,0 -45.9381638947381,-22.2304787705994,0 -45.9382348391154,-22.2304157144511,0 -45.9384973544791,-22.23020534675,0 -45.9387409636566,-22.230011799628,0 -45.9388656157418,-22.2298351969293,0 -45.9389464023662,-22.2296377133317,0 -45.93901697099789,-22.2291031585055,0 -45.93907662427029,-22.2286633822971,0 -45.9391362772247,-22.2282236060563,0 -45.939176008011,-22.2279171234482,0 -45.9391909832733,-22.2278016042331,0 -45.9392651782208,-22.2272333835461,0 -45.9393036097232,-22.2269409704565,0 -45.93932479352301,-22.226780825089,0 -45.93941504017491,-22.2259963364396,0 -45.9394318803164,-22.2257319133295,0 -45.93940090424869,-22.225403643375,0 -45.93935836406929,-22.2251859119681,0 -45.9393158240342,-22.2249681805398,0 -45.9393108140621,-22.2249345133315,0 -45.93926209341821,-22.2246071077317,0 -45.9392083631137,-22.2242460348805,0 -45.93919714704331,-22.2240921696858,0 -45.93909924934729,-22.2240622921067,0 -45.9390672830918,-22.2241243246968,0 -45.9390137241675,-22.224171729157,0 -45.9388883145704,-22.2243091742034,0 -45.9387629047303,-22.2244466191593,0 -45.9387454676395,-22.2244627962667,0 -45.93863141811381,-22.2243562303513,0 -45.938510063082,-22.2242428380238,0 -45.938510053039,-22.2242428047867,0 
								</coordinates>
							</LinearRing>
						</outerBoundaryIs>
					</Polygon>
				</MultiGeometry>
			</Placemark>
		</Folder>
	</Document>
	<Document id="root_doc">
		<name>MQU.kml</name>
		<Schema name="mqu" id="mqu">
			<SimpleField type="float" name="fid"></SimpleField>
			<SimpleField type="float" name="handle"></SimpleField>
			<SimpleField type="float" name="block"></SimpleField>
			<SimpleField type="float" name="etype"></SimpleField>
			<SimpleField type="float" name="space"></SimpleField>
			<SimpleField type="string" name="layer"></SimpleField>
			<SimpleField type="string" name="olinetype"></SimpleField>
			<SimpleField type="string" name="linetype"></SimpleField>
			<SimpleField type="string" name="color"></SimpleField>
			<SimpleField type="float" name="ocolor"></SimpleField>
			<SimpleField type="float" name="color24"></SimpleField>
			<SimpleField type="float" name="transparen"></SimpleField>
			<SimpleField type="float" name="lweight"></SimpleField>
			<SimpleField type="float" name="linewidth"></SimpleField>
			<SimpleField type="float" name="ltscale"></SimpleField>
			<SimpleField type="float" name="visible"></SimpleField>
			<SimpleField type="float" name="width"></SimpleField>
			<SimpleField type="float" name="thickness"></SimpleField>
			<SimpleField type="string" name="ext"></SimpleField>
		</Schema>
		<StyleMap id="m_ylw-pushpin1">
			<Pair>
				<key>normal</key>
				<styleUrl>#s_ylw-pushpin1</styleUrl>
			</Pair>
			<Pair>
				<key>highlight</key>
				<styleUrl>#s_ylw-pushpin_hl1</styleUrl>
			</Pair>
		</StyleMap>
		<Style id="s_ylw-pushpin1">
			<IconStyle>
				<scale>1.1</scale>
				<Icon>
					<href>http://maps.google.com/mapfiles/kml/pushpin/ylw-pushpin.png</href>
				</Icon>
				<hotSpot x="20" y="2" xunits="pixels" yunits="pixels"/>
			</IconStyle>
			<LineStyle>
				<color>ff003973</color>
			</LineStyle>
			<PolyStyle>
				<color>80003973</color>
			</PolyStyle>
		</Style>
		<Style id="s_ylw-pushpin_hl1">
			<IconStyle>
				<scale>1.3</scale>
				<Icon>
					<href>http://maps.google.com/mapfiles/kml/pushpin/ylw-pushpin.png</href>
				</Icon>
				<hotSpot x="20" y="2" xunits="pixels" yunits="pixels"/>
			</IconStyle>
			<LineStyle>
				<color>ff003973</color>
			</LineStyle>
			<PolyStyle>
				<color>80003973</color>
			</PolyStyle>
		</Style>
		<Folder>
			<name>mqu</name>
			<Placemark>
				<styleUrl>#m_ylw-pushpin1</styleUrl>
				<ExtendedData>
					<SchemaData schemaUrl="#mqu">
						<SimpleData name="fid">1</SimpleData>
						<SimpleData name="handle">677</SimpleData>
						<SimpleData name="block">-1</SimpleData>
						<SimpleData name="etype">18</SimpleData>
						<SimpleData name="space">0</SimpleData>
						<SimpleData name="layer">4_Macroarea_QualificaÃ§ao_Urbana</SimpleData>
						<SimpleData name="olinetype">BYLAYER</SimpleData>
						<SimpleData name="color">153,76,0,254</SimpleData>
						<SimpleData name="ocolor">256</SimpleData>
						<SimpleData name="color24">-1</SimpleData>
						<SimpleData name="transparen">0</SimpleData>
						<SimpleData name="lweight">30</SimpleData>
						<SimpleData name="linewidth">0.300000000000000</SimpleData>
						<SimpleData name="ltscale">1.000000000000000</SimpleData>
						<SimpleData name="visible">1</SimpleData>
						<SimpleData name="width">0.000000000000000</SimpleData>
						<SimpleData name="thickness">0.000000000000000</SimpleData>
						<SimpleData name="ext">(3:0,0,0.1)</SimpleData>
					</SchemaData>
				</ExtendedData>
				<MultiGeometry>
					<Polygon>
						<outerBoundaryIs>
							<LinearRing>
								<coordinates>
									-46.0167435360756,-22.350220157077,0 -46.0168839841371,-22.3457307458869,0 -46.0161977847966,-22.3441731445994,0 -46.0158503497493,-22.3425808850461,0 -46.014276558056,-22.3393800303605,0 -46.0129057526548,-22.3393420738424,0 -46.0115657634055,-22.3394155904564,0 -46.0097020230661,-22.3403857783644,0 -46.0095675694491,-22.3412797168299,0 -46.0091875118405,-22.3434675679101,0 -46.0093267071854,-22.3468399453149,0 -46.009120859342,-22.3481579964237,0 -46.01043986795981,-22.349651128564,0 -46.01434123973521,-22.3503476564561,0 -46.01650165928611,-22.3502018336691,0 -46.0167435360756,-22.350220157077,0 
								</coordinates>
							</LinearRing>
						</outerBoundaryIs>
					</Polygon>
				</MultiGeometry>
			</Placemark>
			<Placemark>
				<styleUrl>#m_ylw-pushpin1</styleUrl>
				<ExtendedData>
					<SchemaData schemaUrl="#mqu">
						<SimpleData name="fid">2</SimpleData>
						<SimpleData name="handle">686</SimpleData>
						<SimpleData name="block">-1</SimpleData>
						<SimpleData name="etype">18</SimpleData>
						<SimpleData name="space">0</SimpleData>
						<SimpleData name="layer">4_Macroarea_QualificaÃ§ao_Urbana</SimpleData>
						<SimpleData name="olinetype">BYLAYER</SimpleData>
						<SimpleData name="color">153,76,0,254</SimpleData>
						<SimpleData name="ocolor">256</SimpleData>
						<SimpleData name="color24">-1</SimpleData>
						<SimpleData name="transparen">0</SimpleData>
						<SimpleData name="lweight">30</SimpleData>
						<SimpleData name="linewidth">0.300000000000000</SimpleData>
						<SimpleData name="ltscale">1.000000000000000</SimpleData>
						<SimpleData name="visible">1</SimpleData>
						<SimpleData name="width">0.000000000000000</SimpleData>
						<SimpleData name="thickness">0.000000000000000</SimpleData>
						<SimpleData name="ext">(3:0,0,0.1)</SimpleData>
					</SchemaData>
				</ExtendedData>
				<MultiGeometry>
					<Polygon>
						<outerBoundaryIs>
							<LinearRing>
								<coordinates>
									-45.9130795580281,-22.272817112077,0 -45.913085997105,-22.273311758628,0 -45.9129826055516,-22.2733866736846,0 -45.9128948410445,-22.2734502656432,0 -45.91287903322771,-22.2734372560096,0 -45.91270746123391,-22.2735610299931,0 -45.91253588893531,-22.2736848038037,0 -45.9124654630333,-22.2737356061245,0 -45.91217158652569,-22.2739476007593,0 -45.91187770912401,-22.2741595948866,0 -45.9076979125706,-22.2757286342299,0 -45.9074233164653,-22.2759822021331,0 -45.9060563043017,-22.2772446719416,0 -45.9053482467493,-22.2778744930662,0 -45.90599262309571,-22.2783281379253,0 -45.90643915049071,-22.2786513033937,0 -45.90645670779411,-22.279508026185,0 -45.9064627507412,-22.2804767003434,0 -45.9067473106236,-22.2807120976353,0 -45.9069962468203,-22.2809180247588,0 -45.90705466354521,-22.2809607879445,0 -45.9077240299366,-22.281497382423,0 -45.9079862873701,-22.2817140284142,0 -45.9083934014094,-22.2820339739353,0 -45.90865566086531,-22.2822506187629,0 -45.90891792112591,-22.282467263134,0 -45.9089814990599,-22.2825124357176,0 -45.90925408348291,-22.2827426994602,0 -45.90951802309941,-22.2829552762509,0 -45.9096789210176,-22.2830848627865,0 -45.9097376440722,-22.2831297009217,0 -45.9101744692924,-22.2834798275454,0 -45.91061129667659,-22.2838299529056,0 -45.9109311374249,-22.2840863341053,0 -45.9109519716956,-22.2840659823057,0 -45.9112245342648,-22.2842985992428,0 -45.9114970977332,-22.2845312156854,0 -45.9118345628611,-22.2848106216203,0 -45.9121512221898,-22.2850872796541,0 -45.9117290311638,-22.2854360568294,0 -45.911065095502,-22.2860349069159,0 -45.91065739882101,-22.2865081299197,0 -45.9102983978201,-22.2870143672121,0 -45.90997061783331,-22.2875889404085,0 -45.9097128497231,-22.288193622122,0 -45.9095228111271,-22.2887969911733,0 -45.9093327709911,-22.2894003600125,0 -45.9092203275443,-22.2897988287326,0 -45.9091299374293,-22.2902021292714,0 -45.9090916785521,-22.290440193804,0 -45.90905341956041,-22.290678258325,0 -45.90899913361919,-22.2910553820045,0 -45.90891188042271,-22.2914271093937,0 -45.9087461631796,-22.2918006505232,0 -45.9086688733703,-22.2919212085946,0 -45.90883639754539,-22.292022373855,0 -45.9084717604345,-22.2924029256823,0 -45.90837983475311,-22.2924856444406,0 -45.9082879089634,-22.2925683631496,0 -45.9082760033422,-22.2925899164394,0 -45.9082716034159,-22.2926138022228,0 -45.90827729384829,-22.2926438325345,0 -45.9082946792234,-22.2926696803424,0 -45.9084933732695,-22.2928932295866,0 -45.908692067952,-22.2931167785602,0 -45.9087677076204,-22.2932280329449,0 -45.9089116644183,-22.2935477080445,0 -45.9090336400197,-22.2938185696862,0 -45.9093734445342,-22.2945766932537,0 -45.9097132528462,-22.2953348159168,0 -45.90989042538511,-22.2957267765422,0 -45.91006759894729,-22.2961187369224,0 -45.9101084313674,-22.2961905171623,0 -45.9101630240946,-22.2962538837332,0 -45.9106587431983,-22.2966526381318,0 -45.91094789955601,-22.2968852325195,0 -45.9111544651009,-22.297051390902,0 -45.9111815492849,-22.2970215188665,0 -45.9111848672643,-22.297024210261,0 -45.91143997912809,-22.2967399411541,0 -45.9119505120935,-22.2961746520875,0 -45.9125003729943,-22.295582130425,0 -45.9129691708404,-22.295078861569,0 -45.91343647134401,-22.2945772258654,0 -45.9139037685284,-22.2940755888977,0 -45.91769604361961,-22.2956291903118,0 -45.9178420051796,-22.2956686270047,0 -45.918047626478,-22.295686569521,0 -45.9182532478188,-22.2957045117749,0 -45.91850003920391,-22.2957389777149,0 -45.9187763009107,-22.2957673143723,0 -45.9190525627107,-22.2957956505555,0 -45.9192041039113,-22.2957971409047,0 -45.9192737842894,-22.2958240270722,0 -45.9193992867265,-22.2956884473,0 -45.9195247889227,-22.2955528674368,0 -45.9197794645176,-22.2951962664299,0 -45.9198910402724,-22.2947808744695,0 -45.9199627035708,-22.2941542724647,0 -45.9200343663382,-22.2935276704023,0 -45.9201204593024,-22.2927477703026,0 -45.920191981384,-22.292099859616,0 -45.920263955302,-22.2915210423284,0 -45.9203417078816,-22.2909056972408,0 -45.9203944665948,-22.2907752911607,0 -45.92060193022279,-22.2905762634894,0 -45.920741030584,-22.2904428188192,0 -45.9208936638716,-22.290235675401,0 -45.92096921622951,-22.2899945510731,0 -45.921016741712,-22.2896034960797,0 -45.9210643817961,-22.2892299652274,0 -45.921075557264,-22.2890392968464,0 -45.9211004868656,-22.2886589391134,0 -45.921136706559,-22.2881054371286,0 -45.9211958926232,-22.2875386611567,0 -45.92121115918319,-22.2873924653306,0 -45.9212536277697,-22.2873963061971,0 -45.92150786777509,-22.2873794589859,0 -45.92176210770391,-22.2873626113784,0 -45.92182817681771,-22.287338115177,0 -45.9225503792892,-22.2872821158346,0 -45.92330927403189,-22.2872232678847,0 -45.9233016017642,-22.2870543855488,0 -45.923312656198,-22.2866240613993,0 -45.9233085180221,-22.2865815701101,0 -45.9233016169088,-22.286539390811,0 -45.92329311938509,-22.2865165846182,0 -45.9232424802532,-22.286380693989,0 -45.92320093058181,-22.2862690515179,0 -45.9231563244078,-22.2861334007727,0 -45.9231339552528,-22.2860030567165,0 -45.9231309563931,-22.2855463249637,0 -45.9231346708568,-22.285335915702,0 -45.9231391677311,-22.285082051278,0 -45.9231500402294,-22.2849787375592,0 -45.92316091271471,-22.2848754238388,0 -45.9231769333011,-22.284728313962,0 -45.92319164441709,-22.284593228141,0 -45.92319295386,-22.2845812040821,0 -45.92321875231579,-22.2842971372358,0 -45.9232730734941,-22.2841239732905,0 -45.9233965018056,-22.2839089542556,0 -45.92346507025709,-22.2837895038563,0 -45.9235310786294,-22.2836349731875,0 -45.9235970868622,-22.2834804424939,0 -45.92359706951201,-22.2834334688493,0 -45.9237273311456,-22.2834601306147,0 -45.9237297596334,-22.2832270231146,0 -45.923731664519,-22.2830441760119,0 -45.9237072827509,-22.2827014967309,0 -45.9237737013796,-22.2824100622587,0 -45.9238432159021,-22.2819693781534,0 -45.92382464151139,-22.2817128445693,0 -45.92379117454189,-22.2815459620104,0 -45.9237577076594,-22.2813790794384,0 -45.9236848421625,-22.2811987805495,0 -45.9236119768602,-22.2810184816176,0 -45.9235542862458,-22.2806731913322,0 -45.9235372218412,-22.2805356191485,0 -45.9235201574753,-22.2803980469595,0 -45.92354633151681,-22.2801713400135,0 -45.92357145498099,-22.2800580987397,0 -45.92359657840821,-22.2799448574619,0 -45.9236202891734,-22.2798160415731,0 -45.9236343846934,-22.2797306407749,0 -45.92364989432849,-22.2795132537191,0 -45.9236654039288,-22.2792958666578,0 -45.9236712286422,-22.2790004407969,0 -45.9236784757301,-22.2789068133715,0 -45.92367873286399,-22.2788129547063,0 -45.9236718083155,-22.2787192272281,0 -45.9236579003667,-22.278626262147,0 -45.9236089141066,-22.2784386457152,0 -45.923595385791,-22.2783591382567,0 -45.9235388891478,-22.2782613058998,0 -45.9234758403298,-22.278102517979,0 -45.9234498425149,-22.2779082499756,0 -45.923437696373,-22.2778174880282,0 -45.923419486127,-22.2776740912496,0 -45.9233844862671,-22.277533418601,0 -45.92335811642819,-22.2774272000443,0 -45.92333174663209,-22.2773209814805,0 -45.9233038783471,-22.2771860903237,0 -45.9232760675403,-22.2770515976981,0 -45.9232531291237,-22.2768923862327,0 -45.9232302481855,-22.2767335732993,0 -45.92319814651579,-22.2765377757572,0 -45.9231660449459,-22.2763419782012,0 -45.9231446799844,-22.2762023766401,0 -45.92314912601869,-22.2761007013807,0 -45.9231379755274,-22.2759693284933,0 -45.9231146787061,-22.2757167633401,0 -45.9231844444238,-22.2755664452805,0 -45.9232570842642,-22.2754099342426,0 -45.9233509511362,-22.275207686538,0 -45.9234272486124,-22.275043293804,0 -45.92351988485,-22.274842721894,0 -45.9236125208325,-22.2746421499353,0 -45.9236469363273,-22.2745620987484,0 -45.9236990308088,-22.2744213928874,0 -45.9237621532958,-22.2741938734678,0 -45.92385093010069,-22.2737530794711,0 -45.92387607408959,-22.2736283655395,0 -45.9239397064017,-22.2733122854212,0 -45.9239878085986,-22.2730108826099,0 -45.92406060665199,-22.2725465934936,0 -45.9240938579518,-22.2723850308503,0 -45.9241222738831,-22.2721741309765,0 -45.9241096165882,-22.2719619059639,0 -45.9240416950272,-22.2716296981065,0 -45.9239311995844,-22.2713075461137,0 -45.92380955891899,-22.2710518242777,0 -45.9236879187105,-22.2707961023276,0 -45.923807604843,-22.2706610994389,0 -45.924261936858,-22.2702095485514,0 -45.9248860752852,-22.26963716093,0 -45.9252647878765,-22.2692898461409,0 -45.9255102086312,-22.2690647710436,0 -45.9256990055688,-22.2688916084428,0 -45.9261942079514,-22.2683406853612,0 -45.9264480111291,-22.2679977265242,0 -45.9266159587104,-22.2677391353004,0 -45.9268981994372,-22.2673204518457,0 -45.9271804385141,-22.2669017679368,0 -45.9273852668708,-22.2665459026141,0 -45.9275891909771,-22.266189587935,0 -45.9280207689219,-22.2654366261614,0 -45.92845676888869,-22.264675777494,0 -45.9285158444084,-22.2645705632638,0 -45.9286360850082,-22.2643563258413,0 -45.9287436633867,-22.2641646539488,0 -45.9288198268214,-22.2640289881604,0 -45.92897868131,-22.2638203562828,0 -45.9291375353337,-22.2636117242607,0 -45.9292793581565,-22.2633886457,0 -45.9294211805388,-22.2631655670248,0 -45.92952648496371,-22.2629841772301,0 -45.92963755636449,-22.2628057924506,0 -45.9298311569192,-22.2625431516717,0 -45.930048600824,-22.2622972068521,0 -45.93019397649649,-22.2621422192093,0 -45.9303393518503,-22.2619872314444,0 -45.9304747486393,-22.2618129240119,0 -45.93052632323211,-22.2617326347381,0 -45.9305630500896,-22.2616493649934,0 -45.9305706093608,-22.2615731144681,0 -45.93057938599631,-22.261397238922,0 -45.93058816989681,-22.261221217524,0 -45.93061553671399,-22.260817357073,0 -45.9306429034201,-22.2604134966029,0 -45.930685401828,-22.2599644274834,0 -45.9307279000212,-22.2595153583375,0 -45.9307628790395,-22.2591326827461,0 -45.9307916958173,-22.2588174217282,0 -45.930818406455,-22.2588195371348,0 -45.93100790294379,-22.2587845309623,0 -45.93119739933,-22.2587495245719,0 -45.9314596718154,-22.2586984277967,0 -45.93186021616191,-22.258618361369,0 -45.93194959667869,-22.2586002255972,0 -45.9321431402653,-22.2585609491946,0 -45.9323417234243,-22.2585206499713,0 -45.9324558421411,-22.2584973212358,0 -45.9327430607511,-22.2584398010268,0 -45.9330308302072,-22.2583848968456,0 -45.93302997130881,-22.2583578015114,0 -45.9330869095066,-22.2583534998498,0 -45.93317628275091,-22.2583467476906,0 -45.93332709463271,-22.2583232134672,0 -45.9334437960309,-22.2583015855616,0 -45.9337046844572,-22.2582469249556,0 -45.9339655726651,-22.2581922639373,0 -45.9341383025634,-22.2581609187287,0 -45.9342468832347,-22.2581412145478,0 -45.9345811754359,-22.2580730062779,0 -45.934775249083,-22.2580334075602,0 -45.93492174757959,-22.2580051031243,0 -45.9350682460122,-22.2579767985583,0 -45.9353227279592,-22.2579221270862,0 -45.93549921874221,-22.2578872809334,0 -45.9356757094304,-22.2578524345918,0 -45.9357209299929,-22.2578434297906,0 -45.9357410958594,-22.2579365656847,0 -45.935764156819,-22.2580430723735,0 -45.93580467231149,-22.258230192116,0 -45.9358961474227,-22.2585655536257,0 -45.9360067829315,-22.2588958747921,0 -45.9361190225139,-22.2591665016616,0 -45.9361630110843,-22.259272564537,0 -45.9362312625454,-22.2594371284296,0 -45.9363348979504,-22.2596834144663,0 -45.93637782195709,-22.2595856062247,0 -45.936415283219,-22.2594252278921,0 -45.9364333738045,-22.2592839002778,0 -45.9369340207205,-22.258662166027,0 -45.9374077221818,-22.258073887981,0 -45.9375340034137,-22.2579170620185,0 -45.9377522914482,-22.2575456824838,0 -45.9379022060442,-22.2571460129691,0 -45.9379470778075,-22.2569402437924,0 -45.9379919494511,-22.2567344746026,0 -45.93802387052641,-22.256396839696,0 -45.9380007307264,-22.2561297271188,0 -45.9379000472808,-22.255467029704,0 -45.9377993649053,-22.2548043321407,0 -45.937701087552,-22.2541237343904,0 -45.9376028112781,-22.2534431364917,0 -45.937498005003,-22.2527362888672,0 -45.9373931999194,-22.252029441078,0 -45.9372909587064,-22.2513285404038,0 -45.9371887186481,-22.2506276395704,0 -45.93716736452159,-22.2504810599132,0 -45.9371571538434,-22.2503670862603,0 -45.93720193668591,-22.2502077801902,0 -45.93724794711471,-22.2501367831785,0 -45.93662838930459,-22.2500132543387,0 -45.9352599957653,-22.2498359487845,0 -45.9352057245551,-22.2498291264616,0 -45.9351511834687,-22.2498245333107,0 -45.9350964781167,-22.2498221782203,0 -45.9350417144283,-22.2498220657575,0 -45.9349869984449,-22.2498241961373,0 -45.9349324361162,-22.249828565232,0 -45.9348781330941,-22.2498351645849,0 -45.9347594842175,-22.2498590653659,0 -45.93464127090209,-22.2498847685206,0 -45.93452352474051,-22.2499122671804,0 -45.93440627720071,-22.2499415539966,0 -45.9342895596174,-22.2499726211446,0 -45.9341734031839,-22.2500054603171,0 -45.9340578389434,-22.2500400627424,0 -45.9340402696354,-22.2500468732782,0 -45.9340229142628,-22.2500541436258,0 -45.93400578670929,-22.2500618679625,0 -45.9339889006765,-22.2500700401178,0 -45.9339722696724,-22.2500786535487,0 -45.9339559070014,-22.2500877013633,0 -45.9339398257534,-22.2500971763286,0 -45.9326231033146,-22.2509953651174,0 -45.93178934580221,-22.2515368444183,0 -45.9308897490244,-22.2517460436193,0 -45.9286815932798,-22.2522247110758,0 -45.9273579036902,-22.2525161000501,0 -45.9269410656923,-22.25261258295,0 -45.9266243137815,-22.2525440258701,0 -45.9264692928223,-22.2531526055185,0 -45.92616107114619,-22.2543461439923,0 -45.92607648252789,-22.2546759852281,0 -45.9258857340637,-22.2554202531154,0 -45.925613497503,-22.2564794389204,0 -45.9255095873654,-22.2568604417672,0 -45.9262282916291,-22.2569968941039,0 -45.9261571652155,-22.2572785103694,0 -45.9261181954078,-22.2574325718889,0 -45.92609047438639,-22.257526846897,0 -45.9260263423399,-22.2575877477905,0 -45.9259120526835,-22.2577253459583,0 -45.9249388982337,-22.2588971952961,0 -45.92425371140551,-22.2597352418088,0 -45.92370614607489,-22.2604099694304,0 -45.923581437903,-22.2606493640481,0 -45.923698209599,-22.26087453614,0 -45.9242495363501,-22.2619373461199,0 -45.9247721758097,-22.2629310307283,0 -45.92516653299881,-22.2637387491031,0 -45.9251715967833,-22.2637485257463,0 -45.9251773037059,-22.2637579904918,0 -45.9251836316923,-22.263767106723,0 -45.9251905562668,-22.2637758391859,0 -45.9251980506452,-22.2637841541018,0 -45.9252060858401,-22.2637920193082,0 -45.9252146307715,-22.2637994043816,0 -45.9252236523886,-22.26380628076,0 -45.9252331157961,-22.2638126218452,0 -45.9252429843902,-22.2638184031078,0 -45.9252532199997,-22.2638236021908,0 -45.9252637830339,-22.2638281989785,0 -45.9252746326357,-22.2638321756968,0 -45.9242959991714,-22.2645962478119,0 -45.924016259536,-22.2648881066783,0 -45.9241301679038,-22.2660717473793,0 -45.9241914123351,-22.2673919520887,0 -45.9239265937472,-22.2682710758051,0 -45.9228136729258,-22.2688947710857,0 -45.922396575694,-22.2692267217994,0 -45.9223227566187,-22.269292060941,0 -45.9222871162452,-22.2692571784246,0 -45.9218375300948,-22.2688307329995,0 -45.92138794667161,-22.268404286215,0 -45.9210596956152,-22.2680834736445,0 -45.9206798822923,-22.2677122645223,0 -45.9206564542368,-22.2676974605112,0 -45.9205588470804,-22.2676679745257,0 -45.9202740956182,-22.2676983595182,0 -45.9199893440136,-22.2677287440156,0 -45.919925340783,-22.2677515997553,0 -45.9197859438979,-22.2677548281754,0 -45.91964654700179,-22.2677580564761,0 -45.9195788891151,-22.2677715591386,0 -45.9195118341087,-22.2677874551082,0 -45.9194048243335,-22.2678084836648,0 -45.9192160324049,-22.2678045788861,0 -45.91921582082669,-22.2677925327217,0 -45.9190525550854,-22.2677844536156,0 -45.91877409658931,-22.267767962012,0 -45.9185252078476,-22.2677466053351,0 -45.9182765955813,-22.2677229883517,0 -45.9180598494935,-22.2677043399462,0 -45.91784265178319,-22.2676908428622,0 -45.9176251977052,-22.2676826766644,0 -45.91749468970131,-22.2676872079181,0 -45.9173645022794,-22.267696253977,0 -45.91723482893909,-22.267709723415,0 -45.9171056702572,-22.2677277065649,0 -45.9168430973346,-22.2677808601178,0 -45.91674259901379,-22.2678033785993,0 -45.9165761288044,-22.2678893227185,0 -45.916428493277,-22.2679911496027,0 -45.91634748545601,-22.2680557440556,0 -45.9162689208849,-22.2681229443858,0 -45.91621890269311,-22.2681771561754,0 -45.9161388287377,-22.2682804439309,0 -45.9160752061786,-22.2683474340241,0 -45.91592214773939,-22.2685108991266,0 -45.9158770800555,-22.2685652635696,0 -45.91583649608701,-22.2686225837561,0 -45.91580078286561,-22.2686826768382,0 -45.9157699374563,-22.2687450911634,0 -45.9157443457178,-22.2688094632213,0 -45.9157093890787,-22.2689560020611,0 -45.91569768743359,-22.2690071973129,0 -45.9156654874806,-22.2691068335255,0 -45.9155388855904,-22.2693065246204,0 -45.91540853461719,-22.2694805535352,0 -45.91533365649241,-22.2695924481989,0 -45.9152617009693,-22.269706042715,0 -45.9151422780454,-22.2699080710498,0 -45.91500021104969,-22.2701801457106,0 -45.9149130010941,-22.2703808180635,0 -45.9147894897593,-22.2706408638808,0 -45.9146807703578,-22.2708768422879,0 -45.9145694650854,-22.2710740821808,0 -45.9144011763053,-22.2713439553037,0 -45.9142819595772,-22.2715045278722,0 -45.9141215150059,-22.2716933577052,0 -45.9139790164453,-22.2718332888282,0 -45.9138180893277,-22.2719492802392,0 -45.9136845701485,-22.2720254956763,0 -45.91345803499999,-22.2720922631993,0 -45.91337835802319,-22.2721157465933,0 -45.9131520830445,-22.2721701807972,0 -45.9130974884319,-22.2722075700322,0 -45.9130734607873,-22.272348717169,0 -45.9130795580281,-22.272817112077,0 
								</coordinates>
							</LinearRing>
						</outerBoundaryIs>
					</Polygon>
				</MultiGeometry>
			</Placemark>
			<Placemark>
				<styleUrl>#m_ylw-pushpin1</styleUrl>
				<ExtendedData>
					<SchemaData schemaUrl="#mqu">
						<SimpleData name="fid">3</SimpleData>
						<SimpleData name="handle">697</SimpleData>
						<SimpleData name="block">-1</SimpleData>
						<SimpleData name="etype">18</SimpleData>
						<SimpleData name="space">0</SimpleData>
						<SimpleData name="layer">4_Macroarea_QualificaÃ§ao_Urbana</SimpleData>
						<SimpleData name="olinetype">BYLAYER</SimpleData>
						<SimpleData name="color">153,76,0,254</SimpleData>
						<SimpleData name="ocolor">256</SimpleData>
						<SimpleData name="color24">-1</SimpleData>
						<SimpleData name="transparen">0</SimpleData>
						<SimpleData name="lweight">30</SimpleData>
						<SimpleData name="linewidth">0.300000000000000</SimpleData>
						<SimpleData name="ltscale">1.000000000000000</SimpleData>
						<SimpleData name="visible">1</SimpleData>
						<SimpleData name="width">0.000000000000000</SimpleData>
						<SimpleData name="thickness">0.000000000000000</SimpleData>
						<SimpleData name="ext">(3:0,0,0.1)</SimpleData>
					</SchemaData>
				</ExtendedData>
				<MultiGeometry>
					<Polygon>
						<outerBoundaryIs>
							<LinearRing>
								<coordinates>
									-45.8564552200477,-22.2419925647133,0 -45.8560651739169,-22.2426626518085,0 -45.855675124158,-22.2433327380308,0 -45.8553397691189,-22.2439177103393,0 -45.8550044113581,-22.2445026820026,0 -45.85481887881521,-22.2448155870091,0 -45.8546333454656,-22.245128491818,0 -45.85432847213291,-22.2456606813156,0 -45.85402359654889,-22.2461928702796,0 -45.8538330810301,-22.2465249064022,0 -45.8536532058401,-22.2468383966472,0 -45.8536425646334,-22.2468569423164,0 -45.85357478531879,-22.2469710201897,0 -45.853689761389,-22.2469396509669,0 -45.8538230085691,-22.2470084813785,0 -45.85394151859159,-22.2471075986291,0 -45.8540731231637,-22.2471911813617,0 -45.85428185594311,-22.2472128783748,0 -45.85449182190101,-22.2472177077225,0 -45.8547371381154,-22.2472331301109,0 -45.85498245437011,-22.2472485521274,0 -45.85549221355921,-22.2472649761763,0 -45.8560019728089,-22.2472813986226,0 -45.85631131614701,-22.2473103131183,0 -45.8566210353812,-22.2473355006685,0 -45.857013328836,-22.2473883458535,0 -45.8571916045482,-22.2474083978059,0 -45.8574072510676,-22.2474293698187,0 -45.85762069080249,-22.2474636986161,0 -45.8578351937542,-22.2474917020312,0 -45.8581015525838,-22.2475205455706,0 -45.8583682819938,-22.2475462510624,0 -45.8586667256087,-22.2475761667147,0 -45.8589655270692,-22.247602808054,0 -45.85922847569449,-22.247620360273,0 -45.8593313903434,-22.2476240675085,0 -45.8594920219154,-22.2476263127565,0 -45.8596922440653,-22.2476351308308,0 -45.8598926755681,-22.2476373828223,0 -45.8600498437215,-22.2476378375548,0 -45.8603049455968,-22.2473259825679,0 -45.860844265884,-22.2466138572227,0 -45.8612899166959,-22.2460253539375,0 -45.8620421148647,-22.2464760260081,0 -45.86252714598649,-22.2461866376588,0 -45.8630121750838,-22.2458972479155,0 -45.8633556096131,-22.2457009769635,0 -45.8635525411738,-22.2455884116776,0 -45.8636990431688,-22.2455047053117,0 -45.8638959741711,-22.2453921396245,0 -45.8640929048531,-22.2452795737073,0 -45.8640954626835,-22.2451744998243,0 -45.8641563908305,-22.2450767399877,0 -45.8641825972859,-22.2450626528739,0 -45.8643174889292,-22.2449846988298,0 -45.8646338299475,-22.2448017131336,0 -45.8649501701301,-22.244618726844,0 -45.86527121818,-22.2444282170465,0 -45.86559226534769,-22.2442377066383,0 -45.8659350638258,-22.2440339359341,0 -45.8662778612963,-22.2438301645338,0 -45.8663481413772,-22.2437709815792,0 -45.8664613654115,-22.2436597450275,0 -45.8666144737534,-22.2434650409202,0 -45.8668002856298,-22.2431561438713,0 -45.8669417423748,-22.2428275144092,0 -45.8670125271635,-22.2426454721226,0 -45.8670833117769,-22.2424634298069,0 -45.86716238344499,-22.2423211174683,0 -45.8672613424203,-22.2421900281759,0 -45.8674588174203,-22.2419463785212,0 -45.867656291744,-22.2417027286413,0 -45.86784034520879,-22.2414505568173,0 -45.8680048734933,-22.2411869490284,0 -45.8681440066105,-22.2409156244539,0 -45.8681894752146,-22.2407897325326,0 -45.8682324642036,-22.2406264663789,0 -45.868345728701,-22.2402601831458,0 -45.86845899264169,-22.2398938998365,0 -45.8685331356037,-22.239635369918,0 -45.86860727831,-22.2393768399664,0 -45.8686615176035,-22.2391471710541,0 -45.8686807304004,-22.2389039925167,0 -45.86866760194469,-22.2387419102907,0 -45.8686287379941,-22.2382772510021,0 -45.8685492759046,-22.2378969824592,0 -45.86848811114321,-22.2377537847306,0 -45.8683649783706,-22.2375496515341,0 -45.8682063973999,-22.2373877135512,0 -45.8683304992626,-22.2372924695331,0 -45.86845457298671,-22.2371972468904,0 -45.86816856658951,-22.2370904403884,0 -45.86786718836321,-22.2369342779793,0 -45.8675658107906,-22.2367781149871,0 -45.8672718603837,-22.2366525606519,0 -45.866989118246,-22.2365063896839,0 -45.86665872757209,-22.236400755976,0 -45.8663129298403,-22.2363546160631,0 -45.8659832966599,-22.2363506789443,0 -45.8656585459573,-22.2364034493479,0 -45.86525209587479,-22.2365269656214,0 -45.8648800683086,-22.2367231340317,0 -45.86456558814349,-22.2369949812318,0 -45.8642853788565,-22.2372975786299,0 -45.86397414273861,-22.2376736674318,0 -45.8636429701871,-22.2380346981346,0 -45.8632914340125,-22.2383422581856,0 -45.86285264151631,-22.2385288745532,0 -45.8625140681727,-22.2386282371525,0 -45.86222170939201,-22.2386552928991,0 -45.8621601928716,-22.2386545006939,0 -45.8617880735847,-22.2386988489808,0 -45.8614346795963,-22.2388160720256,0 -45.8610164719099,-22.2390306426059,0 -45.8607075595446,-22.2390730844307,0 -45.8605401602736,-22.2390621855492,0 -45.8603204940566,-22.2390636830624,0 -45.8601065097937,-22.2391099188507,0 -45.85979428123551,-22.2392606427671,0 -45.85956082382259,-22.2394188618712,0 -45.8592717326117,-22.2395748203397,0 -45.8590082875621,-22.2396391296118,0 -45.8586736900846,-22.2397264568544,0 -45.8585818359123,-22.2397545117778,0 -45.85816782518669,-22.2399040958908,0 -45.85782155035329,-22.2400972368645,0 -45.8575157922392,-22.2403425929223,0 -45.8572591224674,-22.2406618706899,0 -45.85703198939011,-22.2409999876492,0 -45.8568427263099,-22.2413282715993,0 -45.8564552200477,-22.2419925647133,0 
								</coordinates>
							</LinearRing>
						</outerBoundaryIs>
					</Polygon>
				</MultiGeometry>
			</Placemark>
			<Placemark>
				<styleUrl>#m_ylw-pushpin1</styleUrl>
				<ExtendedData>
					<SchemaData schemaUrl="#mqu">
						<SimpleData name="fid">4</SimpleData>
						<SimpleData name="handle">699</SimpleData>
						<SimpleData name="block">-1</SimpleData>
						<SimpleData name="etype">18</SimpleData>
						<SimpleData name="space">0</SimpleData>
						<SimpleData name="layer">4_Macroarea_QualificaÃ§ao_Urbana</SimpleData>
						<SimpleData name="olinetype">BYLAYER</SimpleData>
						<SimpleData name="color">153,76,0,254</SimpleData>
						<SimpleData name="ocolor">256</SimpleData>
						<SimpleData name="color24">-1</SimpleData>
						<SimpleData name="transparen">0</SimpleData>
						<SimpleData name="lweight">30</SimpleData>
						<SimpleData name="linewidth">0.300000000000000</SimpleData>
						<SimpleData name="ltscale">1.000000000000000</SimpleData>
						<SimpleData name="visible">1</SimpleData>
						<SimpleData name="width">0.000000000000000</SimpleData>
						<SimpleData name="thickness">0.000000000000000</SimpleData>
						<SimpleData name="ext">(3:0,0,0.1)</SimpleData>
					</SchemaData>
				</ExtendedData>
				<MultiGeometry>
					<Polygon>
						<outerBoundaryIs>
							<LinearRing>
								<coordinates>
									-45.9227777670376,-22.2247181192431,0 -45.9227777645002,-22.2247181127536,0 -45.922839922807,-22.2247210655001,0 -45.9229694039486,-22.2247058241034,0 -45.9234071358685,-22.2246402412463,0 -45.9238448673359,-22.2245746572247,0 -45.9242156918353,-22.2245151884076,0 -45.9244166205699,-22.2245053413763,0 -45.9245591157833,-22.2245089009706,0 -45.9248281699587,-22.2245258743095,0 -45.92509696966201,-22.2245460423302,0 -45.9253206673553,-22.2245391225039,0 -45.9255386556829,-22.2244918586347,0 -45.9259672348581,-22.2243768410965,0 -45.9263809902849,-22.2242217512224,0 -45.9266852323304,-22.2241146430579,0 -45.9269894738945,-22.2240075343388,0 -45.92719230780629,-22.2239346527144,0 -45.9273951415,-22.2238617708435,0 -45.9276009901929,-22.223775276163,0 -45.92780451840151,-22.2236897561607,0 -45.9279129986819,-22.2238418475434,0 -45.92799515486141,-22.2237910500438,0 -45.9284567476425,-22.2234747292259,0 -45.928918338329,-22.2231584071572,0 -45.92916909759601,-22.2229821776164,0 -45.92941985622961,-22.2228059477068,0 -45.9295658076994,-22.2227367756885,0 -45.9297117590221,-22.2226676035435,0 -45.9296328605625,-22.2225469607622,0 -45.9295344133022,-22.2223964329292,0 -45.9299130410155,-22.2224407972086,0 -45.9302213752789,-22.222484427752,0 -45.9303198998439,-22.2224983692462,0 -45.93052970971041,-22.2225280577043,0 -45.930949847253,-22.2225913726567,0 -45.9313699851309,-22.2226546865106,0 -45.9314609315047,-22.2226748524803,0 -45.9316013345581,-22.2227059367073,0 -45.9318813978715,-22.2227437638648,0 -45.9321614613164,-22.2227815905347,0 -45.93241063445079,-22.2228064500691,0 -45.9326598076581,-22.2228313092187,0 -45.93274971063061,-22.2228403692833,0 -45.9328505845343,-22.2228505407429,0 -45.93285746626,-22.2227761559022,0 -45.9330921766558,-22.2228073755703,0 -45.9332990169723,-22.2228348703892,0 -45.9336252224892,-22.2228664677357,0 -45.9339514281265,-22.2228980644229,0 -45.9342662002523,-22.2229392564072,0 -45.9344409440999,-22.2229621011727,0 -45.9345809725382,-22.2229804477759,0 -45.9349264368733,-22.2230119318612,0 -45.9351420302224,-22.2230315797012,0 -45.9352719013336,-22.2230434152074,0 -45.9356607813867,-22.2230745577983,0 -45.9360496615747,-22.2231056994535,0 -45.9361823073786,-22.2231372759866,0 -45.9363149532379,-22.2231688524093,0 -45.9365868732012,-22.2232539367553,0 -45.9366262188501,-22.2232662480474,0 -45.9369374848712,-22.2233636430738,0 -45.9371124832663,-22.2234319669061,0 -45.9371657717107,-22.2234527720212,0 -45.9372874818247,-22.2235002905437,0 -45.9375838161834,-22.223664708199,0 -45.9376764421213,-22.2237161004246,0 -45.937800592638,-22.223581164023,0 -45.93794837527301,-22.2234158581132,0 -45.9380961575639,-22.2232505520779,0 -45.93827209527349,-22.2230662487961,0 -45.9385735988277,-22.2231982499204,0 -45.938875102929,-22.2233302504642,0 -45.9389774722773,-22.2233827763451,0 -45.9390798417001,-22.2234353021586,0 -45.9390201592761,-22.2235207417332,0 -45.9388271772395,-22.2237971950034,0 -45.9386554992659,-22.2240384301919,0 -45.938510053039,-22.2242428047867,0 -45.938510063082,-22.2242428380238,0 -45.93863141811381,-22.2243562303513,0 -45.9387454676395,-22.2244627962667,0 -45.9387629047303,-22.2244466191593,0 -45.9388883145704,-22.2243091742034,0 -45.9390137241675,-22.224171729157,0 -45.9390672830918,-22.2241243246968,0 -45.93909924934729,-22.2240622921067,0 -45.93919714704331,-22.2240921696858,0 -45.9392083631137,-22.2242460348805,0 -45.93926209341821,-22.2246071077317,0 -45.9393108140621,-22.2249345133315,0 -45.9393158240342,-22.2249681805398,0 -45.93935836406929,-22.2251859119681,0 -45.93940090424869,-22.225403643375,0 -45.9394318803164,-22.2257319133295,0 -45.93941504017491,-22.2259963364396,0 -45.93932479352301,-22.226780825089,0 -45.9393036097232,-22.2269409704565,0 -45.9392651782208,-22.2272333835461,0 -45.9391909832733,-22.2278016042331,0 -45.939176008011,-22.2279171234482,0 -45.9391362772247,-22.2282236060563,0 -45.93907662427029,-22.2286633822971,0 -45.93901697099789,-22.2291031585055,0 -45.9389464023662,-22.2296377133317,0 -45.9388656157418,-22.2298351969293,0 -45.9387409636566,-22.230011799628,0 -45.9384973544791,-22.23020534675,0 -45.9382348391154,-22.2304157144511,0 -45.9381638947381,-22.2304787705994,0 -45.93806595696071,-22.2305533896374,0 -45.9379588568895,-22.230636502699,0 -45.93784069840639,-22.2307199755569,0 -45.9378247632999,-22.2307311785741,0 -45.9376638344737,-22.2308540127246,0 -45.93750290536501,-22.2309768467236,0 -45.9373902650108,-22.2310585259384,0 -45.93728525343819,-22.2311347410493,0 -45.9372776245248,-22.2311402050789,0 -45.9370838036764,-22.2312997685012,0 -45.9368899823872,-22.2314593317046,0 -45.93674975792419,-22.2315734187811,0 -45.93668929589029,-22.2316225476024,0 -45.9364886089264,-22.2317857632654,0 -45.936376439342,-22.2318727688271,0 -45.93626426961809,-22.2319597743153,0 -45.93608728083729,-22.2321046958561,0 -45.9359102916908,-22.2322496172143,0 -45.93566828683021,-22.2324594564062,0 -45.935593964882,-22.2325238997838,0 -45.9354262812473,-22.2326692952576,0 -45.93520974559441,-22.2328426276871,0 -45.9349932094059,-22.2330159598429,0 -45.93488653107361,-22.233110373471,0 -45.9348257487031,-22.2331641676652,0 -45.9345347657171,-22.233414395263,0 -45.9343222567216,-22.2335971391471,0 -45.9342437816948,-22.2336646223683,0 -45.9339945853549,-22.2338735068078,0 -45.9337453882735,-22.2340823908857,0 -45.9336937447038,-22.2341027584223,0 -45.933648884928,-22.2340887263452,0 -45.9335443260175,-22.2340068512088,0 -45.9334397559282,-22.233924967152,0 -45.93340923528,-22.2339592073386,0 -45.93333301081231,-22.2340387326459,0 -45.933256786259,-22.2341182579196,0 -45.9332145627799,-22.2341232879445,0 -45.9334152706028,-22.2342551987747,0 -45.9334882666738,-22.2343181945904,0 -45.93372502653339,-22.2345020662281,0 -45.9339617870066,-22.2346859374957,0 -45.9341206123344,-22.2348009243849,0 -45.9342908545737,-22.2349241982248,0 -45.9343318925052,-22.2349539115531,0 -45.9345440698864,-22.2350973879192,0 -45.9346010982636,-22.2351293315475,0 -45.9348987335782,-22.2352589652892,0 -45.93512064895601,-22.2353524734612,0 -45.9353238226296,-22.2354775692742,0 -45.9356209740585,-22.235666510705,0 -45.9359181262726,-22.2358554515608,0 -45.9361787657818,-22.2360618559231,0 -45.9364394060499,-22.2362682598359,0 -45.9367047894286,-22.2365093243874,0 -45.9369701737144,-22.2367503884672,0 -45.9369816211665,-22.236760824647,0 -45.9370099737623,-22.2367383253322,0 -45.9370362269534,-22.2367100348945,0 -45.9371123457721,-22.2367241852549,0 -45.9373071113251,-22.2368442011337,0 -45.9375018772046,-22.236964216766,0 -45.93813792675739,-22.237336294272,0 -45.9387739796088,-22.2377083691563,0 -45.9394213689261,-22.2380774852457,0 -45.9400687615705,-22.2384465986229,0 -45.9405986635788,-22.2387523419848,0 -45.9411285678439,-22.2390580835283,0 -45.9418460315827,-22.2394640468132,0 -45.94256349937551,-22.2398700067678,0 -45.9427978250449,-22.2399987295152,0 -45.9428126286923,-22.2400068640916,0 -45.94307675682609,-22.2401519447707,0 -45.9434035556821,-22.2403383957936,0 -45.9437303553864,-22.2405248461251,0 -45.94374525475169,-22.2405331648551,0 -45.9441777580212,-22.2407746424114,0 -45.9446251622108,-22.2410244374033,0 -45.9449540218014,-22.2412137187246,0 -45.9452828822591,-22.2414029993454,0 -45.94546851918039,-22.2415054880657,0 -45.9456541563662,-22.2416079765632,0 -45.9457104874229,-22.2416299614499,0 -45.9457646728649,-22.241664786249,0 -45.94574193709461,-22.2416893087273,0 -45.9458743325274,-22.2417384933296,0 -45.9460330069053,-22.2416260526039,0 -45.9461916810272,-22.2415136117306,0 -45.946104807745,-22.2414735120757,0 -45.9460179345109,-22.2414334123725,0 -45.94613967968341,-22.2412115659171,0 -45.9463252335887,-22.2409404320491,0 -45.9465107867922,-22.2406692979855,0 -45.9466270306061,-22.2404881787518,0 -45.946743274127,-22.2403070594415,0 -45.94678960652941,-22.240126301997,0 -45.9468632620057,-22.2398961984746,0 -45.9469369172552,-22.2396660949208,0 -45.9473860445197,-22.2395794538366,0 -45.9482640642587,-22.2391827492428,0 -45.95063354060721,-22.2384039419321,0 -45.9517258798791,-22.239921968142,0 -45.9524162099019,-22.2409117768046,0 -45.9523618354716,-22.2411650306441,0 -45.9523074608636,-22.2414182844645,0 -45.9522909053223,-22.2414956170416,0 -45.9522872370922,-22.2415128019953,0 -45.9522803236436,-22.2417102675386,0 -45.9522734101869,-22.2419077330775,0 -45.9521843806187,-22.242072933469,0 -45.95212885919329,-22.2421759401322,0 -45.9520953508476,-22.2422381338157,0 -45.9519792953592,-22.2424534470903,0 -45.9519733395959,-22.242505888546,0 -45.9525648786111,-22.2425641090525,0 -45.9534242187753,-22.242648683171,0 -45.9535566039834,-22.2426536123389,0 -45.9537311358298,-22.2426426425141,0 -45.9539096218487,-22.2426103328378,0 -45.9539599933543,-22.2425971212724,0 -45.9540296181202,-22.2425758455681,0 -45.9541159986141,-22.242557873151,0 -45.9542040044225,-22.2425490769693,0 -45.9542571105176,-22.2425434243657,0 -45.9543569033678,-22.2425622162214,0 -45.9544724531343,-22.2426563536359,0 -45.9545455015664,-22.2427457128877,0 -45.9546065569297,-22.2428425576306,0 -45.954869607988,-22.2431222989069,0 -45.9551580621664,-22.2433794252389,0 -45.9554271206931,-22.243547672092,0 -45.9561171717758,-22.2440231078559,0 -45.95680722746251,-22.2444985404982,0 -45.9570263886471,-22.2446346483518,0 -45.95710595886799,-22.2446774498522,0 -45.957298553513,-22.2447809676836,0 -45.957570718932,-22.2449272865371,0 -45.95783953017541,-22.2450511767043,0 -45.9581083418781,-22.2451750664083,0 -45.9583219892438,-22.245256327095,0 -45.9584254080755,-22.2452956901461,0 -45.9585356368465,-22.2453375874913,0 -45.9586003345966,-22.2453622284802,0 -45.95866503236841,-22.2453868694425,0 -45.9591312735945,-22.2455185812219,0 -45.9595975156429,-22.2456502916307,0 -45.9604737758702,-22.2459005356476,0 -45.9613500390357,-22.2461507748222,0 -45.9620477421172,-22.2463423553836,0 -45.9623120292839,-22.2464149244133,0 -45.9624327346461,-22.2461708812497,0 -45.96255343242581,-22.2459268525163,0 -45.96275461786411,-22.245611118834,0 -45.9629558024193,-22.2452953849227,0 -45.9630439390929,-22.2451218284196,0 -45.9631320755562,-22.2449482718728,0 -45.96320636999959,-22.2448436316525,0 -45.9632806643344,-22.2447389914008,0 -45.9633924145727,-22.2445633526204,0 -45.9635041645381,-22.2443877137694,0 -45.96361999240919,-22.2442053659734,0 -45.9637358199868,-22.2440230181016,0 -45.9638172194596,-22.2439145414792,0 -45.9638986188089,-22.2438060648191,0 -45.9640946621034,-22.2434913085698,0 -45.964290704541,-22.2431765521033,0 -45.96439934357641,-22.2429932979196,0 -45.9645079823359,-22.2428100436692,0 -45.9646358757439,-22.2425909956916,0 -45.9647720551197,-22.242376319936,0 -45.9649056817578,-22.2421482703247,0 -45.9649967480214,-22.2419027213348,0 -45.9650877238522,-22.2416738778618,0 -45.9652134986298,-22.24145979275,0 -45.965363266016,-22.2411750266537,0 -45.9654392086589,-22.2409379191056,0 -45.9654658413787,-22.240943391835,0 -45.9656474059196,-22.2410443907723,0 -45.96617875643561,-22.2413399679025,0 -45.9667656412552,-22.2416664338551,0 -45.9668237507177,-22.2415880294049,0 -45.9668774475889,-22.2415155785697,0 -45.9670221919825,-22.2415816550412,0 -45.9674328760776,-22.2417135381401,0 -45.9678435609038,-22.2418454201719,0 -45.9679402295354,-22.2418768228265,0 -45.9679755196241,-22.241780542787,0 -45.9680098094327,-22.2416869916311,0 -45.9680714881974,-22.2416767698876,0 -45.9681438612798,-22.2416046101288,0 -45.96824080254931,-22.2416094970541,0 -45.96835859526649,-22.2416154350473,0 -45.9683682811629,-22.2415462015279,0 -45.9683664901066,-22.2414369788921,0 -45.96837331610519,-22.2413006697895,0 -45.96838014209609,-22.2411643606848,0 -45.96839000014669,-22.2409680067461,0 -45.9683998581811,-22.2407716528032,0 -45.96844953783369,-22.2407356201352,0 -45.96854405828071,-22.2407303243484,0 -45.968736746333,-22.2407090767583,0 -45.9689833592583,-22.2406816225766,0 -45.9691397212563,-22.2406957972627,0 -45.9692512098933,-22.2407252973021,0 -45.9693388858928,-22.2407613597707,0 -45.9695834166247,-22.2408928324049,0 -45.9698005024646,-22.2410609539556,0 -45.96992045434771,-22.2411762269093,0 -45.9699682137486,-22.2412349842862,0 -45.9700400076516,-22.2413463347059,0 -45.97009567660101,-22.2412998420323,0 -45.97016654513081,-22.2412341982318,0 -45.9702034444712,-22.2412027677502,0 -45.9702403437949,-22.2411713372608,0 -45.9703097250049,-22.2410870031992,0 -45.97037627794071,-22.2410006083145,0 -45.9706046005827,-22.2407189399699,0 -45.9708589766826,-22.2404162486693,0 -45.97082615556711,-22.2403987392409,0 -45.9708455888514,-22.2403744137718,0 -45.9711367086232,-22.2400249808007,0 -45.9715131866904,-22.2402342029104,0 -45.9715528356692,-22.2400738946943,0 -45.9715702124943,-22.2400037579981,0 -45.9715763436497,-22.2400072686259,0 -45.9716522495631,-22.2398139525983,0 -45.9719889833986,-22.2400148294105,0 -45.9722601680659,-22.2401800091687,0 -45.9724113025152,-22.2402720135369,0 -45.97253135335799,-22.2403451884482,0 -45.9725767919976,-22.2403727928442,0 -45.9728336231472,-22.2405291965027,0 -45.97326534772209,-22.2407779209949,0 -45.9736924946364,-22.2410239616924,0 -45.9737364189005,-22.2410473660493,0 -45.97387870447069,-22.2411223489253,0 -45.9740603353905,-22.2412180533595,0 -45.97447197930521,-22.241431890523,0 -45.97478419415589,-22.2415940196044,0 -45.97488362443959,-22.2416457265936,0 -45.9752706084248,-22.2418503148187,0 -45.975657593508,-22.242054902077,0 -45.97573987710639,-22.2419846315608,0 -45.9758007704557,-22.2418379648532,0 -45.97585001703411,-22.2416910681806,0 -45.9759234881513,-22.2415532194594,0 -45.97604627541001,-22.2414068391656,0 -45.97618968656199,-22.2412777299236,0 -45.9763348988845,-22.2411366477233,0 -45.9764324251567,-22.240963627756,0 -45.97648541167539,-22.240844571059,0 -45.9765065012394,-22.2407172045061,0 -45.9765257967081,-22.2405852116801,0 -45.97656019390091,-22.2404559082761,0 -45.9766139697515,-22.2402903026413,0 -45.9767068896159,-22.2401193015199,0 -45.9761104441466,-22.2399450172638,0 -45.975528083068,-22.2397748459757,0 -45.97544186908101,-22.2397538638146,0 -45.97489263738111,-22.2395964091543,0 -45.9743434068388,-22.2394389525913,0 -45.9742585353826,-22.2394156130703,0 -45.973884567879,-22.2393031296654,0 -45.97346131777,-22.2391850235842,0 -45.9730380683289,-22.2390669163739,0 -45.97300841582949,-22.2390586024551,0 -45.9726677641606,-22.2389507045041,0 -45.9719221808013,-22.2390800040394,0 -45.9708945489786,-22.2384810881427,0 -45.9698669257283,-22.2378821653934,0 -45.969724519372,-22.2377913157655,0 -45.9660146813583,-22.237245177932,0 -45.96557885509129,-22.2370638643975,0 -45.9654980794182,-22.2368068811166,0 -45.9647616812309,-22.236002082459,0 -45.9638637484953,-22.2346833115286,0 -45.9638577441313,-22.2345893815837,0 -45.9634212280161,-22.2344500416482,0 -45.9628122949391,-22.2345752992587,0 -45.9622033606905,-22.2347005546254,0 -45.9615316919757,-22.2348213360121,0 -45.960860022,-22.2349421146634,0 -45.9602284439397,-22.2347444282963,0 -45.95959686756211,-22.2345467394083,0 -45.95869400715729,-22.2345695788966,0 -45.9577029219854,-22.2340674974336,0 -45.9567118437012,-22.2335654096491,0 -45.9558269097333,-22.2334567686412,0 -45.95494197693669,-22.2333481227677,0 -45.9543405877767,-22.2334392255467,0 -45.9534976039083,-22.2339696061144,0 -45.9533112603604,-22.2342334165591,0 -45.95285811330799,-22.2339908687505,0 -45.9518791777858,-22.2338915142559,0 -45.9516365132853,-22.2341731670532,0 -45.9515000010046,-22.2341990844531,0 -45.95129539763949,-22.2343635497646,0 -45.951041676292,-22.2344503649394,0 -45.95041367386429,-22.2345190768971,0 -45.9500038293816,-22.2346648319015,0 -45.9499419271889,-22.234712448717,0 -45.9498624678009,-22.2347241941687,0 -45.94959482473741,-22.2348201564126,0 -45.94934126094291,-22.2348725587153,0 -45.94908174491129,-22.2348805137863,0 -45.94888122228041,-22.2348816839264,0 -45.9486235838986,-22.2348831869998,0 -45.9475977577959,-22.2348950497914,0 -45.9475953322669,-22.2345342587067,0 -45.9475702114156,-22.2343336824687,0 -45.947539424437,-22.2340119107194,0 -45.9475117672578,-22.2337876365006,0 -45.9474841101809,-22.2335633622678,0 -45.9474600028378,-22.2333763753757,0 -45.9474358955685,-22.2331893884735,0 -45.9474114496384,-22.2329953122978,0 -45.9473870037862,-22.2328012361114,0 -45.9473476023804,-22.2324680419772,0 -45.9473338833231,-22.2323396666067,0 -45.9473201642956,-22.2322112912321,0 -45.947292789354,-22.2320866539297,0 -45.94726541446519,-22.2319620166191,0 -45.94748332850959,-22.2318446677823,0 -45.947599118837,-22.2317705062905,0 -45.9477149090407,-22.2316963447199,0 -45.9477796604761,-22.2316508002829,0 -45.9478444118691,-22.2316052558214,0 -45.9479041810281,-22.2315619083939,0 -45.9479631425905,-22.2315066867007,0 -45.9480221041067,-22.2314514649874,0 -45.9481327354586,-22.231353304295,0 -45.948243366656,-22.2312551435315,0 -45.9483289993387,-22.2311765954826,0 -45.9483730058638,-22.2311267453973,0 -45.9486005962793,-22.2308039186607,0 -45.94869701985829,-22.2306420193338,0 -45.94878068506931,-22.230473057973,0 -45.94882797478661,-22.230060496685,0 -45.9488726618466,-22.22983792345,0 -45.94901182016991,-22.2295383762693,0 -45.9490493821252,-22.2294897831263,0 -45.949165878357,-22.2293407293803,0 -45.9492448125479,-22.2292402687499,0 -45.9493637067839,-22.2292660715849,0 -45.94991186010721,-22.2293825353253,0 -45.95052176135081,-22.2295249975834,0 -45.9511316637402,-22.2296674575084,0 -45.95120294023079,-22.2296905275867,0 -45.95147014118551,-22.22976069011,0 -45.9517340517978,-22.2297745932443,0 -45.9517970321164,-22.2297760313977,0 -45.9518941121822,-22.2297351565485,0 -45.9521494997148,-22.229627627117,0 -45.9523555538121,-22.22953680928,0 -45.9525167097626,-22.2294497771541,0 -45.9530742747978,-22.229141181598,0 -45.9536318373415,-22.2288325842049,0 -45.9538029421426,-22.2287319875596,0 -45.953974046695,-22.2286313907416,0 -45.9539975401689,-22.2285759684539,0 -45.9543341696725,-22.2284966677488,0 -45.9548001222692,-22.2283868873648,0 -45.9547383996337,-22.227969273586,0 -45.95490771552819,-22.2273827337936,0 -45.9546395706967,-22.2271153828992,0 -45.9545298372483,-22.2267645366364,0 -45.9544201043786,-22.2264136902654,0 -45.9545597578137,-22.2262038375821,0 -45.9546867799292,-22.2261203460785,0 -45.954871087895,-22.2256561210666,0 -45.954941493011,-22.2256223744839,0 -45.9549167502392,-22.2253928902746,0 -45.9549777211455,-22.225255495433,0 -45.9547577375244,-22.2248784219697,0 -45.9545377551088,-22.22450134815,0 -45.9542973454142,-22.2245894470313,0 -45.9542120787228,-22.2246206931654,0 -45.9538864017631,-22.2247400375464,0 -45.95371694947501,-22.2247901728463,0 -45.9536195860659,-22.2247829748668,0 -45.95337876937201,-22.2248035617806,0 -45.9532577022027,-22.2247994589214,0 -45.9529618936494,-22.2247816065145,0 -45.9526852686404,-22.2248003731535,0 -45.95201763417081,-22.2249275877632,0 -45.9519212676358,-22.2249459023533,0 -45.95139699543931,-22.2250457650569,0 -45.95115726491439,-22.2250914280175,0 -45.9508995945411,-22.2251383273199,0 -45.9507650809787,-22.2251628103347,0 -45.9506419239804,-22.22518522622,0 -45.95029241188089,-22.2252164805187,0 -45.9499413084233,-22.2252132574452,0 -45.9495543877883,-22.2252079513145,0 -45.9494492541061,-22.2252065093789,0 -45.9489571723715,-22.2251997594464,0 -45.9488727280289,-22.2252002520134,0 -45.9488897883773,-22.2248999722095,0 -45.9489041117379,-22.2245485334484,0 -45.94891347650499,-22.2243187585267,0 -45.94891843506259,-22.2241970946737,0 -45.94894046295741,-22.2237691359648,0 -45.9489429090749,-22.2237216126118,0 -45.94895102501819,-22.2235483891002,0 -45.9489315702968,-22.2234158605763,0 -45.9488582207855,-22.2232652862418,0 -45.9487884294718,-22.2231307338152,0 -45.9486520419817,-22.2228677981237,0 -45.9485322167037,-22.2226367880856,0 -45.9485312395093,-22.2224914882169,0 -45.9485879063777,-22.2222939295635,0 -45.9485593098583,-22.2222867213058,0 -45.9483488184914,-22.2222359158151,0 -45.9479132096279,-22.2221522754166,0 -45.9474139066493,-22.2220542350836,0 -45.9472874649422,-22.2220220444549,0 -45.9471632104221,-22.2219832465855,0 -45.947041532087,-22.2219379747172,0 -45.946922769818,-22.2218862720442,0 -45.9467505455801,-22.2217979788015,0 -45.9465075900763,-22.2216948303569,0 -45.94626463491609,-22.2215916815357,0 -45.94620831858041,-22.2215706901496,0 -45.9461499072561,-22.2215555826608,0 -45.9460899848607,-22.221546626675,0 -45.946029424547,-22.2215438171136,0 -45.9459689066432,-22.2215473306895,0 -45.9459091090544,-22.2215569827929,0 -45.94585090432761,-22.221572678018,0 -45.9457948745631,-22.2215944129828,0 -45.9457417922636,-22.2216216411931,0 -45.94534352268531,-22.2218032243554,0 -45.9449452520514,-22.2219848065745,0 -45.9443620866469,-22.2223592862549,0 -45.9437789181009,-22.2227337639361,0 -45.94370523438,-22.2227272356058,0 -45.9434859458385,-22.222739076567,0 -45.9432715601065,-22.222686119032,0 -45.9431855467232,-22.2226493999197,0 -45.9429742901489,-22.2225710398716,0 -45.9427630338,-22.2224926795403,0 -45.9425633600506,-22.2224488499121,0 -45.9425191816118,-22.2224438664533,0 -45.9424745691376,-22.2224388340215,0 -45.9424551407611,-22.2225881401904,0 -45.9422600509971,-22.2226422965001,0 -45.94206496107459,-22.2226964525806,0 -45.94196100886839,-22.2226612368675,0 -45.9418570567118,-22.222626021086,0 -45.94186106865649,-22.222602059233,0 -45.9417292989729,-22.2225564804415,0 -45.9415975293708,-22.2225109015401,0 -45.9415433689453,-22.2225221454527,0 -45.9415118914033,-22.2224940077652,0 -45.9414804138739,-22.222465870071,0 -45.94143636730151,-22.2224297653351,0 -45.9413923207515,-22.2223936605864,0 -45.9416220882327,-22.2220331611612,0 -45.9410387391918,-22.2215453877791,0 -45.9409960044111,-22.221527224409,0 -45.9411996622676,-22.2214673113075,0 -45.9414510357151,-22.2214568728162,0 -45.94170262335589,-22.2214529285064,0 -45.9420286054798,-22.2214215774232,0 -45.9423553058868,-22.2213975685506,0 -45.9426674879705,-22.2213555668007,0 -45.9429790525347,-22.2213097629665,0 -45.9432621479305,-22.2211866091965,0 -45.94348408712919,-22.2209818118586,0 -45.943632202967,-22.220820486868,0 -45.9436669866431,-22.2207820795018,0 -45.9438469748862,-22.2205800676487,0 -45.94403237857161,-22.2203701841556,0 -45.9441910872875,-22.2201421171847,0 -45.9444401261367,-22.2197778887889,0 -45.9445165085763,-22.2196660630706,0 -45.9445798321015,-22.219565282764,0 -45.9446648241821,-22.2194300163804,0 -45.944706547073,-22.2193662081464,0 -45.9447262204705,-22.2193323029297,0 -45.9448131393019,-22.2191939695656,0 -45.944926040152,-22.218972175289,0 -45.9449857945357,-22.2188548451909,0 -45.9450127987318,-22.218801797554,0 -45.9451413729217,-22.2185492502746,0 -45.9452124570856,-22.2184096253176,0 -45.94531736805439,-22.2181586852544,0 -45.9453903526609,-22.2179841103858,0 -45.9454314834647,-22.2178419500063,0 -45.9455454097879,-22.2178713754309,0 -45.94565931334411,-22.2179007948821,0 -45.9458155528168,-22.2179345625319,0 -45.9458725434019,-22.2179368125398,0 -45.9459757758451,-22.2179276817923,0 -45.94652503449151,-22.2178980538561,0 -45.94693799957791,-22.2178728050506,0 -45.9469352601914,-22.2178358316828,0 -45.9469558935042,-22.217773290539,0 -45.9471612737285,-22.2171505945393,0 -45.9476609539754,-22.2158694553132,0 -45.9478678099523,-22.2159302182359,0 -45.9480105268334,-22.2151944261814,0 -45.9482059190116,-22.2146674512408,0 -45.9484013098004,-22.2141404760832,0 -45.94861379927149,-22.2137687762271,0 -45.9488262876515,-22.2133970761161,0 -45.9488421078684,-22.213095086273,0 -45.9488535464763,-22.2128767358323,0 -45.9488579280437,-22.2127930964197,0 -45.9488320594967,-22.2127315948729,0 -45.9487497898171,-22.2126971593468,0 -45.9488077177926,-22.2126625397367,0 -45.9488656457391,-22.2126279201069,0 -45.9489251910526,-22.2125957752236,0 -45.94898473633841,-22.2125636303194,0 -45.94910677119569,-22.2125043820051,0 -45.9491691643662,-22.2124773694894,0 -45.9492952297088,-22.2124260017931,0 -45.9493928260751,-22.2123851211371,0 -45.94936554614899,-22.2123365670772,0 -45.9493161377571,-22.2121449849776,0 -45.9492295757995,-22.2118096264802,0 -45.9491828581865,-22.2116285977519,0 -45.949143025345,-22.2114742659215,0 -45.9490962969094,-22.2112932391402,0 -45.94904957966369,-22.2111122103503,0 -45.94881622601369,-22.2110927036009,0 -45.94843547328659,-22.2110608666715,0 -45.9480547206955,-22.2110290288451,0 -45.9476906619328,-22.2109982672704,0 -45.9473266032962,-22.2109675048755,0 -45.9470620647827,-22.2109559458635,0 -45.9467693365892,-22.2109361041254,0 -45.94647660845681,-22.2109162618578,0 -45.9464405617933,-22.2109153874548,0 -45.94640451512989,-22.2109145130438,0 -45.9463747237111,-22.2109183180705,0 -45.9463934870299,-22.2110928071041,0 -45.9463950122831,-22.2111200083485,0 -45.94635371250601,-22.2111219454076,0 -45.9463530220442,-22.2111219590091,0 -45.9462626280074,-22.2111237396651,0 -45.94617154350439,-22.2111255338716,0 -45.9461719854499,-22.2111335710718,0 -45.9460809451456,-22.2111419593885,0 -45.9456748023886,-22.2111793694563,0 -45.9454812164779,-22.2111948121365,0 -45.9452876305156,-22.2112102545878,0 -45.9452201560704,-22.2109856232046,0 -45.94471838387931,-22.2109980215415,0 -45.94464311273359,-22.2109998134388,0 -45.94394957455251,-22.2110169356566,0 -45.94393435294921,-22.2112794457387,0 -45.9438702496136,-22.2112974327294,0 -45.94352728485431,-22.2112272211455,0 -45.9431185350678,-22.2113777164866,0 -45.942875094832,-22.211467346778,0 -45.94230136519471,-22.211680508433,0 -45.941930168669,-22.2118159457292,0 -45.94135755239041,-22.2120272796515,0 -45.9411504866403,-22.2121037001963,0 -45.9406805705702,-22.2122748908463,0 -45.9403079177307,-22.2124106491105,0 -45.9400800715719,-22.2124899240787,0 -45.93704187624149,-22.2135769164295,0 -45.9367580009129,-22.2136754509489,0 -45.9361481828979,-22.2138871196566,0 -45.93533640579821,-22.2141738119621,0 -45.9348545920043,-22.2143439699116,0 -45.9345246252607,-22.2144605003222,0 -45.9343174923332,-22.2145352283534,0 -45.9340775717282,-22.2146217848795,0 -45.9336305171319,-22.2147830682407,0 -45.9336277669189,-22.2148072937128,0 -45.9335810284996,-22.2150015103986,0 -45.9335342899618,-22.2151957270709,0 -45.9335181847206,-22.2152689905455,0 -45.9334582867954,-22.21551251508,0 -45.93330355293501,-22.2155212616821,0 -45.9331488190497,-22.2155300081377,0 -45.93307499137631,-22.2155304314589,0 -45.93305879481291,-22.2155312470015,0 -45.9329352512039,-22.215539859587,0 -45.9328183027394,-22.2155481632711,0 -45.9326962901194,-22.2155535600187,0 -45.9325806822057,-22.2155591909761,0 -45.9324604140221,-22.2155643065465,0 -45.9323322864925,-22.2155692863861,0 -45.9323109499622,-22.215570402306,0 -45.9322319175109,-22.2155760041411,0 -45.9319629697741,-22.2155958373657,0 -45.9316940219441,-22.2156156701484,0 -45.93162211896961,-22.2156137330899,0 -45.931361445562,-22.2156378088545,0 -45.9311007720491,-22.2156618842045,0 -45.930991760902,-22.215667476293,0 -45.9307345586044,-22.2156883243182,0 -45.9304773562148,-22.2157091719394,0 -45.9303997258581,-22.2157214496417,0 -45.9300730435895,-22.2157473912543,0 -45.92974636117489,-22.2157733322151,0 -45.9294603076753,-22.2157960142613,0 -45.929174254064,-22.2158186958078,0 -45.9291649556505,-22.2157915581392,0 -45.9289842753068,-22.2154771407001,0 -45.92880359578831,-22.2151627230208,0 -45.9287262472354,-22.2150556660853,0 -45.92864551758951,-22.2149507964366,0 -45.9285372554318,-22.2148195254129,0 -45.92842378030349,-22.2146921684445,0 -45.9283051898163,-22.2145688152983,0 -45.9281817767956,-22.2144497352977,0 -45.92805363884889,-22.2143350182099,0 -45.927921068203,-22.2142248430274,0 -45.9277840660426,-22.2141193904024,0 -45.9276429239963,-22.2140187489965,0 -45.927627136604,-22.2140079988078,0 -45.9272723992164,-22.2138831903176,0 -45.9271454188289,-22.2141068600687,0 -45.9271043863356,-22.2140781866851,0 -45.9263826232945,-22.2136856365379,0 -45.92584811362089,-22.2132351521318,0 -45.9253955538737,-22.2128537577436,0 -45.9247013916634,-22.2128000244186,0 -45.9240072298657,-22.2127462881139,0 -45.9238158178804,-22.2127553778341,0 -45.92321375277351,-22.2134383299043,0 -45.9228882458343,-22.213784351998,0 -45.9224388526037,-22.2142500015955,0 -45.92198945641811,-22.2147156500269,0 -45.9216229430139,-22.2150971777982,0 -45.92125642763539,-22.215478704794,0 -45.92086723649841,-22.2158274322483,0 -45.9201615185439,-22.2163171769988,0 -45.9194726343969,-22.2167116984898,0 -45.9194101586214,-22.2166074021771,0 -45.9193584276312,-22.2165257137348,0 -45.9192762846564,-22.2163960014687,0 -45.9192136139232,-22.2162970376928,0 -45.91917431132769,-22.2162359222776,0 -45.919135008767,-22.2161748068512,0 -45.9191278541495,-22.2161450248669,0 -45.9191212470298,-22.2161175218974,0 -45.9191192954676,-22.2161009112924,0 -45.919093514801,-22.2160453654142,0 -45.9190677341553,-22.2159898195309,0 -45.919054570008,-22.2159646904306,0 -45.9190414058654,-22.215939561329,0 -45.9189919526616,-22.2158542030894,0 -45.918976518738,-22.2157747729182,0 -45.9189610848335,-22.2156953427441,0 -45.9189456509481,-22.2156159125673,0 -45.9189302170818,-22.2155364823876,0 -45.918925724693,-22.2154574646807,0 -45.9187943348423,-22.2153936396455,0 -45.9186629451074,-22.2153298144996,0 -45.91853155548841,-22.2152659892431,0 -45.9184001659852,-22.215202163876,0 -45.9183178285694,-22.2151621584597,0 -45.9181888723973,-22.2150995161227,0 -45.9180599163368,-22.2150368736793,0 -45.9180069477387,-22.2150671636903,0 -45.9179299043764,-22.2149834060847,0 -45.917882990747,-22.214934076797,0 -45.9178360771504,-22.2148847474945,0 -45.91780952263839,-22.2148145263159,0 -45.917757226582,-22.214769224666,0 -45.9176526345698,-22.2146786213114,0 -45.9175569314755,-22.2145935459531,0 -45.917426710207,-22.2144742249163,0 -45.9174147848218,-22.2144381129831,0 -45.9174028594432,-22.2144020010486,0 -45.9173742439311,-22.2143616696998,0 -45.9173322880267,-22.2143026012811,0 -45.9173113100879,-22.2142730670671,0 -45.9172840375796,-22.2142266531026,0 -45.91725676508969,-22.2141802391328,0 -45.91723301041589,-22.214130237099,0 -45.9171885558692,-22.2140300351329,0 -45.9171577177371,-22.2139537177727,0 -45.9171183244697,-22.2138522903204,0 -45.9170890048359,-22.2137744964426,0 -45.91705436391419,-22.2137885128975,0 -45.9169991605223,-22.2136614967751,0 -45.9169659210643,-22.213585125149,0 -45.9169308932965,-22.2135993244265,0 -45.9168501134503,-22.2135151356304,0 -45.9167610771469,-22.2134443177125,0 -45.9167167629748,-22.2134029680586,0 -45.91667005744759,-22.2133743239292,0 -45.9166233519391,-22.2133456797856,0 -45.91657664644919,-22.2133170356279,0 -45.91652994097801,-22.213288391456,0 -45.9164767235291,-22.2132653847112,0 -45.9164235060971,-22.2132423779483,0 -45.9164230683656,-22.2132421997431,0 -45.9163161918157,-22.2131960165328,0 -45.91620409424021,-22.2131475871609,0 -45.9160955436717,-22.2131006819919,0 -45.9160867873001,-22.213096846874,0 -45.91599995423189,-22.2130365401463,0 -45.9159639870542,-22.2130106357527,0 -45.9158168030403,-22.2129044170342,0 -45.9157715728253,-22.2128713379172,0 -45.91570699168649,-22.2128463171466,0 -45.9155931085202,-22.2128035970442,0 -45.9154735028498,-22.212761089716,0 -45.91537122089291,-22.2127120710826,0 -45.91526051649259,-22.2126658097958,0 -45.91515216681861,-22.212623600265,0 -45.9150604497055,-22.2125879819451,0 -45.9140877470281,-22.2123452975228,0 -45.9139067783243,-22.2122988427281,0 -45.9137258097323,-22.2122523877277,0 -45.9135448412522,-22.2122059325219,0 -45.913363872884,-22.2121594771105,0 -45.9131784720432,-22.2121289227544,0 -45.91299307127461,-22.2120983681842,0 -45.91284948034851,-22.2120746927957,0 -45.91260596840111,-22.2120368077999,0 -45.9124757726555,-22.2120329532709,0 -45.91233742613611,-22.212028873324,0 -45.91206888388309,-22.2120209384062,0 -45.9122287937804,-22.211807664387,0 -45.9123887032008,-22.2115943902215,0 -45.91249211829339,-22.2115113571049,0 -45.91259553326361,-22.2114283239258,0 -45.9126989481115,-22.2113452906843,0 -45.9128023628369,-22.2112622573804,0 -45.9129317819351,-22.2112286495409,0 -45.9130612009679,-22.2111950416006,0 -45.9131906199353,-22.2111614335592,0 -45.9133200388374,-22.2111278254169,0 -45.9134553578771,-22.2110165410514,0 -45.9135906767024,-22.2109052565791,0 -45.9137259953132,-22.210793972,0 -45.9138613137097,-22.2106826873141,0 -45.9140401266236,-22.2105501553667,0 -45.9143095489801,-22.2101328297689,0 -45.9148296458099,-22.2095944914102,0 -45.9149546968963,-22.2092765091469,0 -45.91521442272839,-22.2086101150627,0 -45.9148265625957,-22.2084079122098,0 -45.9144387035498,-22.2082057083899,0 -45.9140508455905,-22.2080035036031,0 -45.9136629884021,-22.2078012976849,0 -45.9131504875949,-22.207534071584,0 -45.91263798836901,-22.2072668436302,0 -45.9123994621259,-22.2072185415716,0 -45.9121609360324,-22.2071702391574,0 -45.9119856483396,-22.2071348162154,0 -45.9118103607621,-22.2070993930883,0 -45.9116754853724,-22.2070800037628,0 -45.9115406100498,-22.2070606143311,0 -45.9127982402816,-22.2057248492136,0 -45.9103160535267,-22.2029767864979,0 -45.90961805937851,-22.2029603791557,0 -45.9089200652764,-22.2029439688151,0 -45.90884984769039,-22.2028727159615,0 -45.9085186668046,-22.2029663289233,0 -45.9070755840557,-22.2017970806602,0 -45.9071380623357,-22.2015089357123,0 -45.9070994795302,-22.200913854818,0 -45.90677916714731,-22.2008111630812,0 -45.90550420972719,-22.2003302669866,0 -45.90540200735919,-22.2002917201185,0 -45.9047548564746,-22.2000476178078,0 -45.90446342038379,-22.1999376727489,0 -45.9043770782256,-22.1998156575694,0 -45.90416827512151,-22.1996195698706,0 -45.90395947259751,-22.1994234818798,0 -45.9038867647553,-22.1993551402757,0 -45.9038158140351,-22.1992885052558,0 -45.903599546632,-22.1990854120418,0 -45.9033832798512,-22.1988823185147,0 -45.9030905112307,-22.1986544905693,0 -45.902797743549,-22.1984266620595,0 -45.9027767791955,-22.1984103477863,0 -45.902604981074,-22.1986526658588,0 -45.90243157421011,-22.1988791945198,0 -45.90225816679669,-22.1991057230085,0 -45.90208787397,-22.1993187740894,0 -45.9019175806348,-22.1995318250039,0 -45.9017488971648,-22.1997464025358,0 -45.90158021318801,-22.1999609799044,0 -45.9014593571494,-22.2001229429446,0 -45.9014179494445,-22.2001784122977,0 -45.9013385008373,-22.200284905901,0 -45.9011685580753,-22.2005532394099,0 -45.9010161895859,-22.200793742525,0 -45.90099861468,-22.2008215727542,0 -45.900770012041,-22.2011051705743,0 -45.9005595630358,-22.2014007030925,0 -45.9003053494109,-22.2017345083653,0 -45.9001432694459,-22.2019134002846,0 -45.9000533940116,-22.2017998034988,0 -45.8999012835129,-22.201617082699,0 -45.8997491734116,-22.2014343617398,0 -45.8995918187048,-22.2012277758757,0 -45.8994344644643,-22.2010211898388,0 -45.89937969779971,-22.2009365770414,0 -45.8991497076929,-22.2005662864249,0 -45.8991233605167,-22.2005797223517,0 -45.89890656650489,-22.2007655650465,0 -45.89873040285341,-22.2009184817628,0 -45.8985158560167,-22.2010917549249,0 -45.8983611644711,-22.2012195298398,0 -45.8982064726444,-22.2013473046151,0 -45.89804653985819,-22.2015052350353,0 -45.8979073893088,-22.2016426430059,0 -45.897886606715,-22.2016631653073,0 -45.8980442331154,-22.2017526314358,0 -45.8982018597119,-22.201842097404,0 -45.89828544618619,-22.2018899205673,0 -45.89836903271619,-22.2019377436856,0 -45.8988402173925,-22.2021681634314,0 -45.8990843737011,-22.2022875486647,0 -45.89919788859149,-22.2023430652514,0 -45.8993196695812,-22.202402151967,0 -45.8994472022181,-22.2024572271502,0 -45.8995747324439,-22.2025123046959,0 -45.8996275621134,-22.2025351540894,0 -45.8995862384196,-22.202592733417,0 -45.89954780722261,-22.202652024401,0 -45.8995123501361,-22.2027129011345,0 -45.8994799424581,-22.2027752343468,0 -45.8994506530116,-22.2028388916703,0 -45.8994245439979,-22.2029037379232,0 -45.8994016708654,-22.2029696354077,0 -45.8993858103917,-22.2030452123209,0 -45.8993700525194,-22.2031208078469,0 -45.8993543972739,-22.2031964218586,0 -45.8993388446804,-22.2032720542386,0 -45.89932339476399,-22.2033477048681,0 -45.89930804754919,-22.203423373619,0 -45.8992928030612,-22.2034990603794,0 -45.8992078504414,-22.2037624056963,0 -45.898986647038,-22.204292450878,0 -45.89884465693481,-22.2046786057923,0 -45.89862381255049,-22.2052654694961,0 -45.89839927012989,-22.2057745745253,0 -45.8982282758391,-22.206131078296,0 -45.8981808098203,-22.2062268754536,0 -45.89813648008119,-22.206323966812,0 -45.8980953272675,-22.2064222633586,0 -45.8980573891127,-22.2065216749815,0 -45.8980227004032,-22.2066221105505,0 -45.8979912929471,-22.2067234779812,0 -45.89796319554439,-22.2068256843556,0 -45.89794512836441,-22.2069093479594,0 -45.8979280662093,-22.2069931943226,0 -45.89791201121119,-22.207077212969,0 -45.89789696537609,-22.2071613934151,0 -45.89788293058459,-22.207245725151,0 -45.8978699085905,-22.2073301976431,0 -45.8978579010216,-22.2074148003493,0 -45.89784605809481,-22.2074795137946,0 -45.8978388802315,-22.2075448189914,0 -45.8978363994518,-22.2076104246728,0 -45.89783862682649,-22.2076760382395,0 -45.8978455524277,-22.2077413670483,0 -45.8978571453739,-22.2078061197332,0 -45.8978733539658,-22.2078700074924,0 -45.8978941059185,-22.2079327453806,0 -45.8979193086829,-22.2079940535857,0 -45.89799144987141,-22.2080657259557,0 -45.8980668043605,-22.208134471774,0 -45.8981452353573,-22.2082001662351,0 -45.89822660048309,-22.2082626900833,0 -45.8983107520321,-22.2083219298144,0 -45.8983975372399,-22.2083777778822,0 -45.8984867985601,-22.2084301329015,0 -45.8986191232194,-22.208495500407,0 -45.8987561347771,-22.2085518775627,0 -45.89889712987841,-22.2085989749519,0 -45.899041384716,-22.2086365507979,0 -45.89918815874681,-22.2086644122025,0 -45.8993366984936,-22.208682416138,0 -45.89948624141429,-22.208690470182,0 -45.8996071655625,-22.2086990227994,0 -45.8997284278818,-22.2087004838803,0 -45.8998495491979,-22.2086948476471,0 -45.89997005089341,-22.2086821363731,0 -45.9000894568001,-22.2086624002912,0 -45.9002072950805,-22.2086357173836,0 -45.9003231000921,-22.2086021930959,0 -45.9003909597441,-22.2085805284452,0 -45.9004571402172,-22.2085547503217,0 -45.9005213542898,-22.2085249705953,0 -45.9005833232748,-22.2084913185141,0 -45.90064277822901,-22.2084539401284,0 -45.90069946112121,-22.2084129976579,0 -45.90075312595129,-22.2083686687942,0 -45.90080353981819,-22.2083211459184,0 -45.9008504839308,-22.2082706352863,0 -45.9008659540362,-22.2082512774937,0 -45.900882749974,-22.2082329027432,0 -45.9009007998986,-22.2082155896294,0 -45.9009200266004,-22.2081994122152,0 -45.9009403478357,-22.2081844396959,0 -45.9009616766801,-22.2081707361206,0 -45.9009839218979,-22.2081583601024,0 -45.9010069883345,-22.2081473645837,0 -45.9010307773224,-22.2081377965971,0 -45.9010551871034,-22.2081296970692,0 -45.901080113264,-22.2081231006481,0 -45.90110544918161,-22.2081180355458,0 -45.9011310864813,-22.2081145234322,0 -45.9011569154989,-22.2081125793294,0 -45.9011828257501,-22.2081122115541,0 -45.9012087064031,-22.208113421675,0 -45.901234446753,-22.2081162045229,0 -45.9013013111086,-22.2081227390682,0 -45.901367895528,-22.2081314046217,0 -45.9014341217065,-22.2081421909899,0 -45.90149991176111,-22.2081550854871,0 -45.9015651883211,-22.2081700729554,0 -45.90162987462,-22.2081871357602,0 -45.9016938945855,-22.2082062538419,0 -45.90175556025841,-22.2082209088699,0 -45.90181606773789,-22.2082392789726,0 -45.9018751591933,-22.2082612858705,0 -45.901932582827,-22.2082868357909,0 -45.9019880939484,-22.2083158198607,0 -45.9020414560159,-22.2083481145755,0 -45.90209244164431,-22.208383582324,0 -45.902140833575,-22.2084220719672,0 -45.902186425601,-22.2084634195026,0 -45.90225502168,-22.2085342092202,0 -45.9023213304867,-22.2086068641078,0 -45.9023852935571,-22.2086813201068,0 -45.9024468544956,-22.2087575115771,0 -45.9025059590238,-22.2088353713471,0 -45.9025625550289,-22.2089148307654,0 -45.9026165926095,-22.2089958197851,0 -45.9026774244195,-22.2090864113722,0 -45.9027439318211,-22.2091734756933,0 -45.9028158796154,-22.2092567048385,0 -45.9028930133618,-22.2093358044586,0 -45.90297506027741,-22.2094104948129,0 -45.9030617302026,-22.20948051175,0 -45.90315271662641,-22.2095456076505,0 -45.9032543661417,-22.2096309092169,0 -45.9033604820004,-22.2097113566376,0 -45.90347079714989,-22.2097867474512,0 -45.9035850339678,-22.2098568919204,0 -45.90370290496099,-22.2099216135197,0 -45.9038241134887,-22.2099807493596,0 -45.90394835451,-22.2100341506187,0 -45.90404154357739,-22.2100724720641,0 -45.90413641053739,-22.2101070401364,0 -45.9042327811264,-22.2101377913341,0 -45.9043304783179,-22.2101646691707,0 -45.9044293226485,-22.2101876242712,0 -45.9045291325472,-22.2102066144717,0 -45.9046297246692,-22.2102216048862,0 -45.9053331042102,-22.2103311551833,0 -45.90597558137,-22.2104441128071,0 -45.90608054237919,-22.2104607300245,0 -45.90618515208579,-22.2104791682372,0 -45.9062893740564,-22.2104994210199,0 -45.906393171993,-22.2105214813226,0 -45.9064965097452,-22.2105453414603,0 -45.90659935132251,-22.2105709931214,0 -45.90670166090769,-22.2105984273741,0 -45.9067606665639,-22.2106111211208,0 -45.90681882853539,-22.2106268322828,0 -45.9068759690016,-22.2106455128235,0 -45.9069319132652,-22.2106671056316,0 -45.9069864902857,-22.2106915446923,0 -45.9070395332023,-22.2107187552828,0 -45.90709087984461,-22.2107486542154,0 -45.907410204707,-22.2110127307864,0 -45.9074870896915,-22.2110690149331,0 -45.90756775605849,-22.2111205063358,0 -45.907651859793,-22.2111669853957,0 -45.9077390422194,-22.2112082538955,0 -45.9078289315315,-22.2112441358403,0 -45.9079211443783,-22.2112744781978,0 -45.9080152874985,-22.2112991515711,0 -45.90807387426929,-22.211319223872,0 -45.9081307926023,-22.2113430982474,0 -45.9081857583301,-22.2113706555051,0 -45.9082384970331,-22.2114017580617,0 -45.9082887454098,-22.211436250637,0 -45.9083362525914,-22.2114739610274,0 -45.9083807813938,-22.2115147009625,0 -45.9084221095021,-22.2115582670388,0 -45.9084600305809,-22.2116044417599,0 -45.90893834878,-22.2121365554245,0 -45.90898770432251,-22.2121871116182,0 -45.90903353971751,-22.2122404638068,0 -45.9090756727059,-22.2122963998398,0 -45.9091139357497,-22.2123546973016,0 -45.9091481766986,-22.2124151243852,0 -45.90917825939479,-22.2124774408105,0 -45.9092040642146,-22.2125413987893,0 -45.9093186566264,-22.2129052609054,0 -45.9095443534267,-22.2135732024341,0 -45.9096783494409,-22.2139518610565,0 -45.90984505542849,-22.2144230204951,0 -45.91013899175191,-22.2152160548701,0 -45.9104816097643,-22.2161104431577,0 -45.91049584426191,-22.2161445686288,0 -45.9105123148116,-22.2161778105219,0 -45.910530958548,-22.216210041955,0 -45.91055170431081,-22.2162411399058,0 -45.9105744729165,-22.2162709856738,0 -45.91059917746019,-22.2162994653413,0 -45.9106257236477,-22.2163264702009,0 -45.9106540101549,-22.2163518971798,0 -45.9106839290151,-22.2163756492238,0 -45.9107153660308,-22.2163976356732,0 -45.91074820120969,-22.2164177726068,0 -45.9107823092222,-22.2164359831631,0 -45.9108175598809,-22.2164521978361,0 -45.9117283640365,-22.2168713108921,0 -45.913044869428,-22.2175092829692,0 -45.9139683185341,-22.2179163878788,0 -45.915194152648,-22.2184233234552,0 -45.9153116425256,-22.2184268365123,0 -45.91542509120559,-22.2183981759757,0 -45.9155417383112,-22.2184410373596,0 -45.9156248280749,-22.2185284895587,0 -45.9157297950896,-22.2185892782439,0 -45.9158469578893,-22.2186259755917,0 -45.91599333145879,-22.2186512584782,0 -45.91542549414861,-22.2189536434461,0 -45.9151027121149,-22.2191449734697,0 -45.9147935830667,-22.219354942188,0 -45.9143431874789,-22.2197440959637,0 -45.9139404648147,-22.2201761838624,0 -45.91367219603009,-22.2204658027699,0 -45.9134103402829,-22.2207604663613,0 -45.913226127707,-22.2210068007649,0 -45.9130767976568,-22.2212728215016,0 -45.9130066911356,-22.2214377876831,0 -45.9129537130131,-22.2216082033187,0 -45.9129025264055,-22.2218221605307,0 -45.91287461971201,-22.2220398159848,0 -45.9128216070574,-22.2225285998209,0 -45.91276859410069,-22.2230173836232,0 -45.9126973760665,-22.2236616004984,0 -45.9126261574952,-22.2243058173141,0 -45.9125940547473,-22.2246711575846,0 -45.9127082948941,-22.2246890994215,0 -45.9129745953483,-22.2247816438523,0 -45.9132408961374,-22.2248741878342,0 -45.9133413066361,-22.2248127383834,0 -45.9136030019824,-22.2246735985038,0 -45.9138646968012,-22.2245344582184,0 -45.9140842250496,-22.2244163766544,0 -45.9143037529226,-22.2242982948048,0 -45.91443724544371,-22.2242215276712,0 -45.9145707378169,-22.2241447604322,0 -45.91465977436791,-22.2240865885119,0 -45.9147305293364,-22.224143681388,0 -45.9149683659294,-22.2243577927228,0 -45.9149490493973,-22.2244019860101,0 -45.9148917541464,-22.2245280532284,0 -45.915016321163,-22.2244962774392,0 -45.91508278792559,-22.2245269787949,0 -45.9151007096211,-22.224565098478,0 -45.9151256333563,-22.2246181115523,0 -45.91516847145731,-22.2247092285834,0 -45.9151236138452,-22.2247325384938,0 -45.9151499795174,-22.2247853835041,0 -45.91516824021951,-22.2248219836055,0 -45.9152992225068,-22.2247620773499,0 -45.9156150657906,-22.2246490989915,0 -45.9159402244916,-22.2245619912317,0 -45.9162776607727,-22.2245076516508,0 -45.9165711539289,-22.2244694578999,0 -45.9167769633533,-22.2244348641113,0 -45.9169144526957,-22.2244139547947,0 -45.9169834696755,-22.2244040806284,0 -45.9172343144568,-22.2243725398522,0 -45.9174851591111,-22.2243409986928,0 -45.91771755122949,-22.224306715694,0 -45.9179499432221,-22.2242724323669,0 -45.9181953981572,-22.2242401978536,0 -45.9184408529658,-22.2242079629736,0 -45.91873403254721,-22.2241740580281,0 -45.9190272119673,-22.2241401525587,0 -45.9191013615833,-22.2241287380282,0 -45.9192495616937,-22.2241059241197,0 -45.9194719113005,-22.2240716953803,0 -45.9198019751616,-22.2240253396879,0 -45.92013203878,-22.2239789833329,0 -45.9201720709882,-22.2239730658184,0 -45.92027340174519,-22.2239622152575,0 -45.9203751221945,-22.2239552052761,0 -45.92049143601029,-22.2239321189409,0 -45.9206081756039,-22.2239109776118,0 -45.9208190820299,-22.2238925752269,0 -45.9210299883902,-22.2238741725704,0 -45.9211914736172,-22.2238659698478,0 -45.9212977438651,-22.2238685171904,0 -45.9215630293102,-22.2239027711575,0 -45.92163204876471,-22.2239230668439,0 -45.9217088937078,-22.22394566687,0 -45.9218547581896,-22.2239885624484,0 -45.9218963672549,-22.2240012445443,0 -45.9219491436273,-22.2240077005462,0 -45.9219963887113,-22.2239848691347,0 -45.9220292163539,-22.2239380703338,0 -45.9220620439751,-22.2238912715268,0 -45.9220682924016,-22.2238823833028,0 -45.92212103458089,-22.2238319485562,0 -45.9222531985527,-22.2239863687537,0 -45.9223849234246,-22.2241411139456,0 -45.9225270088831,-22.2243335764561,0 -45.92266214434839,-22.2245303301972,0 -45.9227154432696,-22.2246168847898,0 -45.9227777670376,-22.2247181192431,0 
								</coordinates>
							</LinearRing>
						</outerBoundaryIs>
					</Polygon>
				</MultiGeometry>
			</Placemark>
			<Placemark>
				<styleUrl>#m_ylw-pushpin1</styleUrl>
				<ExtendedData>
					<SchemaData schemaUrl="#mqu">
						<SimpleData name="fid">5</SimpleData>
						<SimpleData name="handle">700</SimpleData>
						<SimpleData name="block">-1</SimpleData>
						<SimpleData name="etype">18</SimpleData>
						<SimpleData name="space">0</SimpleData>
						<SimpleData name="layer">4_Macroarea_QualificaÃ§ao_Urbana</SimpleData>
						<SimpleData name="olinetype">BYLAYER</SimpleData>
						<SimpleData name="color">153,76,0,254</SimpleData>
						<SimpleData name="ocolor">256</SimpleData>
						<SimpleData name="color24">-1</SimpleData>
						<SimpleData name="transparen">0</SimpleData>
						<SimpleData name="lweight">30</SimpleData>
						<SimpleData name="linewidth">0.300000000000000</SimpleData>
						<SimpleData name="ltscale">1.000000000000000</SimpleData>
						<SimpleData name="visible">1</SimpleData>
						<SimpleData name="width">0.000000000000000</SimpleData>
						<SimpleData name="thickness">0.000000000000000</SimpleData>
						<SimpleData name="ext">(3:0,0,0.1)</SimpleData>
					</SchemaData>
				</ExtendedData>
				<MultiGeometry>
					<Polygon>
						<outerBoundaryIs>
							<LinearRing>
								<coordinates>
									-45.8560651739169,-22.2426626518085,0 -45.855675124158,-22.2433327380308,0 -45.8553397691189,-22.2439177103393,0 -45.8550044113581,-22.2445026820026,0 -45.85481887881521,-22.2448155870091,0 -45.8546333454656,-22.245128491818,0 -45.85432847213291,-22.2456606813156,0 -45.85402359654889,-22.2461928702796,0 -45.8538330810301,-22.2465249064022,0 -45.8536532058401,-22.2468383966472,0 -45.8536425646334,-22.2468569423164,0 -45.85357478531879,-22.2469710201897,0 -45.853689761389,-22.2469396509669,0 -45.8538230085691,-22.2470084813785,0 -45.85394151859159,-22.2471075986291,0 -45.8540731231637,-22.2471911813617,0 -45.85428185594311,-22.2472128783748,0 -45.85449182190101,-22.2472177077225,0 -45.8547371381154,-22.2472331301109,0 -45.85498245437011,-22.2472485521274,0 -45.85549221355921,-22.2472649761763,0 -45.8560019728089,-22.2472813986226,0 -45.85631131614701,-22.2473103131183,0 -45.8566210353812,-22.2473355006685,0 -45.857013328836,-22.2473883458535,0 -45.8571916045482,-22.2474083978059,0 -45.8574072510676,-22.2474293698187,0 -45.85762069080249,-22.2474636986161,0 -45.8578351937542,-22.2474917020312,0 -45.8581015525838,-22.2475205455706,0 -45.8583682819938,-22.2475462510624,0 -45.8586667256087,-22.2475761667147,0 -45.8589655270692,-22.247602808054,0 -45.85922847569449,-22.247620360273,0 -45.8593313903434,-22.2476240675085,0 -45.8594920219154,-22.2476263127565,0 -45.8596922440653,-22.2476351308308,0 -45.8598926755681,-22.2476373828223,0 -45.8600498437215,-22.2476378375548,0 -45.8603049455968,-22.2473259825679,0 -45.860844265884,-22.2466138572227,0 -45.8612899166959,-22.2460253539375,0 -45.8620421148647,-22.2464760260081,0 -45.86252714598649,-22.2461866376588,0 -45.8630121750838,-22.2458972479155,0 -45.8633556096131,-22.2457009769635,0 -45.8635525411738,-22.2455884116776,0 -45.8636990431688,-22.2455047053117,0 -45.8638959741711,-22.2453921396245,0 -45.8640929048531,-22.2452795737073,0 -45.8640954626835,-22.2451744998243,0 -45.8641563908305,-22.2450767399877,0 -45.8641825972859,-22.2450626528739,0 -45.8643174889292,-22.2449846988298,0 -45.8646338299475,-22.2448017131336,0 -45.8649501701301,-22.244618726844,0 -45.86527121818,-22.2444282170465,0 -45.86559226534769,-22.2442377066383,0 -45.8659350638258,-22.2440339359341,0 -45.8662778612963,-22.2438301645338,0 -45.8663481413772,-22.2437709815792,0 -45.8664613654115,-22.2436597450275,0 -45.8666144737534,-22.2434650409202,0 -45.8668002856298,-22.2431561438713,0 -45.8669417423748,-22.2428275144092,0 -45.8670125271635,-22.2426454721226,0 -45.8670833117769,-22.2424634298069,0 -45.86716238344499,-22.2423211174683,0 -45.8672613424203,-22.2421900281759,0 -45.8674588174203,-22.2419463785212,0 -45.867656291744,-22.2417027286413,0 -45.86784034520879,-22.2414505568173,0 -45.8680048734933,-22.2411869490284,0 -45.8681440066105,-22.2409156244539,0 -45.8681894752146,-22.2407897325326,0 -45.8682324642036,-22.2406264663789,0 -45.868345728701,-22.2402601831458,0 -45.86845899264169,-22.2398938998365,0 -45.8685331356037,-22.239635369918,0 -45.86860727831,-22.2393768399664,0 -45.8686615176035,-22.2391471710541,0 -45.8686807304004,-22.2389039925167,0 -45.86866760194469,-22.2387419102907,0 -45.8686287379941,-22.2382772510021,0 -45.8685492759046,-22.2378969824592,0 -45.86848811114321,-22.2377537847306,0 -45.8683649783706,-22.2375496515341,0 -45.8682063973999,-22.2373877135512,0 -45.8683304992626,-22.2372924695331,0 -45.86845457298671,-22.2371972468904,0 -45.86816856658951,-22.2370904403884,0 -45.86786718836321,-22.2369342779793,0 -45.8675658107906,-22.2367781149871,0 -45.8672718603837,-22.2366525606519,0 -45.866989118246,-22.2365063896839,0 -45.86665872757209,-22.236400755976,0 -45.8663129298403,-22.2363546160631,0 -45.8659832966599,-22.2363506789443,0 -45.8656585459573,-22.2364034493479,0 -45.86525209587479,-22.2365269656214,0 -45.8648800683086,-22.2367231340317,0 -45.86456558814349,-22.2369949812318,0 -45.8642853788565,-22.2372975786299,0 -45.86397414273861,-22.2376736674318,0 -45.8636429701871,-22.2380346981346,0 -45.8632914340125,-22.2383422581856,0 -45.86285264151631,-22.2385288745532,0 -45.8625140681727,-22.2386282371525,0 -45.86222170939201,-22.2386552928991,0 -45.8621601928716,-22.2386545006939,0 -45.8617880735847,-22.2386988489808,0 -45.8614346795963,-22.2388160720256,0 -45.8610164719099,-22.2390306426059,0 -45.8607075595446,-22.2390730844307,0 -45.8605401602736,-22.2390621855492,0 -45.8603204940566,-22.2390636830624,0 -45.8601065097937,-22.2391099188507,0 -45.85979428123551,-22.2392606427671,0 -45.85956082382259,-22.2394188618712,0 -45.8592717326117,-22.2395748203397,0 -45.8590082875621,-22.2396391296118,0 -45.8586736900846,-22.2397264568544,0 -45.8585818359123,-22.2397545117778,0 -45.85816782518669,-22.2399040958908,0 -45.85782155035329,-22.2400972368645,0 -45.8575157922392,-22.2403425929223,0 -45.8572591224674,-22.2406618706899,0 -45.85703198939011,-22.2409999876492,0 -45.8568427263099,-22.2413282715993,0 -45.8564552200477,-22.2419925647133,0 -45.8560651739169,-22.2426626518085,0 
								</coordinates>
							</LinearRing>
						</outerBoundaryIs>
					</Polygon>
				</MultiGeometry>
			</Placemark>
			<Placemark>
				<styleUrl>#m_ylw-pushpin1</styleUrl>
				<ExtendedData>
					<SchemaData schemaUrl="#mqu">
						<SimpleData name="fid">6</SimpleData>
						<SimpleData name="handle">701</SimpleData>
						<SimpleData name="block">-1</SimpleData>
						<SimpleData name="etype">18</SimpleData>
						<SimpleData name="space">0</SimpleData>
						<SimpleData name="layer">4_Macroarea_QualificaÃ§ao_Urbana</SimpleData>
						<SimpleData name="olinetype">BYLAYER</SimpleData>
						<SimpleData name="color">153,76,0,254</SimpleData>
						<SimpleData name="ocolor">256</SimpleData>
						<SimpleData name="color24">-1</SimpleData>
						<SimpleData name="transparen">0</SimpleData>
						<SimpleData name="lweight">30</SimpleData>
						<SimpleData name="linewidth">0.300000000000000</SimpleData>
						<SimpleData name="ltscale">1.000000000000000</SimpleData>
						<SimpleData name="visible">1</SimpleData>
						<SimpleData name="width">0.000000000000000</SimpleData>
						<SimpleData name="thickness">0.000000000000000</SimpleData>
						<SimpleData name="ext">(3:0,0,0.1)</SimpleData>
					</SchemaData>
				</ExtendedData>
				<MultiGeometry>
					<Polygon>
						<outerBoundaryIs>
							<LinearRing>
								<coordinates>
									-46.0167435360756,-22.350220157077,0 -46.0168839841371,-22.3457307458869,0 -46.0161977847966,-22.3441731445994,0 -46.0158503497493,-22.3425808850461,0 -46.014276558056,-22.3393800303605,0 -46.0129057526548,-22.3393420738424,0 -46.0115657634055,-22.3394155904564,0 -46.0097020230661,-22.3403857783644,0 -46.0095675694491,-22.3412797168299,0 -46.0091875118405,-22.3434675679101,0 -46.0093267071854,-22.3468399453149,0 -46.009120859342,-22.3481579964237,0 -46.01043986795981,-22.349651128564,0 -46.01434123973521,-22.3503476564561,0 -46.01650165928611,-22.3502018336691,0 -46.0167435360756,-22.350220157077,0 
								</coordinates>
							</LinearRing>
						</outerBoundaryIs>
					</Polygon>
				</MultiGeometry>
			</Placemark>
		</Folder>
	</Document>
	<Document id="root_doc">
		<name>MTU.kml</name>
		<Schema name="mtu" id="mtu">
			<SimpleField type="float" name="FID"></SimpleField>
		</Schema>
		<StyleMap id="m_ylw-pushpin2">
			<Pair>
				<key>normal</key>
				<styleUrl>#s_ylw-pushpin2</styleUrl>
			</Pair>
			<Pair>
				<key>highlight</key>
				<styleUrl>#s_ylw-pushpin_hl2</styleUrl>
			</Pair>
		</StyleMap>
		<Style id="s_ylw-pushpin2">
			<IconStyle>
				<scale>1.1</scale>
				<Icon>
					<href>http://maps.google.com/mapfiles/kml/pushpin/ylw-pushpin.png</href>
				</Icon>
				<hotSpot x="20" y="2" xunits="pixels" yunits="pixels"/>
			</IconStyle>
			<LineStyle>
				<color>ff7fffff</color>
			</LineStyle>
			<PolyStyle>
				<color>807fffff</color>
			</PolyStyle>
		</Style>
		<Style id="s_ylw-pushpin_hl2">
			<IconStyle>
				<scale>1.3</scale>
				<Icon>
					<href>http://maps.google.com/mapfiles/kml/pushpin/ylw-pushpin.png</href>
				</Icon>
				<hotSpot x="20" y="2" xunits="pixels" yunits="pixels"/>
			</IconStyle>
			<LineStyle>
				<color>ff7fffff</color>
			</LineStyle>
			<PolyStyle>
				<color>807fffff</color>
			</PolyStyle>
		</Style>
		<Folder>
			<name>mtu</name>
			<Placemark>
				<styleUrl>#m_ylw-pushpin2</styleUrl>
				<ExtendedData>
					<SchemaData schemaUrl="#mtu">
						<SimpleData name="FID">0</SimpleData>
					</SchemaData>
				</ExtendedData>
				<MultiGeometry>
					<Polygon>
						<outerBoundaryIs>
							<LinearRing>
								<coordinates>
									-46.0151875762656,-22.3585641615314,0 -46.0151990605747,-22.3585427763648,0 -46.018231218063,-22.3566894859173,0 -46.02072752520981,-22.352034897726,0 -46.02079466782861,-22.35177767946,0 -46.0215244115453,-22.3508956950899,0 -46.0224695118789,-22.3480007868904,0 -46.0224406221841,-22.3453324943692,0 -46.02246352817609,-22.341849564507,0 -46.02050840451339,-22.3387161477606,0 -46.0187717427477,-22.3347116617952,0 -46.0161510714266,-22.3326444107428,0 -46.0148185668998,-22.3318586024482,0 -46.0130672553123,-22.3326398959803,0 -46.0109143655248,-22.3331380800406,0 -46.0080151272724,-22.3324031157908,0 -46.0064435135527,-22.331257558867,0 -46.0051884286529,-22.3309558860029,0 -46.0047211154725,-22.3318152967577,0 -46.00506035486351,-22.333665323486,0 -46.0031788409143,-22.3367546574625,0 -46.0027462815531,-22.3374450282477,0 -46.002709911864,-22.3378171683644,0 -46.00268111864389,-22.3388423111398,0 -46.0025742738968,-22.341581811571,0 -46.0018925022832,-22.3442317804877,0 -46.0017463867125,-22.3445207302141,0 -46.0005926605422,-22.3467682194546,0 -45.9998473437798,-22.3498895027185,0 -45.999193716771,-22.352169917721,0 -45.9986767706507,-22.3539017753631,0 -45.99955964392039,-22.3550667769319,0 -45.99992672096499,-22.3555504806539,0 -46.000580779,-22.3564211862717,0 -46.0025919263406,-22.356756863734,0 -46.0028107654476,-22.3567959878487,0 -46.0028266588797,-22.3567931799572,0 -46.0048123799501,-22.3560173521739,0 -46.0056917847594,-22.3556697703682,0 -46.0058998069126,-22.3555362946144,0 -46.0069780706183,-22.3548714108483,0 -46.0070183166279,-22.3548452395565,0 -46.0078402185993,-22.3527852211116,0 -46.0078652671866,-22.3527225322603,0 -46.0078671386951,-22.3527216156282,0 -46.0088591726271,-22.3527233726743,0 -46.01182457063869,-22.3549804990375,0 -46.011919148874,-22.3550547062944,0 -46.0120794930213,-22.3551766776076,0 -46.0150923922884,-22.3584566599155,0 -46.0151875762656,-22.3585641615314,0 
								</coordinates>
							</LinearRing>
						</outerBoundaryIs>
						<innerBoundaryIs>
							<LinearRing>
								<coordinates>
									-46.014276558056,-22.3393800303605,0 -46.0150539371738,-22.3410907243362,0 -46.0158503497493,-22.3425808850461,0 -46.0161977847966,-22.3441731445994,0 -46.0168839841371,-22.3457307458869,0 -46.0167435360756,-22.350220157077,0 -46.01434123973521,-22.3503476564561,0 -46.01043986795981,-22.349651128564,0 -46.009120859342,-22.3481579964237,0 -46.0093267071854,-22.3468399453149,0 -46.0091875118405,-22.3434675679101,0 -46.0097020230661,-22.3403857783644,0 -46.0115657634055,-22.3394155904564,0 -46.014276558056,-22.3393800303605,0 
								</coordinates>
							</LinearRing>
						</innerBoundaryIs>
					</Polygon>
				</MultiGeometry>
			</Placemark>
			<Placemark>
				<styleUrl>#m_ylw-pushpin2</styleUrl>
				<ExtendedData>
					<SchemaData schemaUrl="#mtu">
						<SimpleData name="FID">1</SimpleData>
					</SchemaData>
				</ExtendedData>
				<MultiGeometry>
					<Polygon>
						<outerBoundaryIs>
							<LinearRing>
								<coordinates>
									-46.0167435360756,-22.350220157077,0 -46.0168839841371,-22.3457307458869,0 -46.0161977847966,-22.3441731445994,0 -46.0158503497493,-22.3425808850461,0 -46.014276558056,-22.3393800303605,0 -46.0129057526548,-22.3393420738424,0 -46.0115657634055,-22.3394155904564,0 -46.0097020230661,-22.3403857783644,0 -46.0095675694491,-22.3412797168299,0 -46.0091875118405,-22.3434675679101,0 -46.0093267071854,-22.3468399453149,0 -46.009120859342,-22.3481579964237,0 -46.01043986795981,-22.349651128564,0 -46.01434123973521,-22.3503476564561,0 -46.01650165928611,-22.3502018336691,0 -46.0167435360756,-22.350220157077,0 
								</coordinates>
							</LinearRing>
						</outerBoundaryIs>
						<innerBoundaryIs>
							<LinearRing>
								<coordinates>
									-46.014276558056,-22.3393800303605,0 -46.0168839841371,-22.3457307458869,0 -46.0167435360756,-22.350220157077,0 -46.01434123973521,-22.3503476564561,0 -46.01043986795981,-22.349651128564,0 -46.009120859342,-22.3481579964237,0 -46.0093267071854,-22.3468399453149,0 -46.0091875118405,-22.3434675679101,0 -46.0097020230661,-22.3403857783644,0 -46.0115657634055,-22.3394155904564,0 -46.014276558056,-22.3393800303605,0 
								</coordinates>
							</LinearRing>
						</innerBoundaryIs>
					</Polygon>
				</MultiGeometry>
			</Placemark>
			<Placemark>
				<styleUrl>#m_ylw-pushpin2</styleUrl>
				<ExtendedData>
					<SchemaData schemaUrl="#mtu">
						<SimpleData name="FID">2</SimpleData>
					</SchemaData>
				</ExtendedData>
				<MultiGeometry>
					<Polygon>
						<outerBoundaryIs>
							<LinearRing>
								<coordinates>
									-45.921661547624,-22.132157933298,0 -45.923349754902,-22.1310464936982,0 -45.9233351175201,-22.1287398708556,0 -45.9240027460315,-22.1261322705159,0 -45.9236977094165,-22.1249044439016,0 -45.9238661375191,-22.1237501042514,0 -45.9212268718689,-22.1211245654328,0 -45.91900905334891,-22.1210653447695,0 -45.9200750220789,-22.1280315418724,0 -45.921661547624,-22.132157933298,0 
								</coordinates>
							</LinearRing>
						</outerBoundaryIs>
					</Polygon>
				</MultiGeometry>
			</Placemark>
			<Placemark>
				<styleUrl>#m_ylw-pushpin2</styleUrl>
				<ExtendedData>
					<SchemaData schemaUrl="#mtu">
						<SimpleData name="FID">3</SimpleData>
					</SchemaData>
				</ExtendedData>
				<MultiGeometry>
					<Polygon>
						<outerBoundaryIs>
							<LinearRing>
								<coordinates>
									-45.97776835393501,-22.3701442043063,0 -45.9776774653564,-22.3678965337242,0 -45.9766035021109,-22.3677860149176,0 -45.9752516055605,-22.3674672148917,0 -45.9743071635947,-22.3671005841806,0 -45.9735755263544,-22.3667069989188,0 -45.9707007410007,-22.3658761784408,0 -45.9702620565,-22.3656797437069,0 -45.96755569448451,-22.3653837638436,0 -45.9678833389972,-22.3660106255619,0 -45.9676648905959,-22.3673768122168,0 -45.9676698390585,-22.3679691334117,0 -45.9683677317349,-22.3699036205966,0 -45.9687636211987,-22.3707592317651,0 -45.96875334843281,-22.3712522147159,0 -45.969789036662,-22.3758841421515,0 -45.9697453327401,-22.3762811640277,0 -45.9696168027334,-22.3764317887819,0 -45.96972095233851,-22.3767081329474,0 -45.9698588285527,-22.3771924976516,0 -45.9699690185677,-22.3775451959437,0 -45.9700767492957,-22.3778447064133,0 -45.97044640645209,-22.3782287544355,0 -45.9710225610371,-22.3784644970529,0 -45.9720503953436,-22.3783903465612,0 -45.9720916954739,-22.3783871075226,0 -45.97210779651871,-22.3783888513202,0 -45.9725785425766,-22.3781916699543,0 -45.9734990172711,-22.3766414092595,0 -45.9740319955463,-22.3768247597624,0 -45.9746492307946,-22.3769150947092,0 -45.9753946915539,-22.3768583665138,0 -45.9762227189504,-22.3768955733895,0 -45.976640719021,-22.376700809637,0 -45.9774819429251,-22.3761678193389,0 -45.9780007792006,-22.3754200252507,0 -45.97825557239889,-22.3747728231251,0 -45.9778458240954,-22.3738171058175,0 -45.977679131205,-22.3729911420762,0 -45.97776835393501,-22.3701442043063,0 
								</coordinates>
							</LinearRing>
						</outerBoundaryIs>
					</Polygon>
				</MultiGeometry>
			</Placemark>
			<Placemark>
				<styleUrl>#m_ylw-pushpin2</styleUrl>
				<ExtendedData>
					<SchemaData schemaUrl="#mtu">
						<SimpleData name="FID">4</SimpleData>
					</SchemaData>
				</ExtendedData>
				<MultiGeometry>
					<Polygon>
						<outerBoundaryIs>
							<LinearRing>
								<coordinates>
									-45.9050784316475,-22.200169669295,0 -45.9045495651451,-22.1995481889085,0 -45.9045691606973,-22.1994828483814,0 -45.90482246828271,-22.1984097778353,0 -45.9056760219759,-22.1974295836973,0 -45.9060987485076,-22.1969628221456,0 -45.90637260905989,-22.1960438052994,0 -45.90492696379859,-22.1963236947348,0 -45.9043823151114,-22.1967458221885,0 -45.90309890024621,-22.1957674888438,0 -45.9013439721183,-22.1952335113909,0 -45.9006016579424,-22.195144311182,0 -45.9003973825341,-22.1942516025246,0 -45.8996090064322,-22.1934545869046,0 -45.8992042043702,-22.1922547635869,0 -45.8970923635499,-22.1897800980026,0 -45.8958943276348,-22.1911942849642,0 -45.8944604772883,-22.1923277688618,0 -45.89268980523141,-22.1934054309451,0 -45.8922039957996,-22.1945614762612,0 -45.89196175738019,-22.1960131548503,0 -45.891854484434,-22.1965851212601,0 -45.8914496084486,-22.1980261114114,0 -45.892487789152,-22.1985442788707,0 -45.8924886525759,-22.1986808887109,0 -45.89514961408749,-22.1993114063611,0 -45.89530537739829,-22.1994547541678,0 -45.8959102581608,-22.1999691072641,0 -45.8968936164149,-22.2008090166841,0 -45.897886606715,-22.2016631653073,0 -45.9050784316475,-22.200169669295,0 
								</coordinates>
							</LinearRing>
						</outerBoundaryIs>
					</Polygon>
				</MultiGeometry>
			</Placemark>
			<Placemark>
				<styleUrl>#m_ylw-pushpin2</styleUrl>
				<ExtendedData>
					<SchemaData schemaUrl="#mtu">
						<SimpleData name="FID">5</SimpleData>
					</SchemaData>
				</ExtendedData>
				<MultiGeometry>
					<Polygon>
						<outerBoundaryIs>
							<LinearRing>
								<coordinates>
									-45.8922039957996,-22.1945614762612,0 -45.89196175738019,-22.1960131548503,0 -45.891854484434,-22.1965851212601,0 -45.8914496084486,-22.1980261114114,0 -45.892487789152,-22.1985442788707,0 -45.8924886525759,-22.1986808887109,0 -45.89514961408749,-22.1993114063611,0 -45.89530537739829,-22.1994547541678,0 -45.8965151433163,-22.2004834579346,0 -45.8968936164149,-22.2008090166841,0 -45.897886606715,-22.2016631653073,0 -45.89804653985819,-22.2015052350353,0 -45.8982064726444,-22.2013473046151,0 -45.8983611644711,-22.2012195298398,0 -45.8985158560167,-22.2010917549249,0 -45.89873040285341,-22.2009184817628,0 -45.89890656650489,-22.2007655650465,0 -45.8991459992343,-22.2005603156817,0 -45.89937969779971,-22.2009365770414,0 -45.8994344644643,-22.2010211898388,0 -45.8995918187048,-22.2012277758757,0 -45.8997491734116,-22.2014343617398,0 -45.8999012835129,-22.201617082699,0 -45.9000533940116,-22.2017998034988,0 -45.9001432694459,-22.2019134002846,0 -45.9003053494109,-22.2017345083653,0 -45.9005595630358,-22.2014007030925,0 -45.900770012041,-22.2011051705743,0 -45.9009983497222,-22.200821901454,0 -45.9011685580753,-22.2005532394099,0 -45.9013385008373,-22.200284905901,0 -45.9014179494445,-22.2001784122977,0 -45.9014593571494,-22.2001229429446,0 -45.90158021318801,-22.1999609799044,0 -45.9017488971648,-22.1997464025358,0 -45.9019175806348,-22.1995318250039,0 -45.90208787397,-22.1993187740894,0 -45.90225816679669,-22.1991057230085,0 -45.90243157421011,-22.1988791945198,0 -45.902604981074,-22.1986526658588,0 -45.9027767791955,-22.1984103477863,0 -45.9030905112307,-22.1986544905693,0 -45.9033832798512,-22.1988823185147,0 -45.903599546632,-22.1990854120418,0 -45.9038158140351,-22.1992885052558,0 -45.9038867647553,-22.1993551402757,0 -45.90395947259751,-22.1994234818798,0 -45.90416827512151,-22.1996195698706,0 -45.9043770782256,-22.1998156575694,0 -45.90446342038379,-22.1999376727489,0 -45.9047548564746,-22.2000476178078,0 -45.9050784316475,-22.200169669295,0 -45.9045495651451,-22.1995481889085,0 -45.9045691606973,-22.1994828483814,0 -45.90482246828271,-22.1984097778353,0 -45.9056760219759,-22.1974295836973,0 -45.9060987485076,-22.1969628221456,0 -45.90637260905989,-22.1960438052994,0 -45.90492696379859,-22.1963236947348,0 -45.9043823151114,-22.1967458221885,0 -45.90309890024621,-22.1957674888438,0 -45.9013439721183,-22.1952335113909,0 -45.9006016579424,-22.195144311182,0 -45.9003973825341,-22.1942516025246,0 -45.8996090064322,-22.1934545869046,0 -45.8992042043702,-22.1922547635869,0 -45.8970923635499,-22.1897800980026,0 -45.8958943276348,-22.1911942849642,0 -45.8944604772883,-22.1923277688618,0 -45.89268980523141,-22.1934054309451,0 -45.8922039957996,-22.1945614762612,0 
								</coordinates>
							</LinearRing>
						</outerBoundaryIs>
					</Polygon>
				</MultiGeometry>
			</Placemark>
			<Placemark>
				<styleUrl>#m_ylw-pushpin2</styleUrl>
				<ExtendedData>
					<SchemaData schemaUrl="#mtu">
						<SimpleData name="FID">6</SimpleData>
					</SchemaData>
				</ExtendedData>
				<MultiGeometry>
					<Polygon>
						<outerBoundaryIs>
							<LinearRing>
								<coordinates>
									-45.9536195860659,-22.2247829748668,0 -45.9538090405521,-22.2229370396571,0 -45.9531130024433,-22.2222152925772,0 -45.9529161352966,-22.2216253088587,0 -45.9533156774568,-22.221286244755,0 -45.9536194395033,-22.221045016803,0 -45.9538114005268,-22.2209092021791,0 -45.9537995694412,-22.2203480656422,0 -45.9544415488488,-22.2201266287724,0 -45.955790346835,-22.2197105322065,0 -45.9561383864933,-22.2197419898176,0 -45.95645836024941,-22.2197547532956,0 -45.9575624352208,-22.2200023280763,0 -45.9576311688074,-22.2196389207747,0 -45.95784098589,-22.2194069255355,0 -45.9584203176706,-22.2184605058546,0 -45.9585792888642,-22.2181453924109,0 -45.9590030078568,-22.2178123692638,0 -45.9592496894058,-22.2175464940795,0 -45.95974327457759,-22.2170477939823,0 -45.9599198593574,-22.2169145418257,0 -45.9605713785718,-22.2170427276455,0 -45.9613894674582,-22.2166490804062,0 -45.9607673026881,-22.2162103090457,0 -45.96047549254251,-22.2156489186277,0 -45.96038745715521,-22.2154081040352,0 -45.959908193548,-22.2148075962144,0 -45.9590402619741,-22.2142227851574,0 -45.9584167322274,-22.2140136837617,0 -45.95738313940671,-22.2137219159514,0 -45.9578101507366,-22.2135332709086,0 -45.95847500109971,-22.2132784769827,0 -45.95961174589971,-22.2123040559148,0 -45.9601894946444,-22.2121688637345,0 -45.96245295520151,-22.2122013071999,0 -45.963508853916,-22.2119201830904,0 -45.9649265333675,-22.210583214412,0 -45.9680947919097,-22.2098313971928,0 -45.97070590634511,-22.2103426921967,0 -45.9719120483164,-22.210450026187,0 -45.97233086358381,-22.2105391501498,0 -45.9740023353497,-22.2103459056911,0 -45.9750876993777,-22.2107746273846,0 -45.9761786155252,-22.2120050295695,0 -45.97741286399939,-22.2126160925174,0 -45.9788834250369,-22.2118284398999,0 -45.9803804779384,-22.2113154904665,0 -45.98143760394349,-22.2112174942223,0 -45.98115602528421,-22.2096386571798,0 -45.9789168934692,-22.209560513858,0 -45.97724655006979,-22.2099141458131,0 -45.9757898283201,-22.2091440702159,0 -45.9726515717901,-22.2071012820043,0 -45.9721045685621,-22.2062570143728,0 -45.9726751840285,-22.2050028826099,0 -45.97306596756869,-22.204201684822,0 -45.97337019306149,-22.2034983338049,0 -45.97357795865689,-22.202813547112,0 -45.9738060310261,-22.20227254279,0 -45.9739766498953,-22.201803833916,0 -45.974186396143,-22.2014068428089,0 -45.9757145542771,-22.2007166768205,0 -45.9780188173982,-22.1997289711283,0 -45.9752953389661,-22.1945313517285,0 -45.9702776984452,-22.1933087140833,0 -45.9697549749853,-22.1929868297809,0 -45.969469413202,-22.1927720704796,0 -45.9692876475051,-22.1926288460819,0 -45.9686921870878,-22.1924159293873,0 -45.9677845218223,-22.191868151148,0 -45.9667479039701,-22.1913451841154,0 -45.96526997229279,-22.1904881112093,0 -45.96438832097881,-22.1899642100546,0 -45.9621022095022,-22.188820881901,0 -45.961324805617,-22.1879688185302,0 -45.96008075338549,-22.1866682169243,0 -45.9595180088306,-22.1860254422181,0 -45.95908412552439,-22.1855435842897,0 -45.9575872721329,-22.1832633402342,0 -45.9570920170951,-22.1825886428321,0 -45.9569886864416,-22.182321358426,0 -45.954307649117,-22.177245133524,0 -45.9531833144607,-22.1752854656333,0 -45.95251934656271,-22.1735685946463,0 -45.9517753288424,-22.1724478072986,0 -45.9490956339257,-22.170497182632,0 -45.9476360003633,-22.169488788591,0 -45.9456992374611,-22.1682822520968,0 -45.9444826560657,-22.1675678762152,0 -45.9426828341756,-22.1665709593654,0 -45.9408205112981,-22.165621292634,0 -45.9392182414012,-22.1639017652019,0 -45.9391674218339,-22.1639824676465,0 -45.9371844967421,-22.1637488241055,0 -45.9365358596581,-22.1636702291384,0 -45.9364183880898,-22.1637257854012,0 -45.93603524301539,-22.1637005448387,0 -45.934758436586,-22.1634857500765,0 -45.9335832033159,-22.1630634477528,0 -45.9326196472682,-22.1629909557328,0 -45.93089520359101,-22.1650094810038,0 -45.929771652545,-22.1660198904174,0 -45.9285449265993,-22.1673825847016,0 -45.9267944697805,-22.1692446028893,0 -45.92643550446,-22.1747939575739,0 -45.9280948076366,-22.1767871525741,0 -45.93124433666711,-22.1805867059369,0 -45.9294989568056,-22.1839916320326,0 -45.9276318432726,-22.187094420101,0 -45.922262497961,-22.1885439210967,0 -45.91882773868591,-22.1891939185902,0 -45.9179018210457,-22.1920367794975,0 -45.9165326801143,-22.1949117593845,0 -45.9160704046839,-22.1958814126306,0 -45.9164288816644,-22.1976202309709,0 -45.91673970885319,-22.198957411111,0 -45.916986959348,-22.2001300077675,0 -45.91321218126421,-22.2023535476494,0 -45.9121947513964,-22.2029513649539,0 -45.9119569914202,-22.2030904850316,0 -45.91088062511939,-22.2027202596477,0 -45.9105514785681,-22.2026054960397,0 -45.9095312542175,-22.2026728011621,0 -45.90921516833,-22.2027515698106,0 -45.9089200652764,-22.2029439688151,0 -45.90961805937851,-22.2029603791557,0 -45.9103160535267,-22.2029767864979,0 -45.9127982402816,-22.2057248492136,0 -45.9115406100498,-22.2070606143311,0 -45.9116754853724,-22.2070800037628,0 -45.9118103607621,-22.2070993930883,0 -45.9119856483396,-22.2071348162154,0 -45.9121609360324,-22.2071702391574,0 -45.9123994621259,-22.2072185415716,0 -45.91263798836901,-22.2072668436302,0 -45.9131504875949,-22.207534071584,0 -45.9136629884021,-22.2078012976849,0 -45.9140508455905,-22.2080035036031,0 -45.9144387035498,-22.2082057083899,0 -45.9148265625957,-22.2084079122098,0 -45.91521442272839,-22.2086101150627,0 -45.9149546968963,-22.2092765091469,0 -45.9148296458099,-22.2095944914102,0 -45.9143095489801,-22.2101328297689,0 -45.9140401266236,-22.2105501553667,0 -45.9138613137097,-22.2106826873141,0 -45.9137259953132,-22.210793972,0 -45.9135906767024,-22.2109052565791,0 -45.9134553578771,-22.2110165410514,0 -45.9133200388374,-22.2111278254169,0 -45.9131906199353,-22.2111614335592,0 -45.9130612009679,-22.2111950416006,0 -45.9129317819351,-22.2112286495409,0 -45.9128023628369,-22.2112622573804,0 -45.9126989481115,-22.2113452906843,0 -45.91259553326361,-22.2114283239258,0 -45.91249211829339,-22.2115113571049,0 -45.9123887032008,-22.2115943902215,0 -45.9122287937804,-22.211807664387,0 -45.91206888388309,-22.2120209384062,0 -45.91233742613611,-22.212028873324,0 -45.9124757726555,-22.2120329532709,0 -45.91260596840111,-22.2120368077999,0 -45.91284948034851,-22.2120746927957,0 -45.91299307127461,-22.2120983681842,0 -45.9131784720432,-22.2121289227544,0 -45.913363872884,-22.2121594771105,0 -45.9135448412522,-22.2122059325219,0 -45.9137258097323,-22.2122523877277,0 -45.9139067783243,-22.2122988427281,0 -45.9140877470281,-22.2123452975228,0 -45.9150604497055,-22.2125879819451,0 -45.91515216681861,-22.212623600265,0 -45.91526051649259,-22.2126658097958,0 -45.91537122089291,-22.2127120710826,0 -45.9154735028498,-22.212761089716,0 -45.9155931085202,-22.2128035970442,0 -45.91570699168649,-22.2128463171466,0 -45.9157715728253,-22.2128713379172,0 -45.9158168030403,-22.2129044170342,0 -45.9159639870542,-22.2130106357527,0 -45.91599995423189,-22.2130365401463,0 -45.9160867873001,-22.213096846874,0 -45.9160955436717,-22.2131006819919,0 -45.91620409424021,-22.2131475871609,0 -45.9163161918157,-22.2131960165328,0 -45.9164230683656,-22.2132421997431,0 -45.9164235060971,-22.2132423779483,0 -45.9164767235291,-22.2132653847112,0 -45.91652994097801,-22.213288391456,0 -45.91657664644919,-22.2133170356279,0 -45.9166233519391,-22.2133456797856,0 -45.91667005744759,-22.2133743239292,0 -45.9167167629748,-22.2134029680586,0 -45.9167610771469,-22.2134443177125,0 -45.9168501134503,-22.2135151356304,0 -45.9169308932965,-22.2135993244265,0 -45.9169659210643,-22.213585125149,0 -45.9169991605223,-22.2136614967751,0 -45.91705436391419,-22.2137885128975,0 -45.9170890048359,-22.2137744964426,0 -45.9171183244697,-22.2138522903204,0 -45.9171577177371,-22.2139537177727,0 -45.9171885558692,-22.2140300351329,0 -45.91723301041589,-22.214130237099,0 -45.91725676508969,-22.2141802391328,0 -45.9172840375796,-22.2142266531026,0 -45.9173113100879,-22.2142730670671,0 -45.9173322880267,-22.2143026012811,0 -45.9173742439311,-22.2143616696998,0 -45.9174028594432,-22.2144020010486,0 -45.9174147848218,-22.2144381129831,0 -45.917426710207,-22.2144742249163,0 -45.9175569314755,-22.2145935459531,0 -45.9176526345698,-22.2146786213114,0 -45.917757226582,-22.214769224666,0 -45.91780952263839,-22.2148145263159,0 -45.9178360771504,-22.2148847474945,0 -45.917882990747,-22.214934076797,0 -45.9179299043764,-22.2149834060847,0 -45.9180069477387,-22.2150671636903,0 -45.9180599163368,-22.2150368736793,0 -45.9181888723973,-22.2150995161227,0 -45.9183178285694,-22.2151621584597,0 -45.9184001659852,-22.215202163876,0 -45.91853155548841,-22.2152659892431,0 -45.9186629451074,-22.2153298144996,0 -45.9187943348423,-22.2153936396455,0 -45.918925724693,-22.2154574646807,0 -45.9189302170818,-22.2155364823876,0 -45.9189456509481,-22.2156159125673,0 -45.9189610848335,-22.2156953427441,0 -45.918976518738,-22.2157747729182,0 -45.9189919526616,-22.2158542030894,0 -45.9190414058654,-22.215939561329,0 -45.919054570008,-22.2159646904306,0 -45.9190677341553,-22.2159898195309,0 -45.919093514801,-22.2160453654142,0 -45.9191192954676,-22.2161009112924,0 -45.9191212470298,-22.2161175218974,0 -45.9191278541495,-22.2161450248669,0 -45.919135008767,-22.2161748068512,0 -45.91917431132769,-22.2162359222776,0 -45.9192136139232,-22.2162970376928,0 -45.9192762846564,-22.2163960014687,0 -45.9193584276312,-22.2165257137348,0 -45.9194101586214,-22.2166074021771,0 -45.9194726343969,-22.2167116984898,0 -45.9201615185439,-22.2163171769988,0 -45.92086723649841,-22.2158274322483,0 -45.92125642763539,-22.215478704794,0 -45.9216229430139,-22.2150971777982,0 -45.92198945641811,-22.2147156500269,0 -45.9224388526037,-22.2142500015955,0 -45.9228882458343,-22.213784351998,0 -45.92321375277351,-22.2134383299043,0 -45.9238158178804,-22.2127553778341,0 -45.9240072298657,-22.2127462881139,0 -45.9247013916634,-22.2128000244186,0 -45.9253955538737,-22.2128537577436,0 -45.92584811362089,-22.2132351521318,0 -45.9263826232945,-22.2136856365379,0 -45.9271043863356,-22.2140781866851,0 -45.9271454188289,-22.2141068600687,0 -45.9272723992164,-22.2138831903176,0 -45.927627136604,-22.2140079988078,0 -45.9276429239963,-22.2140187489965,0 -45.9277840660426,-22.2141193904024,0 -45.927921068203,-22.2142248430274,0 -45.92805363884889,-22.2143350182099,0 -45.9281817767956,-22.2144497352977,0 -45.9283051898163,-22.2145688152983,0 -45.92842378030349,-22.2146921684445,0 -45.9285372554318,-22.2148195254129,0 -45.92864551758951,-22.2149507964366,0 -45.9287262472354,-22.2150556660853,0 -45.92880359578831,-22.2151627230208,0 -45.9289842753068,-22.2154771407001,0 -45.9291649556505,-22.2157915581392,0 -45.929174254064,-22.2158186958078,0 -45.9294603076753,-22.2157960142613,0 -45.92974636117489,-22.2157733322151,0 -45.9300730435895,-22.2157473912543,0 -45.9303997258581,-22.2157214496417,0 -45.9304773562148,-22.2157091719394,0 -45.9307345586044,-22.2156883243182,0 -45.930991760902,-22.215667476293,0 -45.9311007720491,-22.2156618842045,0 -45.931361445562,-22.2156378088545,0 -45.93162211896961,-22.2156137330899,0 -45.9316940219441,-22.2156156701484,0 -45.9319629697741,-22.2155958373657,0 -45.9322319175109,-22.2155760041411,0 -45.9323109499622,-22.215570402306,0 -45.9323322864925,-22.2155692863861,0 -45.9324604140221,-22.2155643065465,0 -45.9325806822057,-22.2155591909761,0 -45.9326962901194,-22.2155535600187,0 -45.9328183027394,-22.2155481632711,0 -45.9329352512039,-22.215539859587,0 -45.93305879481291,-22.2155312470015,0 -45.93307499137631,-22.2155304314589,0 -45.9331488190497,-22.2155300081377,0 -45.93330355293501,-22.2155212616821,0 -45.9334582867954,-22.21551251508,0 -45.9335181847206,-22.2152689905455,0 -45.9335342899618,-22.2151957270709,0 -45.9335810284996,-22.2150015103986,0 -45.9336277669189,-22.2148072937128,0 -45.9336305171319,-22.2147830682407,0 -45.9340775717282,-22.2146217848795,0 -45.9343174923332,-22.2145352283534,0 -45.9345246252607,-22.2144605003222,0 -45.9348545920043,-22.2143439699116,0 -45.93533640579821,-22.2141738119621,0 -45.9361481828979,-22.2138871196566,0 -45.9367580009129,-22.2136754509489,0 -45.93704187624149,-22.2135769164295,0 -45.9400800715719,-22.2124899240787,0 -45.9403079177307,-22.2124106491105,0 -45.9406805705702,-22.2122748908463,0 -45.9411504866403,-22.2121037001963,0 -45.94135755239041,-22.2120272796515,0 -45.941930168669,-22.2118159457292,0 -45.94230136519471,-22.211680508433,0 -45.942875094832,-22.211467346778,0 -45.9431185350678,-22.2113777164866,0 -45.94352728485431,-22.2112272211455,0 -45.9438702496136,-22.2112974327294,0 -45.94393435294921,-22.2112794457387,0 -45.94394957455251,-22.2110169356566,0 -45.94464311273359,-22.2109998134388,0 -45.94471838387931,-22.2109980215415,0 -45.9452201560704,-22.2109856232046,0 -45.9452876305156,-22.2112102545878,0 -45.9454812164779,-22.2111948121365,0 -45.9456748023886,-22.2111793694563,0 -45.9460809451456,-22.2111419593885,0 -45.9461719854499,-22.2111335710718,0 -45.94617154350439,-22.2111255338716,0 -45.9462626280074,-22.2111237396651,0 -45.9463530220442,-22.2111219590091,0 -45.94635371250601,-22.2111219454076,0 -45.9463950122831,-22.2111200083485,0 -45.9463934870299,-22.2110928071041,0 -45.9463747237111,-22.2109183180705,0 -45.94640451512989,-22.2109145130438,0 -45.9464405617933,-22.2109153874548,0 -45.94647660845681,-22.2109162618578,0 -45.9467693365892,-22.2109361041254,0 -45.9470620647827,-22.2109559458635,0 -45.9473266032962,-22.2109675048755,0 -45.9476906619328,-22.2109982672704,0 -45.9480547206955,-22.2110290288451,0 -45.94843547328659,-22.2110608666715,0 -45.94881622601369,-22.2110927036009,0 -45.94904957966369,-22.2111122103503,0 -45.9490962969094,-22.2112932391402,0 -45.949143025345,-22.2114742659215,0 -45.9491828581865,-22.2116285977519,0 -45.9492295757995,-22.2118096264802,0 -45.9493161377571,-22.2121449849776,0 -45.94936554614899,-22.2123365670772,0 -45.9493928260751,-22.2123851211371,0 -45.9492952297088,-22.2124260017931,0 -45.9491691643662,-22.2124773694894,0 -45.94910677119569,-22.2125043820051,0 -45.94898473633841,-22.2125636303194,0 -45.9489251910526,-22.2125957752236,0 -45.9488656457391,-22.2126279201069,0 -45.9488077177926,-22.2126625397367,0 -45.9487497898171,-22.2126971593468,0 -45.9488320594967,-22.2127315948729,0 -45.9488579280437,-22.2127930964197,0 -45.9488535464763,-22.2128767358323,0 -45.9488421078684,-22.213095086273,0 -45.9488262876515,-22.2133970761161,0 -45.94861379927149,-22.2137687762271,0 -45.9484013098004,-22.2141404760832,0 -45.9482059190116,-22.2146674512408,0 -45.9480105268334,-22.2151944261814,0 -45.9478678099523,-22.2159302182359,0 -45.9476609539754,-22.2158694553132,0 -45.9471612737285,-22.2171505945393,0 -45.9469558935042,-22.217773290539,0 -45.9469352601914,-22.2178358316828,0 -45.94693799957791,-22.2178728050506,0 -45.94652503449151,-22.2178980538561,0 -45.9459757758451,-22.2179276817923,0 -45.9458725434019,-22.2179368125398,0 -45.9458155528168,-22.2179345625319,0 -45.94565931334411,-22.2179007948821,0 -45.9455454097879,-22.2178713754309,0 -45.9454314834647,-22.2178419500063,0 -45.9453903526609,-22.2179841103858,0 -45.94531736805439,-22.2181586852544,0 -45.9452124570856,-22.2184096253176,0 -45.9451413729217,-22.2185492502746,0 -45.9450127987318,-22.218801797554,0 -45.9449857945357,-22.2188548451909,0 -45.944926040152,-22.218972175289,0 -45.9448131393019,-22.2191939695656,0 -45.9447262204705,-22.2193323029297,0 -45.944706547073,-22.2193662081464,0 -45.9446648241821,-22.2194300163804,0 -45.9445798321015,-22.219565282764,0 -45.9445165085763,-22.2196660630706,0 -45.9444401261367,-22.2197778887889,0 -45.9441910872875,-22.2201421171847,0 -45.94403237857161,-22.2203701841556,0 -45.9438469748862,-22.2205800676487,0 -45.9436669866431,-22.2207820795018,0 -45.943632202967,-22.220820486868,0 -45.94348408712919,-22.2209818118586,0 -45.9432621479305,-22.2211866091965,0 -45.9429790525347,-22.2213097629665,0 -45.9426674879705,-22.2213555668007,0 -45.9423553058868,-22.2213975685506,0 -45.9420286054798,-22.2214215774232,0 -45.94170262335589,-22.2214529285064,0 -45.9414510357151,-22.2214568728162,0 -45.9411996622676,-22.2214673113075,0 -45.9409960044111,-22.221527224409,0 -45.9410387391918,-22.2215453877791,0 -45.9416220882327,-22.2220331611612,0 -45.9413923207515,-22.2223936605864,0 -45.94143636730151,-22.2224297653351,0 -45.9414804138739,-22.222465870071,0 -45.9415118914033,-22.2224940077652,0 -45.9415433689453,-22.2225221454527,0 -45.9415975293708,-22.2225109015401,0 -45.9417292989729,-22.2225564804415,0 -45.94186106865649,-22.222602059233,0 -45.9418570567118,-22.222626021086,0 -45.94196100886839,-22.2226612368675,0 -45.94206496107459,-22.2226964525806,0 -45.9422600509971,-22.2226422965001,0 -45.9424551407611,-22.2225881401904,0 -45.9424745691376,-22.2224388340215,0 -45.9425191816118,-22.2224438664533,0 -45.9425633600506,-22.2224488499121,0 -45.9427630338,-22.2224926795403,0 -45.9429742901489,-22.2225710398716,0 -45.9431855467232,-22.2226493999197,0 -45.9432715601065,-22.222686119032,0 -45.9434859458385,-22.222739076567,0 -45.94370523438,-22.2227272356058,0 -45.9437789181009,-22.2227337639361,0 -45.9443620866469,-22.2223592862549,0 -45.9449452520514,-22.2219848065745,0 -45.94534352268531,-22.2218032243554,0 -45.9457417922636,-22.2216216411931,0 -45.9457948745631,-22.2215944129828,0 -45.94585090432761,-22.221572678018,0 -45.9459091090544,-22.2215569827929,0 -45.9459689066432,-22.2215473306895,0 -45.946029424547,-22.2215438171136,0 -45.9460899848607,-22.221546626675,0 -45.9461499072561,-22.2215555826608,0 -45.94620831858041,-22.2215706901496,0 -45.94626463491609,-22.2215916815357,0 -45.9465075900763,-22.2216948303569,0 -45.9467505455801,-22.2217979788015,0 -45.946922769818,-22.2218862720442,0 -45.947041532087,-22.2219379747172,0 -45.9471632104221,-22.2219832465855,0 -45.9472874649422,-22.2220220444549,0 -45.9474139066493,-22.2220542350836,0 -45.9479132096279,-22.2221522754166,0 -45.9483488184914,-22.2222359158151,0 -45.9485593098583,-22.2222867213058,0 -45.9485879063777,-22.2222939295635,0 -45.9485312395093,-22.2224914882169,0 -45.9485322167037,-22.2226367880856,0 -45.9486520419817,-22.2228677981237,0 -45.9487884294718,-22.2231307338152,0 -45.9488582207855,-22.2232652862418,0 -45.9489315702968,-22.2234158605763,0 -45.94895102501819,-22.2235483891002,0 -45.9489429090749,-22.2237216126118,0 -45.94894046295741,-22.2237691359648,0 -45.94891843506259,-22.2241970946737,0 -45.94891347650499,-22.2243187585267,0 -45.9489041117379,-22.2245485334484,0 -45.9488897883773,-22.2248999722095,0 -45.9488727280289,-22.2252002520134,0 -45.9489571723715,-22.2251997594464,0 -45.9494492541061,-22.2252065093789,0 -45.9495543877883,-22.2252079513145,0 -45.9499413084233,-22.2252132574452,0 -45.95029241188089,-22.2252164805187,0 -45.9506419239804,-22.22518522622,0 -45.9507650809787,-22.2251628103347,0 -45.9508995945411,-22.2251383273199,0 -45.95115726491439,-22.2250914280175,0 -45.95139699543931,-22.2250457650569,0 -45.9519212676358,-22.2249459023533,0 -45.95201763417081,-22.2249275877632,0 -45.9526852686404,-22.2248003731535,0 -45.9529618936494,-22.2247816065145,0 -45.9532577022027,-22.2247994589214,0 -45.95337876937201,-22.2248035617806,0 -45.9536195860659,-22.2247829748668,0 
								</coordinates>
							</LinearRing>
						</outerBoundaryIs>
					</Polygon>
				</MultiGeometry>
			</Placemark>
			<Placemark>
				<styleUrl>#m_ylw-pushpin2</styleUrl>
				<ExtendedData>
					<SchemaData schemaUrl="#mtu">
						<SimpleData name="FID">7</SimpleData>
					</SchemaData>
				</ExtendedData>
				<MultiGeometry>
					<Polygon>
						<outerBoundaryIs>
							<LinearRing>
								<coordinates>
									-45.9629558024193,-22.2452953849227,0 -45.96275461786411,-22.245611118834,0 -45.96255343242581,-22.2459268525163,0 -45.9624327346461,-22.2461708812497,0 -45.9623120292839,-22.2464149244133,0 -45.9627454469843,-22.246533932878,0 -45.9633339433884,-22.2467051971086,0 -45.96392244114459,-22.2468764591539,0 -45.9643533681773,-22.2470008673381,0 -45.9647842959289,-22.2471252743508,0 -45.9652701598987,-22.2473274383722,0 -45.9657118710361,-22.2476037744451,0 -45.9659526922342,-22.2478709293726,0 -45.966222937669,-22.2481923328498,0 -45.966567328368,-22.2485667058465,0 -45.966911720909,-22.2489410780311,0 -45.9672965197648,-22.2493630406363,0 -45.967681320941,-22.2497850022264,0 -45.9679644136221,-22.2501134408994,0 -45.96824750763491,-22.2504418790191,0 -45.9685442991214,-22.2507310423611,0 -45.9689025490337,-22.2509517931485,0 -45.9692179225415,-22.2510739992274,0 -45.96954583551859,-22.2511631316731,0 -45.9699617979276,-22.2512198974195,0 -45.9702059621064,-22.2512410473579,0 -45.9703808989824,-22.2512507399984,0 -45.970721237313,-22.2512004728906,0 -45.9710441262314,-22.2510884240563,0 -45.9714396926109,-22.2509011759414,0 -45.9718440957895,-22.2507310706829,0 -45.9722038121028,-22.250630475068,0 -45.97253405739019,-22.2506005224666,0 -45.9730166316433,-22.250608021903,0 -45.9734544868692,-22.2506318226201,0 -45.9739118250998,-22.2506002866406,0 -45.97435541911819,-22.2504920078713,0 -45.9748320101906,-22.2503650045688,0 -45.9753167092485,-22.2502681771685,0 -45.97558477004951,-22.2502440255694,0 -45.97592979352759,-22.2502794021072,0 -45.97620557988629,-22.250320431332,0 -45.9764698200801,-22.2504046128554,0 -45.9767929629818,-22.2505611582036,0 -45.9770884909242,-22.2507594283682,0 -45.97744874391341,-22.2510332473579,0 -45.97757744010781,-22.2511450124241,0 -45.9776137690105,-22.2511780447922,0 -45.9776179241181,-22.2512943611188,0 -45.97761881902549,-22.2514232805127,0 -45.9775871941344,-22.2515651584164,0 -45.9775624840526,-22.2517253135936,0 -45.9775464724814,-22.2520130498539,0 -45.9775476160915,-22.2522507981263,0 -45.9775503590303,-22.2524974922191,0 -45.9775607627502,-22.2529504266906,0 -45.9776874175094,-22.2555073250791,0 -45.977130147338,-22.2569945113533,0 -45.9770096410936,-22.2622870030417,0 -45.97891424276839,-22.2680844658732,0 -45.9775459878847,-22.2739224107176,0 -45.9789431175034,-22.2732215935475,0 -45.98180565983661,-22.2743877254022,0 -45.9822532859023,-22.2738028488687,0 -45.9823170687666,-22.2725448111553,0 -45.9823498125764,-22.2724604996151,0 -45.982999022529,-22.2691895007861,0 -45.9835153389323,-22.2686811921441,0 -45.9832052064574,-22.2673952883403,0 -45.9834601795003,-22.2659800971458,0 -45.98465624606879,-22.2642696000185,0 -45.9867378556009,-22.2608639193931,0 -45.9873563497624,-22.2584989764048,0 -45.988363273302,-22.25868629454,0 -45.9937730658672,-22.2584371291781,0 -45.9970117876854,-22.2599576888353,0 -45.9993837138234,-22.2585034902641,0 -45.9994354101707,-22.2584751914574,0 -45.9995223984572,-22.2584187326263,0 -46.00012098857649,-22.2576776708142,0 -46.00029378426199,-22.2570512779866,0 -46.0024495307145,-22.2524095353074,0 -46.00461633949381,-22.2466420291608,0 -46.0047008366573,-22.2428193688734,0 -46.00473476556281,-22.2405726444281,0 -46.0022137395353,-22.2395716736666,0 -46.0001426987578,-22.2386395716323,0 -45.99796658000379,-22.239400517671,0 -45.99568772270949,-22.2378091201085,0 -45.988764787312,-22.2387770659487,0 -45.9841363095695,-22.2399770769913,0 -45.9837646085659,-22.240020243466,0 -45.98354832912149,-22.2393257788776,0 -45.98395282589949,-22.2386876413497,0 -45.9842479692748,-22.2379583944196,0 -45.9842279523251,-22.2367348099596,0 -45.9837316388861,-22.236172423497,0 -45.9840319481543,-22.234907807907,0 -45.9823136768824,-22.2345490658469,0 -45.9818266408724,-22.2341982264994,0 -45.9820584800344,-22.2330120995098,0 -45.9818871468936,-22.2325437137621,0 -45.9810680407128,-22.2321462966101,0 -45.9802713936014,-22.2315252062476,0 -45.9791186587124,-22.2314874431776,0 -45.97720089490521,-22.2319236910062,0 -45.9754316578598,-22.2330072737287,0 -45.97389661782291,-22.2332400070671,0 -45.9730847806115,-22.2338931147703,0 -45.9725317957518,-22.2337846556714,0 -45.9721230213947,-22.2336976860961,0 -45.97118897000001,-22.2340385676353,0 -45.9691723392754,-22.2340729515648,0 -45.9657135693007,-22.2336608755244,0 -45.9649642325499,-22.2338492256028,0 -45.964415313287,-22.2344593588976,0 -45.9638637484953,-22.2346833115286,0 -45.9647616812309,-22.236002082459,0 -45.9654980794182,-22.2368068811166,0 -45.96557885509129,-22.2370638643975,0 -45.9660146813583,-22.237245177932,0 -45.969724519372,-22.2377913157655,0 -45.9698669257283,-22.2378821653934,0 -45.9708945489786,-22.2384810881427,0 -45.9719221808013,-22.2390800040394,0 -45.9726677641606,-22.2389507045041,0 -45.97300841582949,-22.2390586024551,0 -45.9730380683289,-22.2390669163739,0 -45.97346131777,-22.2391850235842,0 -45.973884567879,-22.2393031296654,0 -45.9742585353826,-22.2394156130703,0 -45.9743434068388,-22.2394389525913,0 -45.97489263738111,-22.2395964091543,0 -45.97544186908101,-22.2397538638146,0 -45.975528083068,-22.2397748459757,0 -45.9761104441466,-22.2399450172638,0 -45.9767068896159,-22.2401193015199,0 -45.9766139697515,-22.2402903026413,0 -45.97656019390091,-22.2404559082761,0 -45.9765257967081,-22.2405852116801,0 -45.9765065012394,-22.2407172045061,0 -45.97648541167539,-22.240844571059,0 -45.9764324251567,-22.240963627756,0 -45.9763348988845,-22.2411366477233,0 -45.97618968656199,-22.2412777299236,0 -45.97604627541001,-22.2414068391656,0 -45.9759234881513,-22.2415532194594,0 -45.97585001703411,-22.2416910681806,0 -45.9758007704557,-22.2418379648532,0 -45.97573987710639,-22.2419846315608,0 -45.975657593508,-22.242054902077,0 -45.9752706084248,-22.2418503148187,0 -45.97488362443959,-22.2416457265936,0 -45.97478419415589,-22.2415940196044,0 -45.97447197930521,-22.241431890523,0 -45.9740603353905,-22.2412180533595,0 -45.97387870447069,-22.2411223489253,0 -45.9737364189005,-22.2410473660493,0 -45.9736924946364,-22.2410239616924,0 -45.97326534772209,-22.2407779209949,0 -45.9728336231472,-22.2405291965027,0 -45.9725767919976,-22.2403727928442,0 -45.97253135335799,-22.2403451884482,0 -45.9724113025152,-22.2402720135369,0 -45.9722601680659,-22.2401800091687,0 -45.9719889833986,-22.2400148294105,0 -45.9716522495631,-22.2398139525983,0 -45.9715763436497,-22.2400072686259,0 -45.9715702124943,-22.2400037579981,0 -45.9715528356692,-22.2400738946943,0 -45.9715131866904,-22.2402342029104,0 -45.9711367086232,-22.2400249808007,0 -45.9708455888514,-22.2403744137718,0 -45.97082615556711,-22.2403987392409,0 -45.9708589766826,-22.2404162486693,0 -45.9706046005827,-22.2407189399699,0 -45.97037627794071,-22.2410006083145,0 -45.9703097250049,-22.2410870031992,0 -45.9702403437949,-22.2411713372608,0 -45.9702034444712,-22.2412027677502,0 -45.97016654513081,-22.2412341982318,0 -45.97009567660101,-22.2412998420323,0 -45.9700400076516,-22.2413463347059,0 -45.9699682137486,-22.2412349842862,0 -45.96992045434771,-22.2411762269093,0 -45.9698005024646,-22.2410609539556,0 -45.9695834166247,-22.2408928324049,0 -45.9693388858928,-22.2407613597707,0 -45.9692512098933,-22.2407252973021,0 -45.9691397212563,-22.2406957972627,0 -45.9689833592583,-22.2406816225766,0 -45.968736746333,-22.2407090767583,0 -45.96854405828071,-22.2407303243484,0 -45.96844953783369,-22.2407356201352,0 -45.9683998581811,-22.2407716528032,0 -45.96839000014669,-22.2409680067461,0 -45.96838014209609,-22.2411643606848,0 -45.96837331610519,-22.2413006697895,0 -45.9683664901066,-22.2414369788921,0 -45.9683682811629,-22.2415462015279,0 -45.96835859526649,-22.2416154350473,0 -45.96824080254931,-22.2416094970541,0 -45.9681438612798,-22.2416046101288,0 -45.9680714881974,-22.2416767698876,0 -45.9680098094327,-22.2416869916311,0 -45.9679755196241,-22.241780542787,0 -45.9679402295354,-22.2418768228265,0 -45.9678435609038,-22.2418454201719,0 -45.9674328760776,-22.2417135381401,0 -45.9670221919825,-22.2415816550412,0 -45.9668774475889,-22.2415155785697,0 -45.9668237507177,-22.2415880294049,0 -45.9667656412552,-22.2416664338551,0 -45.96617875643561,-22.2413399679025,0 -45.9656474059196,-22.2410443907723,0 -45.9654658413787,-22.240943391835,0 -45.9654392086589,-22.2409379191056,0 -45.965363266016,-22.2411750266537,0 -45.9652134986298,-22.24145979275,0 -45.9650877238522,-22.2416738778618,0 -45.9649967480214,-22.2419027213348,0 -45.9649056817578,-22.2421482703247,0 -45.9647720551197,-22.242376319936,0 -45.9646358757439,-22.2425909956916,0 -45.9645079823359,-22.2428100436692,0 -45.96439934357641,-22.2429932979196,0 -45.964290704541,-22.2431765521033,0 -45.9640946621034,-22.2434913085698,0 -45.9638986188089,-22.2438060648191,0 -45.9638172194596,-22.2439145414792,0 -45.9637358199868,-22.2440230181016,0 -45.96361999240919,-22.2442053659734,0 -45.9635041645381,-22.2443877137694,0 -45.9633924145727,-22.2445633526204,0 -45.9632806643344,-22.2447389914008,0 -45.96320636999959,-22.2448436316525,0 -45.9631320755562,-22.2449482718728,0 -45.9630439390929,-22.2451218284196,0 -45.9629558024193,-22.2452953849227,0 
								</coordinates>
							</LinearRing>
						</outerBoundaryIs>
					</Polygon>
				</MultiGeometry>
			</Placemark>
			<Placemark>
				<styleUrl>#m_ylw-pushpin2</styleUrl>
				<ExtendedData>
					<SchemaData schemaUrl="#mtu">
						<SimpleData name="FID">8</SimpleData>
					</SchemaData>
				</ExtendedData>
				<MultiGeometry>
					<Polygon>
						<outerBoundaryIs>
							<LinearRing>
								<coordinates>
									-45.90355294962,-22.2904966870626,0 -45.9035463250196,-22.2906810840922,0 -45.9035232739944,-22.2908643326249,0 -45.9034783196145,-22.2911167281149,0 -45.90347141495221,-22.2912736699703,0 -45.9034812049072,-22.2914316591023,0 -45.9035070693265,-22.2917430748904,0 -45.903589018697,-22.2921068775632,0 -45.9036699393388,-22.2924559759174,0 -45.9037508604145,-22.2928050742031,0 -45.9038131831123,-22.2930168322505,0 -45.9038755060092,-22.2932285902623,0 -45.90395400697719,-22.2934077343908,0 -45.90405432208509,-22.2935771882392,0 -45.9041904957579,-22.2937855536442,0 -45.9042535249333,-22.2938940835046,0 -45.90432678609249,-22.2939968993021,0 -45.9045273718917,-22.2941445895875,0 -45.9047490191077,-22.2942633808877,0 -45.9049566836425,-22.2943503893164,0 -45.9051643484263,-22.2944373974698,0 -45.9054510562773,-22.2945245911131,0 -45.90578689715041,-22.2945660931337,0 -45.906031368161,-22.2945328268147,0 -45.9062878463218,-22.2944191125671,0 -45.9063549718686,-22.2943739318616,0 -45.9064220973718,-22.2943287511296,0 -45.90655718155719,-22.2942565259352,0 -45.9067079562364,-22.2942200143614,0 -45.9066199347216,-22.2943540505998,0 -45.9064976707175,-22.2945280140977,0 -45.9062232289353,-22.2948840880582,0 -45.9058904544613,-22.2952639219109,0 -45.90574772916939,-22.2954123728365,0 -45.9055767487086,-22.2955878078061,0 -45.90540576782241,-22.295763242606,0 -45.90508071320299,-22.296163323308,0 -45.9050264344374,-22.2963180691778,0 -45.9049832039517,-22.296456205614,0 -45.90489720507441,-22.2966610665987,0 -45.90481120595611,-22.296865927541,0 -45.9047992141263,-22.2969790898069,0 -45.9048183045215,-22.29711402081,0 -45.9049426470316,-22.2973335779692,0 -45.9050213436462,-22.2973965989156,0 -45.9051000403309,-22.2974596198209,0 -45.9051963286778,-22.2975019133687,0 -45.9054744871222,-22.2976751009085,0 -45.90564230398311,-22.2977916180568,0 -45.9058474283354,-22.2979580240432,0 -45.9060668982659,-22.2981360670565,0 -45.9063051105418,-22.2983301297368,0 -45.90654332347259,-22.2985241920409,0 -45.9068312050171,-22.2987579944669,0 -45.9071190875151,-22.2989917963435,0 -45.9073875825006,-22.299207187579,0 -45.9076560783049,-22.299422578337,0 -45.9079978409443,-22.2997180048538,0 -45.9083278547552,-22.300024780948,0 -45.9086236039251,-22.3003261696962,0 -45.9089033272857,-22.3006405282189,0 -45.90909740168699,-22.3008683025873,0 -45.909291476723,-22.3010960766961,0 -45.9094493333477,-22.3012774411358,0 -45.90960719038311,-22.3014588054042,0 -45.90978903980529,-22.3016722842648,0 -45.9099708897849,-22.3018857628975,0 -45.9101461233015,-22.3020781469413,0 -45.91035199652719,-22.3022421611731,0 -45.9105458503967,-22.3023548772878,0 -45.9107526929595,-22.3024454224671,0 -45.9109808985515,-22.3025150685165,0 -45.9113331955097,-22.3026462785251,0 -45.9119402062552,-22.3029622379757,0 -45.91232734290111,-22.3034536469404,0 -45.9123545166122,-22.3036585777844,0 -45.9123456726074,-22.3038992523397,0 -45.9122741005196,-22.3041032127072,0 -45.91201400098029,-22.304444838262,0 -45.9118372035254,-22.3049059940347,0 -45.9118330004258,-22.30623248351,0 -45.9118392898003,-22.3064344132875,0 -45.9118933447805,-22.3066300659361,0 -45.9120267438213,-22.3067985969409,0 -45.9121855545823,-22.3069284224493,0 -45.9123722655197,-22.3070068211937,0 -45.9125589766589,-22.3070852197155,0 -45.9128745279686,-22.3072179064269,0 -45.9131900798556,-22.3073505925021,0 -45.91351264425,-22.3074603558904,0 -45.9138487543307,-22.3075261057281,0 -45.9140935280158,-22.3075494942977,0 -45.914339573377,-22.3075520660104,0 -45.9148500422841,-22.3075467939077,0 -45.9157829231038,-22.307543110605,0 -45.9157678060114,-22.308023772832,0 -45.9159215678651,-22.3085870253475,0 -45.91623966858059,-22.3090871394517,0 -45.916424683082,-22.3092916040071,0 -45.91660969812569,-22.3094960683283,0 -45.9167945407383,-22.3096814729271,0 -45.91697938384051,-22.3098668772945,0 -45.91713466996101,-22.310038085471,0 -45.9174115043306,-22.3103401393152,0 -45.9176473274868,-22.3106709560428,0 -45.9179303216907,-22.3111306448444,0 -45.91821331778721,-22.3115903330638,0 -45.918383857756,-22.3119048592518,0 -45.9185257543781,-22.3122314702874,0 -45.9186883791409,-22.312843469931,0 -45.9187573518307,-22.313470623433,0 -45.9187844111689,-22.313874398083,0 -45.9188325147834,-22.3146315866125,0 -45.9188340611507,-22.3149855395809,0 -45.91884809387629,-22.3157574532544,0 -45.918862126922,-22.3165293668489,0 -45.9189234689527,-22.3180394913759,0 -45.91895031873079,-22.3188113772621,0 -45.9189771689698,-22.3195832630615,0 -45.9190160006327,-22.3202128051192,0 -45.9190548327539,-22.3208423471076,0 -45.9192060204398,-22.3212452820731,0 -45.9193031962381,-22.321510222099,0 -45.9199454980746,-22.3220959385723,0 -45.92080635567161,-22.322338182387,0 -45.9211456158216,-22.3223637165917,0 -45.9214848760674,-22.3223892500821,0 -45.9219064160887,-22.3224287232247,0 -45.9223279563045,-22.3224681952628,0 -45.9226568157175,-22.3224770737203,0 -45.922985675146,-22.3224859515091,0 -45.9233301538567,-22.3225150647567,0 -45.92395500139471,-22.3226035178895,0 -45.9245672866303,-22.3227493857682,0 -45.9248811442512,-22.3228169266297,0 -45.9251950021517,-22.3228844668726,0 -45.9256741282087,-22.322914602527,0 -45.9261531972586,-22.3228836930736,0 -45.9265099396202,-22.3228362620269,0 -45.9268666817104,-22.3227888302031,0 -45.9270937620132,-22.3227628975902,0 -45.92729070318561,-22.3227036407121,0 -45.92748196694319,-22.3226293954975,0 -45.92765602018039,-22.3225363948586,0 -45.927830073182,-22.3224433940396,0 -45.9280297039947,-22.3223275277215,0 -45.9285661510455,-22.3218751366805,0 -45.9287713575616,-22.3216337189917,0 -45.92897656337779,-22.3213923010602,0 -45.9291517867901,-22.3212140214126,0 -45.92935706531521,-22.3210555246869,0 -45.9295649642291,-22.3209596319636,0 -45.9297818581013,-22.3208829006266,0 -45.9301038566519,-22.3207873777732,0 -45.93062867626429,-22.3205893359431,0 -45.9308167569441,-22.3204381670037,0 -45.9310048372164,-22.3202869978571,0 -45.93127177307661,-22.3200964046752,0 -45.9315594023103,-22.3199339505288,0 -45.93183894236039,-22.3197832034392,0 -45.9323855530825,-22.3194683650282,0 -45.9326526237335,-22.319304273749,0 -45.9332026531731,-22.3185769047898,0 -45.9335740549529,-22.3181656184623,0 -45.93405984168999,-22.3178753166808,0 -45.9344601913664,-22.3177773379236,0 -45.9348678777751,-22.3177104985502,0 -45.9352067221772,-22.3176750760072,0 -45.9355455663802,-22.3176396527618,0 -45.9358774905063,-22.3176103025825,0 -45.93621063064391,-22.317597603109,0 -45.9366312176184,-22.3176421091556,0 -45.9370185951316,-22.3178008838165,0 -45.9373671122423,-22.3180581717291,0 -45.9377156306199,-22.3183154588403,0 -45.93823279041519,-22.3187001297926,0 -45.9387380621644,-22.3190982441375,0 -45.9388349389159,-22.3191753699953,0 -45.9389318157733,-22.3192524957907,0 -45.9391058797867,-22.3194195285025,0 -45.9392654972373,-22.3195986178913,0 -45.939450073576,-22.3198070110379,0 -45.93964735237171,-22.3200050737943,0 -45.9398391284642,-22.3201569576748,0 -45.94003769360139,-22.3203010920735,0 -45.9402024672146,-22.3203508339797,0 -45.9403660290354,-22.3202977427386,0 -45.9406059133234,-22.3200984759053,0 -45.9408457969272,-22.3198992087358,0 -45.94100346562821,-22.3197681684597,0 -45.94116113403359,-22.3196371280385,0 -45.9412998675608,-22.3195618819101,0 -45.9413612919372,-22.3195550535758,0 -45.94146011762,-22.3195715265289,0 -45.9417321695415,-22.3197173707167,0 -45.94184631097011,-22.3198060926042,0 -45.9419604525422,-22.3198948144055,0 -45.942031554833,-22.3199430910017,0 -45.9420993829325,-22.319995361259,0 -45.94216354789351,-22.3200515371082,0 -45.9422237560339,-22.3201112589267,0 -45.9422799090549,-22.3201743466233,0 -45.9423317144844,-22.3202406212353,0 -45.9423952660729,-22.3203355535686,0 -45.94242433319459,-22.3203844808032,0 -45.9424534003369,-22.3204334080316,0 -45.9424797093404,-22.320483661121,0 -45.9425529247579,-22.3206368925641,0 -45.942594019998,-22.3207419823586,0 -45.9426568128344,-22.3209118053432,0 -45.94273732805519,-22.3211254724256,0 -45.9428178435326,-22.3213391394539,0 -45.9428770325595,-22.3214782699422,0 -45.94293622170851,-22.3216174004023,0 -45.9430507259932,-22.3218970387756,0 -45.9431156935031,-22.3220724495454,0 -45.94314914607,-22.3221598331146,0 -45.9431825986805,-22.3222472166745,0 -45.9432169290424,-22.3223279556182,0 -45.943257068907,-22.3224063120851,0 -45.9433029187654,-22.3224819253163,0 -45.9433541843251,-22.3225543453526,0 -45.9434107678958,-22.3226234824239,0 -45.9434722768793,-22.3226887064762,0 -45.9435384194068,-22.3227499288692,0 -45.94366787562,-22.3228992641982,0 -45.9437973321109,-22.3230485994116,0 -45.9438392170722,-22.3230904057251,0 -45.9438811020584,-22.3231322120267,0 -45.9440032277689,-22.3232309127507,0 -45.9441253536503,-22.3233296133755,0 -45.9442495998385,-22.3234259528864,0 -45.9443738461961,-22.3235222922949,0 -45.9444190599512,-22.3235537358924,0 -45.9444642737263,-22.3235851794765,0 -45.9445116037037,-22.3236136748855,0 -45.9445589336999,-22.32364217028,0 -45.9446082828077,-22.3236677180627,0 -45.944657631933,-22.3236932658298,0 -45.944759685758,-22.3237380184308,0 -45.94474104002551,-22.3238672133713,0 -45.94825618930781,-22.3234931470402,0 -45.9500881897999,-22.3280924058899,0 -45.95168321791671,-22.3307495586597,0 -45.9534295900787,-22.3314103960243,0 -45.9534609815149,-22.3326457752688,0 -45.9552118289021,-22.3333742078016,0 -45.9646633871395,-22.3220213233646,0 -45.9681550098314,-22.3208745938852,0 -45.96773955324261,-22.3190200016649,0 -45.9654318447719,-22.3155418057294,0 -45.9645075969684,-22.3155490733384,0 -45.9645927198019,-22.3149419980072,0 -45.96377047512251,-22.3118051597578,0 -45.9652766856215,-22.3098964456782,0 -45.9652958636068,-22.3090458606802,0 -45.9642447206198,-22.3069822310871,0 -45.964397940349,-22.3065766821579,0 -45.9647833250869,-22.30622776623,0 -45.9646280638669,-22.3052939997407,0 -45.9665884031715,-22.3052917981934,0 -45.9674507807172,-22.3037586131074,0 -45.967543678652,-22.302806547263,0 -45.96740229869731,-22.3017875838566,0 -45.9675989389807,-22.3010026337215,0 -45.9685957162525,-22.300698396793,0 -45.9676770373098,-22.298864429056,0 -45.9649046899793,-22.2949479060916,0 -45.9636351742408,-22.2900425007757,0 -45.9632455784183,-22.2858599729921,0 -45.9625482717836,-22.2832637025561,0 -45.9620065972628,-22.2728431307626,0 -45.9620924167503,-22.2709541379622,0 -45.9571079453591,-22.2621500453465,0 -45.95596553413561,-22.2622857138671,0 -45.95493352626249,-22.262869142927,0 -45.952778550176,-22.2618351622019,0 -45.951754652151,-22.261234827538,0 -45.95173529823839,-22.2612189349883,0 -45.9517170366376,-22.2612019593672,0 -45.9516999371786,-22.2611839655831,0 -45.95168406524751,-22.261165022445,0 -45.95166948153631,-22.2611452023927,0 -45.9516562418112,-22.2611245812105,0 -45.95164439669901,-22.2611032377569,0 -45.9516339914932,-22.2610812536398,0 -45.9516250659818,-22.2610587129326,0 -45.9516018690739,-22.2610002754443,0 -45.951578016193,-22.2609420672054,0 -45.9515535099537,-22.2608840945877,0 -45.951528353043,-22.2608263639534,0 -45.95150254821869,-22.2607688816244,0 -45.9514760983097,-22.2607116539017,0 -45.9514490062159,-22.260654687059,0 -45.9514188900911,-22.2605901515821,0 -45.951385649809,-22.2605269587551,0 -45.9513493542572,-22.2604652395287,0 -45.9513100786549,-22.2604051218085,0 -45.9512679043964,-22.2603467301762,0 -45.9512229188824,-22.2602901856301,0 -45.95117521533929,-22.2602356053548,0 -45.9510998392038,-22.2601639889047,0 -45.951023429044,-22.2600933282643,0 -45.9509459988483,-22.2600236363616,0 -45.950867562792,-22.2599549259604,0 -45.95078813523401,-22.2598872096347,0 -45.950707730715,-22.2598204997801,0 -45.9506263639547,-22.2597548086117,0 -45.95053994455589,-22.2596938192022,0 -45.9504516146614,-22.2596352492424,0 -45.9503614524241,-22.2595791505445,0 -45.95026953761809,-22.2595255727466,0 -45.9501759515677,-22.2594745632542,0 -45.9500807770754,-22.259426167193,0 -45.94998409834939,-22.2593804273899,0 -45.94991480285081,-22.2593476984303,0 -45.9498451694412,-22.2593155969029,0 -45.9497752046773,-22.2592841258298,0 -45.9497049151465,-22.2592532881732,0 -45.94963430746741,-22.2592230868405,0 -45.9495633882883,-22.2591935246708,0 -45.94949216428671,-22.2591646044505,0 -45.9494205312669,-22.259134059752,0 -45.9493483798698,-22.2591045911642,0 -45.9492757287516,-22.2590762063006,0 -45.9492025966975,-22.259048912506,0 -45.9491290026177,-22.2590227168348,0 -45.9490549655411,-22.2589976260597,0 -45.9489805046117,-22.2589736466719,0 -45.9489215145527,-22.2589537613645,0 -45.9488633918116,-22.2589317742836,0 -45.9488062227807,-22.2589077181121,0 -45.9487500924343,-22.258881628603,0 -45.9486950842031,-22.2588535445414,0 -45.9486412798497,-22.2588235076629,0 -45.9485887593473,-22.2587915626191,0 -45.9485044133099,-22.2587241767034,0 -45.9484228290884,-22.2586539063953,0 -45.9483441204527,-22.2585808496835,0 -45.9482683971621,-22.2585051084541,0 -45.9481957648119,-22.2584267883323,0 -45.9481263246866,-22.2583459985356,0 -45.94806017361881,-22.2582628517335,0 -45.9480224756586,-22.258199326083,0 -45.94798622306251,-22.2581350756575,0 -45.9479514319032,-22.2580701289441,0 -45.9479181176054,-22.2580045147385,0 -45.9478862949386,-22.2579382621386,0 -45.9478559780111,-22.2578714005183,0 -45.9478271802636,-22.2578039595243,0 -45.94780837345601,-22.2577555096006,0 -45.9477887939988,-22.2577073256117,0 -45.9477684462308,-22.2576594182312,0 -45.947747334661,-22.2576117980752,0 -45.9477254639676,-22.2575644756953,0 -45.9477028389968,-22.2575174615719,0 -45.9476794647624,-22.257470766126,0 -45.9476469435196,-22.2574004909528,0 -45.9476138133788,-22.2573304626536,0 -45.9475800765035,-22.2572606857979,0 -45.9475457350969,-22.2571911649416,0 -45.94751079140139,-22.2571219046242,0 -45.947475247699,-22.2570529093645,0 -45.9474391063107,-22.2569841836675,0 -45.9474160846154,-22.2569242689732,0 -45.9473905754365,-22.2568652336357,0 -45.9473626174255,-22.2568071670879,0 -45.94733225294409,-22.2567501573144,0 -45.94729952799941,-22.2566942906859,0 -45.9472644921749,-22.2566396518408,0 -45.9472271985553,-22.2565863235689,0 -45.9471836170148,-22.2565229788923,0 -45.94713860128869,-22.2564605093032,0 -45.9470921716499,-22.2563989429318,0 -45.94704434900841,-22.2563383075038,0 -45.946995154901,-22.2562786303223,0 -45.94694461148221,-22.2562199382616,0 -45.9468927415141,-22.2561622577536,0 -45.9468506281552,-22.2561077845812,0 -45.9468057021689,-22.2560552945251,0 -45.9467580711566,-22.2560049133027,0 -45.94670784919879,-22.2559567615742,0 -45.9466551565804,-22.2559109546687,0 -45.9466001195034,-22.2558676022911,0 -45.9465428697846,-22.2558268082743,0 -45.9464396004091,-22.2557396458445,0 -45.9463346276426,-22.2556542647857,0 -45.9462279869447,-22.255570693937,0 -45.94611971433841,-22.2554889615264,0 -45.9460098463977,-22.255409095162,0 -45.9458984202354,-22.2553311218164,0 -45.9457854734904,-22.2552550678324,0 -45.945725169495,-22.2552147673388,0 -45.9456624705015,-22.2551777690972,0 -45.94559758495361,-22.2551441960991,0 -45.9455307285642,-22.2551141599607,0 -45.94546212359751,-22.2550877605411,0 -45.9453919981306,-22.2550650856013,0 -45.9453205852952,-22.2550462105245,0 -45.94524028969591,-22.2550420191033,0 -45.9451600257108,-22.2550373323062,0 -45.9450797968671,-22.2550321503332,0 -45.9449996066909,-22.2550264734125,0 -45.9449194587063,-22.2550203017973,0 -45.9448393564354,-22.2550136357545,0 -45.944759303399,-22.2550064755817,0 -45.94470363733981,-22.2550041675237,0 -45.9446482755531,-22.2549982854184,0 -45.9445934825544,-22.2549888573669,0 -45.9445395201407,-22.2549759284192,0 -45.94448664614131,-22.2549595603465,0 -45.9444351131843,-22.2549398313547,0 -45.9443851674902,-22.2549168357087,0 -45.94433704769551,-22.2548906832761,0 -45.94429098371229,-22.2548614990186,0 -45.94424719562979,-22.2548294223676,0 -45.9442058926627,-22.2547946065908,0 -45.944173988337,-22.2547495350716,0 -45.9441453174053,-22.2547026186116,0 -45.9441200025096,-22.2546540579012,0 -45.94409815193611,-22.2546040606726,0 -45.9440798591508,-22.2545528407957,0 -45.944065202401,-22.254500617373,0 -45.94405424437911,-22.2544476138002,0 -45.9440470319562,-22.2543940568101,0 -45.9440435959802,-22.2543401755012,0 -45.9440477265672,-22.2542718409993,0 -45.9440536124455,-22.2542036180585,0 -45.9440612502422,-22.2541355457398,0 -45.9440706355818,-22.2540676630218,0 -45.9440817630877,-22.2540000087716,0 -45.9440946263863,-22.2539326217232,0 -45.94410921811001,-22.2538655404637,0 -45.94413398518909,-22.2537722127477,0 -45.94415759275261,-22.2536786250087,0 -45.94418003765419,-22.2535847897299,0 -45.9442013169026,-22.253490719426,0 -45.94422142766209,-22.2533964266422,0 -45.944240367253,-22.2533019239538,0 -45.94425813315171,-22.25320722397,0 -45.9442649061777,-22.2531221122112,0 -45.9442665857788,-22.2530367815791,0 -45.9442631667693,-22.2529514959843,0 -45.9442546597331,-22.2528665192043,0 -45.9442410909901,-22.2527821140624,0 -45.9442225025152,-22.252698541605,0 -45.94419895180841,-22.2526160603094,0 -45.94417193381471,-22.2525561153641,0 -45.9441439034288,-22.2524965745836,0 -45.9441148676259,-22.2524374527774,0 -45.9440848336323,-22.2523787646615,0 -45.94405380892169,-22.2523205248372,0 -45.9440218012148,-22.2522627477915,0 -45.9439888184771,-22.2522054479059,0 -45.9439557402502,-22.2521587643559,0 -45.943921819552,-22.2521126076361,0 -45.94388706606381,-22.252066990915,0 -45.943851489705,-22.2520219272153,0 -45.94381510062979,-22.2519774293998,0 -45.9437779092242,-22.251933510161,0 -45.9437399261031,-22.2518901820404,0 -45.9434126760215,-22.251510149385,0 -45.9428187865712,-22.2508882125174,0 -45.9427506468558,-22.2508121051841,0 -45.9426798038236,-22.2507381676927,0 -45.9426063371639,-22.2506664832093,0 -45.9425303295166,-22.2505971323639,0 -45.9424518663796,-22.2505301931695,0 -45.942371036012,-22.2504657409103,0 -45.9422879293357,-22.2504038480916,0 -45.9422385978846,-22.2503670472676,0 -45.942187234734,-22.2503327395178,0 -45.94213398512031,-22.2503010218465,0 -45.94207899961319,-22.2502719839427,0 -45.9420224336906,-22.2502457079127,0 -45.94196444729921,-22.2502222680547,0 -45.9419052044021,-22.2502017306475,0 -45.9418173557821,-22.2501735877297,0 -45.9417290253692,-22.250146783483,0 -45.9416402367016,-22.2501213250442,0 -45.9415510134399,-22.2500972192029,0 -45.9414613793606,-22.250074472381,0 -45.9413713583493,-22.2500530906371,0 -45.9412809743947,-22.2500330796735,0 -45.94058036723569,-22.2498924201784,0 -45.940491558304,-22.2498770302382,0 -45.9404020869236,-22.2498654324498,0 -45.9403121398545,-22.2498576510202,0 -45.9402219048498,-22.249853702193,0 -45.94013157026379,-22.2498535942104,0 -45.9400413246586,-22.2498573272991,0 -45.9399513564102,-22.2498648936664,0 -45.939643425743,-22.2499056985031,0 -45.938780763922,-22.2500128513326,0 -45.937978584153,-22.2501094428273,0 -45.93724794711471,-22.2501367831785,0 -45.93720193668591,-22.2502077801902,0 -45.9371571538434,-22.2503670862603,0 -45.93716736452159,-22.2504810599132,0 -45.9371887186481,-22.2506276395704,0 -45.9372909587064,-22.2513285404038,0 -45.9373931999194,-22.252029441078,0 -45.937498005003,-22.2527362888672,0 -45.9376028112781,-22.2534431364917,0 -45.937701087552,-22.2541237343904,0 -45.9377993649053,-22.2548043321407,0 -45.9379000472808,-22.255467029704,0 -45.9380007307264,-22.2561297271188,0 -45.93802387052641,-22.256396839696,0 -45.9379919494511,-22.2567344746026,0 -45.9379470778075,-22.2569402437924,0 -45.9379022060442,-22.2571460129691,0 -45.9377522914482,-22.2575456824838,0 -45.9375340034137,-22.2579170620185,0 -45.9374077221818,-22.258073887981,0 -45.9369340207205,-22.258662166027,0 -45.9364333738045,-22.2592839002778,0 -45.936415283219,-22.2594252278921,0 -45.93637782195709,-22.2595856062247,0 -45.9363348979504,-22.2596834144663,0 -45.9362312625454,-22.2594371284296,0 -45.9361630110843,-22.259272564537,0 -45.9361190225139,-22.2591665016616,0 -45.9360067829315,-22.2588958747921,0 -45.9358961474227,-22.2585655536257,0 -45.93580467231149,-22.258230192116,0 -45.935764156819,-22.2580430723735,0 -45.9357410958594,-22.2579365656847,0 -45.9357209299929,-22.2578434297906,0 -45.9356757094304,-22.2578524345918,0 -45.93549921874221,-22.2578872809334,0 -45.9353227279592,-22.2579221270862,0 -45.9350682460122,-22.2579767985583,0 -45.93492174757959,-22.2580051031243,0 -45.934775249083,-22.2580334075602,0 -45.9345811754359,-22.2580730062779,0 -45.9342468832347,-22.2581412145478,0 -45.9341383025634,-22.2581609187287,0 -45.9339655726651,-22.2581922639373,0 -45.9337046844572,-22.2582469249556,0 -45.9334437960309,-22.2583015855616,0 -45.93332709463271,-22.2583232134672,0 -45.93317628275091,-22.2583467476906,0 -45.9330869095066,-22.2583534998498,0 -45.93302997130881,-22.2583578015114,0 -45.9330308302072,-22.2583848968456,0 -45.9327430607511,-22.2584398010268,0 -45.9324558421411,-22.2584973212358,0 -45.9323417234243,-22.2585206499713,0 -45.9321431402653,-22.2585609491946,0 -45.93194959667869,-22.2586002255972,0 -45.93186021616191,-22.258618361369,0 -45.9314596718154,-22.2586984277967,0 -45.93119739933,-22.2587495245719,0 -45.93100790294379,-22.2587845309623,0 -45.930818406455,-22.2588195371348,0 -45.9307916958173,-22.2588174217282,0 -45.9307628790395,-22.2591326827461,0 -45.9307279000212,-22.2595153583375,0 -45.930685401828,-22.2599644274834,0 -45.9306429034201,-22.2604134966029,0 -45.93061553671399,-22.260817357073,0 -45.93058816989681,-22.261221217524,0 -45.93057938599631,-22.261397238922,0 -45.9305706093608,-22.2615731144681,0 -45.9305630500896,-22.2616493649934,0 -45.93052632323211,-22.2617326347381,0 -45.9304747486393,-22.2618129240119,0 -45.9303393518503,-22.2619872314444,0 -45.93019397649649,-22.2621422192093,0 -45.930048600824,-22.2622972068521,0 -45.9298311569192,-22.2625431516717,0 -45.92963755636449,-22.2628057924506,0 -45.92952648496371,-22.2629841772301,0 -45.9294211805388,-22.2631655670248,0 -45.9292793581565,-22.2633886457,0 -45.9291375353337,-22.2636117242607,0 -45.92897868131,-22.2638203562828,0 -45.9288198268214,-22.2640289881604,0 -45.9287436633867,-22.2641646539488,0 -45.9286360850082,-22.2643563258413,0 -45.9285158444084,-22.2645705632638,0 -45.92845676888869,-22.264675777494,0 -45.9280207689219,-22.2654366261614,0 -45.9275891909771,-22.266189587935,0 -45.9273852668708,-22.2665459026141,0 -45.9271804385141,-22.2669017679368,0 -45.9268981994372,-22.2673204518457,0 -45.9266159587104,-22.2677391353004,0 -45.9264480111291,-22.2679977265242,0 -45.9261942079514,-22.2683406853612,0 -45.9256990055688,-22.2688916084428,0 -45.9255102086312,-22.2690647710436,0 -45.9252647878765,-22.2692898461409,0 -45.9248860752852,-22.26963716093,0 -45.924261936858,-22.2702095485514,0 -45.923807604843,-22.2706610994389,0 -45.9236879187105,-22.2707961023276,0 -45.92380955891899,-22.2710518242777,0 -45.9239311995844,-22.2713075461137,0 -45.9240416950272,-22.2716296981065,0 -45.9241096165882,-22.2719619059639,0 -45.9241222738831,-22.2721741309765,0 -45.9240938579518,-22.2723850308503,0 -45.92406060665199,-22.2725465934936,0 -45.9239878085986,-22.2730108826099,0 -45.9239397064017,-22.2733122854212,0 -45.92387607408959,-22.2736283655395,0 -45.92385093010069,-22.2737530794711,0 -45.9237621532958,-22.2741938734678,0 -45.9236990308088,-22.2744213928874,0 -45.9236469363273,-22.2745620987484,0 -45.9236125208325,-22.2746421499353,0 -45.92351988485,-22.274842721894,0 -45.9234272486124,-22.275043293804,0 -45.9233509511362,-22.275207686538,0 -45.9232570842642,-22.2754099342426,0 -45.9231844444238,-22.2755664452805,0 -45.9231146787061,-22.2757167633401,0 -45.9231379755274,-22.2759693284933,0 -45.92314912601869,-22.2761007013807,0 -45.9231446799844,-22.2762023766401,0 -45.9231660449459,-22.2763419782012,0 -45.92319814651579,-22.2765377757572,0 -45.9232302481855,-22.2767335732993,0 -45.9232531291237,-22.2768923862327,0 -45.9232760675403,-22.2770515976981,0 -45.9233038783471,-22.2771860903237,0 -45.92333174663209,-22.2773209814805,0 -45.92335811642819,-22.2774272000443,0 -45.9233844862671,-22.277533418601,0 -45.923419486127,-22.2776740912496,0 -45.923437696373,-22.2778174880282,0 -45.9234498425149,-22.2779082499756,0 -45.9234758403298,-22.278102517979,0 -45.9235388891478,-22.2782613058998,0 -45.923595385791,-22.2783591382567,0 -45.9236089141066,-22.2784386457152,0 -45.9236579003667,-22.278626262147,0 -45.9236718083155,-22.2787192272281,0 -45.92367873286399,-22.2788129547063,0 -45.9236784757301,-22.2789068133715,0 -45.9236712286422,-22.2790004407969,0 -45.9236654039288,-22.2792958666578,0 -45.92364989432849,-22.2795132537191,0 -45.9236343846934,-22.2797306407749,0 -45.9236202891734,-22.2798160415731,0 -45.92359657840821,-22.2799448574619,0 -45.92357145498099,-22.2800580987397,0 -45.92354633151681,-22.2801713400135,0 -45.9235201574753,-22.2803980469595,0 -45.9235372218412,-22.2805356191485,0 -45.9235542862458,-22.2806731913322,0 -45.9236119768602,-22.2810184816176,0 -45.9236848421625,-22.2811987805495,0 -45.9237577076594,-22.2813790794384,0 -45.92379117454189,-22.2815459620104,0 -45.92382464151139,-22.2817128445693,0 -45.9238432159021,-22.2819693781534,0 -45.9237737013796,-22.2824100622587,0 -45.9237072827509,-22.2827014967309,0 -45.923731664519,-22.2830441760119,0 -45.9237297596334,-22.2832270231146,0 -45.9237273311456,-22.2834601306147,0 -45.92359706951201,-22.2834334688493,0 -45.9235970868622,-22.2834804424939,0 -45.9235310786294,-22.2836349731875,0 -45.92346507025709,-22.2837895038563,0 -45.9233965018056,-22.2839089542556,0 -45.9232730734941,-22.2841239732905,0 -45.92321875231579,-22.2842971372358,0 -45.92319295386,-22.2845812040821,0 -45.92319164441709,-22.284593228141,0 -45.9231769333011,-22.284728313962,0 -45.92316091271471,-22.2848754238388,0 -45.9231500402294,-22.2849787375592,0 -45.9231391677311,-22.285082051278,0 -45.9231346708568,-22.285335915702,0 -45.9231309563931,-22.2855463249637,0 -45.9231339552528,-22.2860030567165,0 -45.9231563244078,-22.2861334007727,0 -45.92320093058181,-22.2862690515179,0 -45.9232424802532,-22.286380693989,0 -45.92329311938509,-22.2865165846182,0 -45.9233016169088,-22.286539390811,0 -45.9233085180221,-22.2865815701101,0 -45.923312656198,-22.2866240613993,0 -45.9233016017642,-22.2870543855488,0 -45.92330927403189,-22.2872232678847,0 -45.9225503792892,-22.2872821158346,0 -45.92182817681771,-22.287338115177,0 -45.92176210770391,-22.2873626113784,0 -45.92150786777509,-22.2873794589859,0 -45.9212536277697,-22.2873963061971,0 -45.92121115918319,-22.2873924653306,0 -45.9211958926232,-22.2875386611567,0 -45.921136706559,-22.2881054371286,0 -45.9211004868656,-22.2886589391134,0 -45.921075557264,-22.2890392968464,0 -45.9210643817961,-22.2892299652274,0 -45.921016741712,-22.2896034960797,0 -45.92096921622951,-22.2899945510731,0 -45.9208936638716,-22.290235675401,0 -45.920741030584,-22.2904428188192,0 -45.92060193022279,-22.2905762634894,0 -45.9203944665948,-22.2907752911607,0 -45.9203417078816,-22.2909056972408,0 -45.920263955302,-22.2915210423284,0 -45.920191981384,-22.292099859616,0 -45.9201204593024,-22.2927477703026,0 -45.9200343663382,-22.2935276704023,0 -45.9199627035708,-22.2941542724647,0 -45.9198910402724,-22.2947808744695,0 -45.9197794645176,-22.2951962664299,0 -45.9195247889227,-22.2955528674368,0 -45.9193992867265,-22.2956884473,0 -45.9192737842894,-22.2958240270722,0 -45.9192041039113,-22.2957971409047,0 -45.9190525627107,-22.2957956505555,0 -45.9187763009107,-22.2957673143723,0 -45.91850003920391,-22.2957389777149,0 -45.9182532478188,-22.2957045117749,0 -45.918047626478,-22.295686569521,0 -45.9178420051796,-22.2956686270047,0 -45.91769604361961,-22.2956291903118,0 -45.9139037685284,-22.2940755888977,0 -45.91343647134401,-22.2945772258654,0 -45.9129691708404,-22.295078861569,0 -45.9125003729943,-22.295582130425,0 -45.9119505120935,-22.2961746520875,0 -45.91143997912809,-22.2967399411541,0 -45.9111848672643,-22.297024210261,0 -45.9111815492849,-22.2970215188665,0 -45.9111544651009,-22.297051390902,0 -45.91094789955601,-22.2968852325195,0 -45.9106587431983,-22.2966526381318,0 -45.9101630240946,-22.2962538837332,0 -45.9101084313674,-22.2961905171623,0 -45.91006759894729,-22.2961187369224,0 -45.90989042538511,-22.2957267765422,0 -45.9097132528462,-22.2953348159168,0 -45.9093734445342,-22.2945766932537,0 -45.9090336400197,-22.2938185696862,0 -45.9089116644183,-22.2935477080445,0 -45.9087677076204,-22.2932280329449,0 -45.908692067952,-22.2931167785602,0 -45.9084933732695,-22.2928932295866,0 -45.9082946792234,-22.2926696803424,0 -45.90827729384829,-22.2926438325345,0 -45.9082716034159,-22.2926138022228,0 -45.9082760033422,-22.2925899164394,0 -45.9082879089634,-22.2925683631496,0 -45.90837983475311,-22.2924856444406,0 -45.9084717604345,-22.2924029256823,0 -45.90883639754539,-22.292022373855,0 -45.9086688733703,-22.2919212085946,0 -45.9087461631796,-22.2918006505232,0 -45.90891188042271,-22.2914271093937,0 -45.90899913361919,-22.2910553820045,0 -45.90905341956041,-22.290678258325,0 -45.9090916785521,-22.290440193804,0 -45.9091299374293,-22.2902021292714,0 -45.9092203275443,-22.2897988287326,0 -45.9093327709911,-22.2894003600125,0 -45.9095228111271,-22.2887969911733,0 -45.9097128497231,-22.288193622122,0 -45.90997061783331,-22.2875889404085,0 -45.9102983978201,-22.2870143672121,0 -45.91065739882101,-22.2865081299197,0 -45.911065095502,-22.2860349069159,0 -45.9117290311638,-22.2854360568294,0 -45.9121512221898,-22.2850872796541,0 -45.9118345628611,-22.2848106216203,0 -45.9114970977332,-22.2845312156854,0 -45.9112245342648,-22.2842985992428,0 -45.9109519716956,-22.2840659823057,0 -45.9109311374249,-22.2840863341053,0 -45.91061129667659,-22.2838299529056,0 -45.9101744692924,-22.2834798275454,0 -45.9097376440722,-22.2831297009217,0 -45.9096789210176,-22.2830848627865,0 -45.90951802309941,-22.2829552762509,0 -45.90925408348291,-22.2827426994602,0 -45.9089814990599,-22.2825124357176,0 -45.90891792112591,-22.282467263134,0 -45.90865566086531,-22.2822506187629,0 -45.9083934014094,-22.2820339739353,0 -45.9079862873701,-22.2817140284142,0 -45.9077240299366,-22.281497382423,0 -45.90705466354521,-22.2809607879445,0 -45.9069962468203,-22.2809180247588,0 -45.9067473106236,-22.2807120976353,0 -45.9064627507412,-22.2804767003434,0 -45.906651680642,-22.2808147910692,0 -45.9071654294486,-22.2829964266025,0 -45.907289259484,-22.2842223877422,0 -45.90713209898951,-22.2855643104597,0 -45.90653380643219,-22.286331850169,0 -45.9059790267145,-22.286688363457,0 -45.9050419420976,-22.2874046206173,0 -45.9042948669126,-22.2882242612256,0 -45.90355294962,-22.2904966870626,0 
								</coordinates>
							</LinearRing>
						</outerBoundaryIs>
					</Polygon>
				</MultiGeometry>
			</Placemark>
			<Placemark>
				<styleUrl>#m_ylw-pushpin2</styleUrl>
				<ExtendedData>
					<SchemaData schemaUrl="#mtu">
						<SimpleData name="FID">9</SimpleData>
					</SchemaData>
				</ExtendedData>
				<MultiGeometry>
					<Polygon>
						<outerBoundaryIs>
							<LinearRing>
								<coordinates>
									-45.85956082382269,-22.2394188618712,0 -45.8594298806021,-22.2393350787868,0 -45.8593170887709,-22.2392308967988,0 -45.8591406941461,-22.2391391554548,0 -45.8590111452006,-22.2391222401398,0 -45.8589389938858,-22.2391280147271,0 -45.8588899940788,-22.2391582024217,0 -45.8588167625649,-22.2391812357668,0 -45.8586500951686,-22.2392450484352,0 -45.8584746559226,-22.2392834053372,0 -45.8581347877906,-22.2393061887571,0 -45.8577943911599,-22.2392917832657,0 -45.8574289938136,-22.2391998364801,0 -45.85707673173461,-22.2390709026029,0 -45.8568151364171,-22.2389531714156,0 -45.8565464505922,-22.2388502061263,0 -45.856298067095,-22.2387934865267,0 -45.8560440709921,-22.2387656776966,0 -45.85590448544679,-22.2387445748483,0 -45.8557828981593,-22.2386773490087,0 -45.8556117869689,-22.2386188356076,0 -45.8555299501998,-22.2386128133049,0 -45.8554295551968,-22.2386231097248,0 -45.85497163704341,-22.2386775063523,0 -45.8545137184902,-22.2387319017009,0 -45.8542725431219,-22.2387648316479,0 -45.8540313676281,-22.2387977612405,0 -45.8538319569656,-22.2388292516426,0 -45.8536325462053,-22.2388607418027,0 -45.8535498162257,-22.2388755394938,0 -45.8534670862273,-22.2388903371433,0 -45.8532135177535,-22.2389587296394,0 -45.8529713690219,-22.2390566268415,0 -45.85284330253149,-22.239123371993,0 -45.8527037255847,-22.2391656206045,0 -45.8520505717734,-22.2401405238,0 -45.8518393214559,-22.2414220134607,0 -45.8529860704153,-22.2424675482576,0 -45.8532274935169,-22.2434967017723,0 -45.8526693319141,-22.2457204914001,0 -45.8520666792081,-22.2475128856484,0 -45.8512122908377,-22.2486243912567,0 -45.84964660932859,-22.2489156971281,0 -45.847783593881,-22.2497818754725,0 -45.84630712899081,-22.2507647338212,0 -45.84634532909529,-22.25089422063,0 -45.8460733080143,-22.2511103208475,0 -45.8458011337743,-22.2513260140259,0 -45.8458294159403,-22.2515684143135,0 -45.8458306617098,-22.2516226495058,0 -45.8458205505308,-22.2518121004004,0 -45.844783,-22.253964996,0 -45.844358,-22.255885996,0 -45.844537,-22.257379996,0 -45.84486,-22.257883996,0 -45.84513963574911,-22.2588115659676,0 -45.845898,-22.261432996,0 -45.846262,-22.263109996,0 -45.84722844328369,-22.2633964312776,0 -45.8505341769414,-22.2644534669559,0 -45.8505262739836,-22.2644626322278,0 -45.8505200274238,-22.2644728728547,0 -45.85051572622841,-22.2644838259816,0 -45.850513369852,-22.2644954012758,0 -45.8505129555658,-22.2645071470737,0 -45.85051467583231,-22.2645187913609,0 -45.8505184319647,-22.264530063647,0 -45.8505241241839,-22.2645405127763,0 -45.8505314607946,-22.2645500499402,0 -45.8505404396133,-22.2645583138074,0 -45.8505507683984,-22.2645651252365,0 -45.8505713668011,-22.264576986858,0 -45.85059196520739,-22.2645888484769,0 -45.8506768812133,-22.2646200664762,0 -45.8507617972556,-22.2646512844297,0 -45.8508744215531,-22.2646984821196,0 -45.850987045924,-22.2647456797288,0 -45.8512040044733,-22.2648413376747,0 -45.8514209633095,-22.2649369953204,0 -45.8516365891459,-22.2650368602601,0 -45.8518522152805,-22.2651367249027,0 -45.8519989413539,-22.2651897502823,0 -45.8521456675339,-22.2652427755254,0 -45.85221679461681,-22.2652726648262,0 -45.85229012489631,-22.2652977547508,0 -45.8523650755161,-22.2653179580191,0 -45.8524414518209,-22.265333185315,0 -45.8525546263119,-22.2653588790556,0 -45.8526678008416,-22.2653845727159,0 -45.8530341845934,-22.2654657127781,0 -45.8534005687394,-22.2655468519998,0 -45.8537285395883,-22.2656312185037,0 -45.8540664012066,-22.2657140869656,0 -45.8544023605726,-22.2658032882052,0 -45.8546414756379,-22.2658630068732,0 -45.85479634218131,-22.2659085786039,0 -45.85486592647211,-22.2656975055667,0 -45.8549297203357,-22.2654805797988,0 -45.8549730506811,-22.2653415618593,0 -45.8550917350705,-22.2649888093196,0 -45.855220769882,-22.2647548686058,0 -45.85534149807349,-22.2645171173978,0 -45.85544996393799,-22.2643199419424,0 -45.8555609713769,-22.2641239958653,0 -45.8556894867769,-22.2639298789259,0 -45.8558050824628,-22.2637288472192,0 -45.85590448399729,-22.2635431235781,0 -45.85599389314801,-22.2633530504,0 -45.85605935545721,-22.2631971347036,0 -45.85612340193259,-22.2630407104142,0 -45.8562220247835,-22.2628129224739,0 -45.8563528667316,-22.2625996573784,0 -45.8564822463635,-22.2624306431482,0 -45.8566199690029,-22.2622674405773,0 -45.8567600965806,-22.262100092799,0 -45.8568870007395,-22.2619238414524,0 -45.8570754413456,-22.2615040519835,0 -45.85714741231,-22.2613459464735,0 -45.8572193831179,-22.2611878409336,0 -45.8572996233856,-22.2609958788675,0 -45.8573952329464,-22.2607088574273,0 -45.8574606349881,-22.2605222043845,0 -45.8575367119017,-22.2603390901309,0 -45.85760288222151,-22.2601660139867,0 -45.8576537534683,-22.2599885125063,0 -45.85768018356909,-22.2598541418619,0 -45.8576993729148,-22.2597187104578,0 -45.8577663335218,-22.2595454010922,0 -45.85784314810649,-22.2593756700966,0 -45.8579581147389,-22.2591419702447,0 -45.8580590146392,-22.2589027077651,0 -45.858145989079,-22.2586671266705,0 -45.8582230486351,-22.2584285735606,0 -45.8583160773449,-22.2582080437428,0 -45.858461879886,-22.2580138461815,0 -45.8585907775831,-22.2578569891623,0 -45.8586857748972,-22.2576804090512,0 -45.8587908652344,-22.2574396514701,0 -45.85889595522481,-22.2571988938254,0 -45.85898956215251,-22.2569689467465,0 -45.8590831687861,-22.2567389996169,0 -45.85918654079,-22.2564918229093,0 -45.8592984313454,-22.2562478814531,0 -45.8594063213033,-22.2560531136023,0 -45.859488530583,-22.2558477736685,0 -45.8595157629475,-22.2556767973145,0 -45.8595558451173,-22.2555080269656,0 -45.85967398165891,-22.2553411430207,0 -45.8597925434259,-22.2551745206628,0 -45.8599640533424,-22.2549783539905,0 -45.8601162382943,-22.2547688271845,0 -45.8602814252225,-22.2545424728263,0 -45.8604291978079,-22.2543059171906,0 -45.8605355743741,-22.2541654105437,0 -45.8606604064447,-22.2540434424902,0 -45.86101462178679,-22.2538316539877,0 -45.8613751806395,-22.2536363977261,0 -45.861741380419,-22.2535454596615,0 -45.8621163166297,-22.2534938931779,0 -45.8623446675507,-22.2534627806212,0 -45.86257301835921,-22.2534316677468,0 -45.8628526605302,-22.2533931457384,0 -45.8631590244654,-22.2533507947191,0 -45.8634439801517,-22.2533099679501,0 -45.8637556575535,-22.253265312055,0 -45.86400830668549,-22.2532245376425,0 -45.86426095565709,-22.2531837628416,0 -45.8644173975531,-22.253153029782,0 -45.8645738393754,-22.2531222965739,0 -45.8648170544888,-22.2530582695519,0 -45.86504533729151,-22.2529572740909,0 -45.8651758057727,-22.2528848532269,0 -45.86537033962631,-22.2527834548024,0 -45.8655648731939,-22.2526820561527,0 -45.86578742787799,-22.2525530008534,0 -45.8660099821473,-22.2524239452603,0 -45.8663208816053,-22.2522454114895,0 -45.86663178026141,-22.2520668771453,0 -45.8669272044187,-22.2518812430958,0 -45.8672226277863,-22.2516956085301,0 -45.8676976823166,-22.2513863459925,0 -45.8681610181809,-22.2510620446936,0 -45.8684283109711,-22.2508848630716,0 -45.86857206384181,-22.2507660325462,0 -45.86867993626291,-22.2506888064199,0 -45.868725889363,-22.250649987577,0 -45.8687974023935,-22.2505432473507,0 -45.8688268584061,-22.2504026808834,0 -45.8688242670056,-22.2503629176909,0 -45.8689061941856,-22.2502407978863,0 -45.86910623478339,-22.2498690820241,0 -45.8692377723558,-22.2496473805482,0 -45.8693742210479,-22.2494451048096,0 -45.8695754581048,-22.2493147198537,0 -45.869873703876,-22.2492497018336,0 -45.87027721053139,-22.2491957225271,0 -45.8706717273703,-22.2491001697584,0 -45.8708459266044,-22.248996976855,0 -45.8708908805675,-22.2489612013854,0 -45.87099695286779,-22.2488551771958,0 -45.8710599951801,-22.2487710752797,0 -45.87128740299569,-22.2484619040796,0 -45.87152657902699,-22.2481605265134,0 -45.87173069082681,-22.2479156269758,0 -45.871905481914,-22.2476518031497,0 -45.8720680747625,-22.2473780920506,0 -45.87222454048381,-22.2471013037547,0 -45.872359391399,-22.2468636586464,0 -45.8725009978218,-22.2466294435744,0 -45.8726326547201,-22.2464945708468,0 -45.8728118865705,-22.2464212678614,0 -45.8729032702795,-22.2463818426118,0 -45.872940757963,-22.2463589671171,0 -45.872973708672,-22.2464862615048,0 -45.8730172334092,-22.2466107729203,0 -45.8731301597656,-22.246801485289,0 -45.87320765619229,-22.2470069549561,0 -45.873274357251,-22.2473514359021,0 -45.8733305211607,-22.2476975414306,0 -45.8733687751994,-22.2480074601297,0 -45.87339909546819,-22.2483181385092,0 -45.8734224101374,-22.2485389054478,0 -45.8733942931601,-22.2487956771888,0 -45.87339300416691,-22.2489555777506,0 -45.8733917151776,-22.2491154783094,0 -45.8734042099775,-22.2492681683049,0 -45.8734167048107,-22.2494208582958,0 -45.87342953297441,-22.2496272960415,0 -45.873442361187,-22.2498337337798,0 -45.87344029728369,-22.2499158563612,0 -45.8734456309879,-22.2500261668191,0 -45.8734770494022,-22.2502163886843,0 -45.8735216174391,-22.2504258108015,0 -45.873531641843,-22.2505773795685,0 -45.87353052175299,-22.250639141844,0 -45.87351751923741,-22.2509048368318,0 -45.8734896566837,-22.2511695397146,0 -45.8734779881994,-22.2513970012396,0 -45.8734720031408,-22.2516246537903,0 -45.8734734736429,-22.252033865041,0 -45.873467593921,-22.252354142736,0 -45.8734670413513,-22.2526566685048,0 -45.8734665282209,-22.2527370750543,0 -45.8734829514108,-22.2529761798155,0 -45.8735107568145,-22.2531355089494,0 -45.8735458851856,-22.2532725154369,0 -45.8735893885626,-22.2534133649496,0 -45.8736400066034,-22.2535521393764,0 -45.8737566874235,-22.253832768814,0 -45.8739778100376,-22.2542449721697,0 -45.8741712235033,-22.2544932940441,0 -45.8742781863667,-22.2546012945945,0 -45.8743844377846,-22.2546772369569,0 -45.8745532500912,-22.2548151457945,0 -45.874725111568,-22.2549497519309,0 -45.8747396357619,-22.2549496737524,0 -45.8750433693676,-22.2555034199312,0 -45.8753570850808,-22.2560753593963,0 -45.8754737071782,-22.2562815537528,0 -45.8755903296254,-22.2564877480093,0 -45.875938441807,-22.2554744782936,0 -45.8765954720116,-22.2535223133373,0 -45.8772524849103,-22.2515701458515,0 -45.8772847440898,-22.2515103395221,0 -45.8770644682848,-22.2514073826711,0 -45.8770153479433,-22.2513735913251,0 -45.8770636507658,-22.2513127482993,0 -45.8771758784589,-22.2511743487131,0 -45.8773440363357,-22.2509615465567,0 -45.8775005065746,-22.2507411550239,0 -45.8776009474694,-22.2506201932739,0 -45.8776953883707,-22.250495113449,0 -45.87772685811701,-22.2504565312039,0 -45.8778459105778,-22.2503015968512,0 -45.8779843475842,-22.2501004136142,0 -45.8781328469066,-22.2498818685658,0 -45.8782820684681,-22.249663750371,0 -45.87838908013829,-22.2494954216739,0 -45.8784955949057,-22.2493268201656,0 -45.8786094190302,-22.2491547033845,0 -45.8787232428814,-22.248982586529,0 -45.87877083172319,-22.2489109643724,0 -45.8787939871409,-22.2488769583751,0 -45.87886701064729,-22.2487726830469,0 -45.8789687470074,-22.2486483993052,0 -45.8789992234377,-22.2486083709178,0 -45.8790108698373,-22.2485852724376,0 -45.8790225162332,-22.2485621739567,0 -45.87905096894969,-22.2485186591466,0 -45.87908429216059,-22.2484780990559,0 -45.87912210222131,-22.2484412184392,0 -45.8791639156319,-22.2484082909142,0 -45.8792093470598,-22.2483797702386,0 -45.8792819757298,-22.2483242728515,0 -45.8792952028389,-22.2483134514011,0 -45.879335737477,-22.2482777755246,0 -45.8793511792385,-22.248264184712,0 -45.8793762720946,-22.2482420996385,0 -45.8793840814163,-22.2482339272143,0 -45.8793956047627,-22.2481989051154,0 -45.879313762543,-22.2479946089253,0 -45.8792982283267,-22.2478562505664,0 -45.8793025275312,-22.2477768201316,0 -45.8793195723109,-22.2475784011833,0 -45.879367910027,-22.2473845015814,0 -45.8794754740417,-22.2471928911845,0 -45.8796224378131,-22.2470254870165,0 -45.8797783823104,-22.2468377993415,0 -45.8799302161153,-22.2466472134219,0 -45.8799538219602,-22.2466189068007,0 -45.8799749348205,-22.2465979192854,0 -45.8801773694009,-22.2463553358936,0 -45.8803988509093,-22.2460461143574,0 -45.880511067863,-22.2457927861918,0 -45.8805825042948,-22.2455269563641,0 -45.8806430355851,-22.2451887821004,0 -45.8806509871932,-22.2449993199227,0 -45.8806440184317,-22.2448415387075,0 -45.88062318628641,-22.2445923979477,0 -45.880544011703,-22.2442900228449,0 -45.8804646995781,-22.2440661539693,0 -45.8803400727579,-22.2438609505332,0 -45.8802055652886,-22.2436622408099,0 -45.88013173670129,-22.2435666111174,0 -45.88005420911511,-22.2434743273322,0 -45.8799579021612,-22.2433505472129,0 -45.87986159537849,-22.2432267670293,0 -45.87973636380699,-22.2430706677464,0 -45.879611132516,-22.2429145683551,0 -45.8792571596811,-22.242482421717,0 -45.8789324616598,-22.2421228359382,0 -45.878791732842,-22.2419476685314,0 -45.8786510043778,-22.2417725009877,0 -45.8784731022118,-22.2415803252768,0 -45.8782424479782,-22.2412940594309,0 -45.8779992548564,-22.2410169336112,0 -45.8778117288968,-22.2408452407913,0 -45.87760492544771,-22.2406939454304,0 -45.8774607872457,-22.2405961248149,0 -45.8772902948444,-22.240547312629,0 -45.8773126746135,-22.2404792596461,0 -45.8773719130774,-22.2402997145449,0 -45.8774962510299,-22.2399547301401,0 -45.8776205884016,-22.2396097456455,0 -45.8773767754359,-22.2394914243988,0 -45.87683051423511,-22.2392178872676,0 -45.87652047903539,-22.2390546521044,0 -45.87598106349,-22.238857962207,0 -45.87548812100209,-22.2388077520849,0 -45.8752618964492,-22.238820009626,0 -45.8750334713417,-22.2388959500141,0 -45.8748098551203,-22.2389834200618,0 -45.8749702458451,-22.2386695446695,0 -45.87491260182751,-22.2386843085167,0 -45.8745000318552,-22.2387537726736,0 -45.8742026681891,-22.2387737649027,0 -45.87408138149,-22.2387748686074,0 -45.8735589714704,-22.2387096614795,0 -45.8730657936243,-22.2385365092487,0 -45.8727268173132,-22.2383518924364,0 -45.8723987889818,-22.2380995228705,0 -45.8722462496755,-22.2379776196774,0 -45.87205106508519,-22.2378249161742,0 -45.8716782826997,-22.2375305691986,0 -45.87120154762091,-22.2373039561966,0 -45.8710146590553,-22.2372466774871,0 -45.8706825017002,-22.2371821500111,0 -45.8703917758829,-22.2371726809272,0 -45.8702449545092,-22.2371762771907,0 -45.8698099176649,-22.2372202439411,0 -45.8693779815987,-22.2372723372812,0 -45.869109342492,-22.2372822808563,0 -45.86894251169011,-22.2372798957361,0 -45.8685452524002,-22.2372215887022,0 -45.86845457298671,-22.2371972468904,0 -45.8683304992626,-22.2372924695331,0 -45.8682063973999,-22.2373877135512,0 -45.8683649783706,-22.2375496515341,0 -45.86848811114321,-22.2377537847306,0 -45.8685492759046,-22.2378969824592,0 -45.8686287379941,-22.2382772510021,0 -45.86866760194469,-22.2387419102907,0 -45.8686807304004,-22.2389039925167,0 -45.8686615176035,-22.2391471710541,0 -45.86860727831,-22.2393768399664,0 -45.8685331356037,-22.239635369918,0 -45.86845899264169,-22.2398938998365,0 -45.868345728701,-22.2402601831458,0 -45.8682324642036,-22.2406264663789,0 -45.8681894752146,-22.2407897325326,0 -45.8681440066105,-22.2409156244539,0 -45.8680048734933,-22.2411869490284,0 -45.86784034520879,-22.2414505568173,0 -45.867656291744,-22.2417027286413,0 -45.8674588174203,-22.2419463785212,0 -45.8672613424203,-22.2421900281759,0 -45.86716238344499,-22.2423211174683,0 -45.8670833117769,-22.2424634298069,0 -45.8670125271635,-22.2426454721226,0 -45.8669417423748,-22.2428275144092,0 -45.8668002856298,-22.2431561438713,0 -45.8666144737534,-22.2434650409202,0 -45.8664613654115,-22.2436597450275,0 -45.8663481413772,-22.2437709815792,0 -45.8662778612963,-22.2438301645338,0 -45.8659350638258,-22.2440339359341,0 -45.86559226534769,-22.2442377066383,0 -45.86527121818,-22.2444282170465,0 -45.8649501701301,-22.244618726844,0 -45.8646338299475,-22.2448017131336,0 -45.8643174889292,-22.2449846988298,0 -45.8641825972859,-22.2450626528739,0 -45.8641563908305,-22.2450767399877,0 -45.8640954626835,-22.2451744998243,0 -45.8640929048531,-22.2452795737073,0 -45.8638959741711,-22.2453921396245,0 -45.8636990431688,-22.2455047053117,0 -45.8635525411738,-22.2455884116776,0 -45.8633556096131,-22.2457009769635,0 -45.8630121750838,-22.2458972479155,0 -45.86252714598649,-22.2461866376588,0 -45.8620421148647,-22.2464760260081,0 -45.8612899166959,-22.2460253539375,0 -45.860844265884,-22.2466138572227,0 -45.8603049455968,-22.2473259825679,0 -45.8600498437215,-22.2476378375548,0 -45.8598926755681,-22.2476373828223,0 -45.8596922440653,-22.2476351308308,0 -45.8594920219154,-22.2476263127565,0 -45.8593313903434,-22.2476240675085,0 -45.85922847569449,-22.247620360273,0 -45.8589655270692,-22.247602808054,0 -45.8586667256087,-22.2475761667147,0 -45.8583682819938,-22.2475462510624,0 -45.8581015525838,-22.2475205455706,0 -45.8578351937542,-22.2474917020312,0 -45.85762069080249,-22.2474636986161,0 -45.8574072510676,-22.2474293698187,0 -45.8571916045482,-22.2474083978059,0 -45.857013328836,-22.2473883458535,0 -45.8566210353812,-22.2473355006685,0 -45.85631131614701,-22.2473103131183,0 -45.8560019728089,-22.2472813986226,0 -45.85549221355921,-22.2472649761763,0 -45.85498245437011,-22.2472485521274,0 -45.8547371381154,-22.2472331301109,0 -45.85449182190101,-22.2472177077225,0 -45.85428185594311,-22.2472128783748,0 -45.8540731231637,-22.2471911813617,0 -45.85394151859159,-22.2471075986291,0 -45.8538230085691,-22.2470084813785,0 -45.853689761389,-22.2469396509669,0 -45.85357478531879,-22.2469710201897,0 -45.8536425646334,-22.2468569423164,0 -45.8536532058401,-22.2468383966472,0 -45.8538330810301,-22.2465249064022,0 -45.85402359654889,-22.2461928702796,0 -45.85432847213291,-22.2456606813156,0 -45.8546333454656,-22.245128491818,0 -45.85481887881521,-22.2448155870091,0 -45.8550044113581,-22.2445026820026,0 -45.8553397691189,-22.2439177103393,0 -45.855675124158,-22.2433327380308,0 -45.8560651739169,-22.2426626518085,0 -45.8564552200477,-22.2419925647133,0 -45.8568427263099,-22.2413282715993,0 -45.85703198939011,-22.2409999876492,0 -45.8572591224674,-22.2406618706899,0 -45.8575157922392,-22.2403425929223,0 -45.85782155035329,-22.2400972368645,0 -45.85816782518669,-22.2399040958908,0 -45.8585818359123,-22.2397545117778,0 -45.8586736900846,-22.2397264568544,0 -45.8590082875621,-22.2396391296118,0 -45.8592717326117,-22.2395748203397,0 -45.85956082382269,-22.2394188618712,0 -45.8592717326117,-22.2395748203397,0 -45.8590082875621,-22.2396391296118,0 -45.8586736900846,-22.2397264568544,0 -45.8585818359123,-22.2397545117778,0 -45.85816782518669,-22.2399040958908,0 -45.85782155035329,-22.2400972368645,0 -45.8575157922392,-22.2403425929223,0 -45.8572591224674,-22.2406618706899,0 -45.85703198939011,-22.2409999876492,0 -45.8568427263099,-22.2413282715993,0 -45.8564552200477,-22.2419925647133,0 -45.8560651739169,-22.2426626518085,0 -45.855675124158,-22.2433327380308,0 -45.8553397691189,-22.2439177103393,0 -45.8550044113581,-22.2445026820026,0 -45.85481887881521,-22.2448155870091,0 -45.8546333454656,-22.245128491818,0 -45.85432847213291,-22.2456606813156,0 -45.85402359654889,-22.2461928702796,0 -45.8538330810301,-22.2465249064022,0 -45.8536532058401,-22.2468383966472,0 -45.8536425646334,-22.2468569423164,0 -45.85357478531879,-22.2469710201897,0 -45.8536673051975,-22.246945777756,0 -45.8537061272262,-22.2469481049439,0 -45.8538230085691,-22.2470084813785,0 -45.85394151859159,-22.2471075986291,0 -45.8540731231637,-22.2471911813617,0 -45.85428185594311,-22.2472128783748,0 -45.85449182190101,-22.2472177077225,0 -45.8547371381154,-22.2472331301109,0 -45.85498245437011,-22.2472485521274,0 -45.85549221355921,-22.2472649761763,0 -45.8560019728089,-22.2472813986226,0 -45.85631131614701,-22.2473103131183,0 -45.8566210353812,-22.2473355006685,0 -45.857013328836,-22.2473883458535,0 -45.8571916045482,-22.2474083978059,0 -45.8574072510676,-22.2474293698187,0 -45.85762069080249,-22.2474636986161,0 -45.8578351937542,-22.2474917020312,0 -45.8581015525838,-22.2475205455706,0 -45.8583682819938,-22.2475462510624,0 -45.8586667256087,-22.2475761667147,0 -45.8589655270692,-22.247602808054,0 -45.85922847569449,-22.247620360273,0 -45.8593313903434,-22.2476240675085,0 -45.8594920219154,-22.2476263127565,0 -45.8596922440653,-22.2476351308308,0 -45.8598926755681,-22.2476373828223,0 -45.8600082657628,-22.2476377172727,0 -45.86010244828659,-22.247641002757,0 -45.8601031091818,-22.2476135049278,0 -45.8601041141995,-22.2475714935426,0 -45.8603049455968,-22.2473259825679,0 -45.860844265884,-22.2466138572227,0 -45.8612899166959,-22.2460253539375,0 -45.8620421148647,-22.2464760260081,0 -45.86252714598649,-22.2461866376588,0 -45.8630121750838,-22.2458972479155,0 -45.8633556096131,-22.2457009769635,0 -45.8635525411738,-22.2455884116776,0 -45.8636990431688,-22.2455047053117,0 -45.8638959741711,-22.2453921396245,0 -45.8640929048531,-22.2452795737073,0 -45.8640954626835,-22.2451744998243,0 -45.8641563908305,-22.2450767399877,0 -45.8641825972859,-22.2450626528739,0 -45.8642500431265,-22.2450236758654,0 -45.8643174889292,-22.2449846988298,0 -45.8646338299475,-22.2448017131336,0 -45.8649501701301,-22.244618726844,0 -45.86527121818,-22.2444282170465,0 -45.86559226534769,-22.2442377066383,0 -45.8659350638258,-22.2440339359341,0 -45.8662778612963,-22.2438301645338,0 -45.8663481413772,-22.2437709815792,0 -45.8664613654115,-22.2436597450275,0 -45.8666144737534,-22.2434650409202,0 -45.8668002856298,-22.2431561438713,0 -45.8669417423748,-22.2428275144092,0 -45.8670125271635,-22.2426454721226,0 -45.8670833117769,-22.2424634298069,0 -45.86716238344499,-22.2423211174683,0 -45.8672613424203,-22.2421900281759,0 -45.8674588174203,-22.2419463785212,0 -45.867656291744,-22.2417027286413,0 -45.86784034520879,-22.2414505568173,0 -45.8680048734933,-22.2411869490284,0 -45.8681440066105,-22.2409156244539,0 -45.8681894752146,-22.2407897325326,0 -45.8682324642036,-22.2406264663789,0 -45.868345728701,-22.2402601831458,0 -45.86845899264169,-22.2398938998365,0 -45.8685331356037,-22.239635369918,0 -45.86860727831,-22.2393768399664,0 -45.8686615176035,-22.2391471710541,0 -45.8686807304004,-22.2389039925167,0 -45.86866760194469,-22.2387419102907,0 -45.8686287379941,-22.2382772510021,0 -45.8685492759046,-22.2378969824592,0 -45.86848811114321,-22.2377537847306,0 -45.8683649783706,-22.2375496515341,0 -45.8682063973999,-22.2373877135512,0 -45.8683304992626,-22.2372924695331,0 -45.8684546009565,-22.2371972254245,0 -45.85956082382269,-22.2394188618712,0 
								</coordinates>
							</LinearRing>
						</outerBoundaryIs>
					</Polygon>
				</MultiGeometry>
			</Placemark>
			<Placemark>
				<styleUrl>#m_ylw-pushpin2</styleUrl>
				<ExtendedData>
					<SchemaData schemaUrl="#mtu">
						<SimpleData name="FID">10</SimpleData>
					</SchemaData>
				</ExtendedData>
				<MultiGeometry>
					<Polygon>
						<outerBoundaryIs>
							<LinearRing>
								<coordinates>
									-45.8958485482647,-22.2539074825455,0 -45.8958951838663,-22.253908354652,0 -45.8959418194679,-22.253909226745,0 -45.8960277789372,-22.2538599719647,0 -45.8961333704884,-22.2538000397001,0 -45.8962420012745,-22.2537449686948,0 -45.8963532831375,-22.2536947610833,0 -45.8964351788087,-22.2536626921446,0 -45.8965196377696,-22.2536369324703,0 -45.8966060789329,-22.2536176659321,0 -45.8966938241713,-22.253605076938,0 -45.896782485332,-22.2535991676273,0 -45.8968512123734,-22.2536022210989,0 -45.8969192975254,-22.253611149854,0 -45.8969862550149,-22.2536258662392,0 -45.89705150145169,-22.2536461928062,0 -45.89711445402001,-22.2536720424391,0 -45.8971745287519,-22.2537031473593,0 -45.8972938887246,-22.2537632837865,0 -45.8974099845064,-22.2538289485772,0 -45.8975223291726,-22.2538998734226,0 -45.897630728072,-22.2539759690702,0 -45.8977541869488,-22.2540548721658,0 -45.8978744695093,-22.2541378577825,0 -45.8979914781414,-22.2542248361314,0 -45.89810501819,-22.2543157179604,0 -45.8982149908881,-22.2544102328176,0 -45.8983212027302,-22.2545084721148,0 -45.8983664880828,-22.2545638680751,0 -45.89840674804161,-22.2546225438591,0 -45.8984417856378,-22.2546840488852,0 -45.89847130801189,-22.2547481137714,0 -45.89849511703971,-22.2548141072718,0 -45.89851311336649,-22.254881668599,0 -45.8985215923608,-22.2549709629168,0 -45.8985406359318,-22.2551494045133,0 -45.8985512005109,-22.2552385517917,0 -45.8985638983082,-22.2553274162682,0 -45.8985765961236,-22.2554162807421,0 -45.89860054155331,-22.2555796544572,0 -45.89863088551869,-22.2557419990974,0 -45.8986675309983,-22.2559033151952,0 -45.8987017172067,-22.2559986100925,0 -45.8987413257568,-22.2560919779592,0 -45.8987864519705,-22.2561831472594,0 -45.8988368035739,-22.2562719389352,0 -45.89889228180069,-22.2563580825234,0 -45.89893453439539,-22.256455139436,0 -45.8989827887328,-22.2565498144259,0 -45.8989848785475,-22.2565579330017,0 -45.8989883240834,-22.256565592403,0 -45.8989930271441,-22.2565726125032,0 -45.898998889533,-22.2565788131758,0 -45.8990058136301,-22.256584104626,0 -45.8990136036186,-22.2565882169322,0 -45.8990219683688,-22.2565911517051,0 -45.8990307126405,-22.2565927293551,0 -45.89903964292381,-22.2565930412875,0 -45.8990484669351,-22.2565919084496,0 -45.8990569917415,-22.2565895125788,0 -45.8991374765959,-22.2565643155137,0 -45.8992157918563,-22.2565337103241,0 -45.8992915499197,-22.2564977894932,0 -45.899364170252,-22.2564568272421,0 -45.8994333628734,-22.2564110058498,0 -45.8995445464129,-22.2563300827374,0 -45.8996557298234,-22.2562491595523,0 -45.89967888388101,-22.2562353004666,0 -45.8997020379339,-22.2562214413777,0 -45.89972308824261,-22.256204883888,0 -45.8997441385463,-22.2561883263957,0 -45.899762650144,-22.2561693439165,0 -45.8997811617367,-22.2561503614354,0 -45.89979689432531,-22.2561293166385,0 -45.89981262690929,-22.2561082718402,0 -45.8998252428606,-22.2560854827687,0 -45.8998378588079,-22.2560626936962,0 -45.8998458857403,-22.2560355487941,0 -45.8998539126699,-22.2560084038917,0 -45.8998652947885,-22.255982369595,0 -45.899876676903,-22.2559563352976,0 -45.89989131889369,-22.2559316831375,0 -45.8999059608793,-22.2559070309761,0 -45.8999236230192,-22.2558842139527,0 -45.8999412851534,-22.2558613969275,0 -45.9000223193834,-22.25581596139,0 -45.900100218169,-22.2557658457683,0 -45.9001744980258,-22.2557113237498,0 -45.90024506248639,-22.2556524862086,0 -45.9003114286471,-22.2555896971643,0 -45.9003611230766,-22.255560424356,0 -45.9004141538974,-22.2555369144766,0 -45.9004699411699,-22.2555195320756,0 -45.9005275162092,-22.2555085535225,0 -45.90058610326089,-22.2555040734493,0 -45.90068835939779,-22.2554993513255,0 -45.9007903989032,-22.2554911072798,0 -45.90089202826281,-22.2554794327203,0 -45.9009329304506,-22.2554714371686,0 -45.9009746482763,-22.2554695798531,0 -45.9010161142789,-22.2554738666918,0 -45.9010563574619,-22.2554842127337,0 -45.9010972066803,-22.2555134353844,0 -45.9011335249822,-22.2555473805604,0 -45.9011649201514,-22.255585418096,0 -45.901190805885,-22.2556269189015,0 -45.9012179288162,-22.2556494425275,0 -45.90124080616819,-22.2556757837571,0 -45.9012586569748,-22.2557052242447,0 -45.9012709913957,-22.2557370440301,0 -45.90127760956079,-22.2557703408748,0 -45.9012782145564,-22.2558042130783,0 -45.9013131817,-22.2558089875557,0 -45.9013486109294,-22.2558087910474,0 -45.9013832054121,-22.2558021853892,0 -45.9014163228552,-22.2557908905062,0 -45.9014470794637,-22.2557746402976,0 -45.9014744106583,-22.2557538923444,0 -45.9014978346954,-22.2557291913297,0 -45.9015164828193,-22.2557012647533,0 -45.9015299720667,-22.2556709277547,0 -45.901566736985,-22.2556306151297,0 -45.9016035018824,-22.255590302497,0 -45.9016382672666,-22.2555484200909,0 -45.90167303263019,-22.2555065376779,0 -45.90170570259631,-22.255463266695,0 -45.9017383725425,-22.2554199957059,0 -45.9017688985713,-22.2553753364177,0 -45.9017994245811,-22.2553306771242,0 -45.9018276619796,-22.2552847658384,0 -45.90185589936,-22.255238854548,0 -45.90189552789601,-22.2551911185052,0 -45.9019351564053,-22.2551433824532,0 -45.9019774665652,-22.2550976640415,0 -45.90201977669771,-22.2550519456194,0 -45.9020646234951,-22.2550083359743,0 -45.9021094702648,-22.2549647263176,0 -45.9022039488725,-22.2548821778139,0 -45.9022534836688,-22.254843239503,0 -45.90230301843749,-22.2548043011777,0 -45.9023693170053,-22.2547538875679,0 -45.9024356155253,-22.2547034739323,0 -45.9025034297244,-22.2546548585497,0 -45.9025712438761,-22.25460624314,0 -45.9026404766663,-22.2545594265197,0 -45.9027097094099,-22.2545126098712,0 -45.902780361083,-22.2544676371755,0 -45.90285101271031,-22.2544226644503,0 -45.90301990126861,-22.2543289974074,0 -45.90318878959779,-22.2542353301955,0 -45.90333197970679,-22.2541597371172,0 -45.9033807893332,-22.2541364304269,0 -45.9034311704402,-22.2541160508674,0 -45.9034815515321,-22.2540956712927,0 -45.9035331650425,-22.2540783110667,0 -45.9035847785397,-22.2540609508247,0 -45.9036901798227,-22.2540323609684,0 -45.9037973683876,-22.2540100845409,0 -45.90386604833691,-22.2539906419325,0 -45.9039324574667,-22.2539651594949,0 -45.9039958205997,-22.2539338222125,0 -45.9040557518851,-22.2538969935747,0 -45.9041114767293,-22.2538549488989,0 -45.9041627063267,-22.2538080511354,0 -45.9042087648691,-22.2537568460572,0 -45.9042493635551,-22.2537016966147,0 -45.9044064904597,-22.2535373163047,0 -45.904563616999,-22.2533729358518,0 -45.90478096519769,-22.2531566388329,0 -45.9049983127304,-22.2529403415399,0 -45.9051071991114,-22.2528502133952,0 -45.9052196037749,-22.2527639499801,0 -45.90533533206159,-22.2526814620367,0 -45.9054542892574,-22.2526031114249,0 -45.90553116097641,-22.2525598644484,0 -45.905604897154,-22.2525119374998,0 -45.9056751119493,-22.2524596940726,0 -45.9057415154016,-22.2524033164568,0 -45.9058038181327,-22.2523430772743,0 -45.905877219989,-22.252273381388,0 -45.90595462481901,-22.2522074572173,0 -45.9060358408677,-22.2521456671644,0 -45.906120577017,-22.2520880128469,0 -45.906208544475,-22.2520348572084,0 -45.90629484126101,-22.2519784587882,0 -45.9063834884426,-22.2519253896025,0 -45.9064744871862,-22.2518758303106,0 -45.9065676439978,-22.2518298723225,0 -45.9067989744002,-22.2515704502062,0 -45.9070303039561,-22.2513110277809,0 -45.9074414138995,-22.2511510084874,0 -45.9079225250679,-22.2511017089065,0 -45.90893225553099,-22.2512071769998,0 -45.910208771732,-22.2515400082782,0 -45.9102082775388,-22.2514635423516,0 -45.9102282852126,-22.2513910721986,0 -45.9102547091363,-22.2513203728031,0 -45.9102873587258,-22.2512519872378,0 -45.9103259457751,-22.251186368787,0 -45.910370279119,-22.2511239701911,0 -45.9104200699711,-22.251065154402,0 -45.9104748366362,-22.2510104661216,0 -45.9105343862031,-22.2509600870949,0 -45.910598139942,-22.2509145625675,0 -45.91066580790609,-22.2508740748285,0 -45.9107367131631,-22.2508389890048,0 -45.9108106628087,-22.2508094868425,0 -45.9108868817069,-22.2507857533509,0 -45.9111070906544,-22.2506912936677,0 -45.9113272992974,-22.2505968336949,0 -45.9113826096478,-22.2505662614366,0 -45.9114341009747,-22.2505303808286,0 -45.91148119396641,-22.2504896467967,0 -45.9115235033908,-22.2504445131787,0 -45.9115604505249,-22.2503955252321,0 -45.9115916501406,-22.2503431367944,0 -45.91161671818081,-22.2502879823658,0 -45.91163536762889,-22.2502306959016,0 -45.91164750554629,-22.2501719102679,0 -45.9116528449186,-22.2501122594187,0 -45.9116154691139,-22.2498925943893,0 -45.9115780934387,-22.2496729293415,0 -45.9115708780872,-22.2496076578153,0 -45.9115712293709,-22.2495419825136,0 -45.91157905608749,-22.2494768072952,0 -45.91159426528121,-22.2494127650237,0 -45.9116166669588,-22.2493504891056,0 -45.9116460728823,-22.2492908839414,0 -45.9116820984012,-22.249234493693,0 -45.91172435945149,-22.2491819528535,0 -45.9117723749339,-22.24913389646,0 -45.91182556612899,-22.2490908697621,0 -45.9118833537354,-22.2490533276783,0 -45.9119451584541,-22.2490217251273,0 -45.91201020632839,-22.2489964277859,0 -45.9121357253763,-22.2489284241119,0 -45.9122003002315,-22.2488975285992,0 -45.91226487505761,-22.2488666330616,0 -45.9123973660268,-22.2488113272544,0 -45.91253281073299,-22.2487625991923,0 -45.9126708222124,-22.2487206317097,0 -45.9128110123326,-22.2486854269794,0 -45.91295309175599,-22.2486572576244,0 -45.9130247850231,-22.2486466922828,0 -45.91309647827821,-22.2486361269098,0 -45.9132408813936,-22.2486221267985,0 -45.9133859123885,-22.2486151691368,0 -45.9135311843068,-22.2486154367666,0 -45.91367611377489,-22.2486227522963,0 -45.9138205079121,-22.24863729748,0 -45.91390006521551,-22.2486273198856,0 -45.9139796225061,-22.2486173422527,0 -45.9143547199178,-22.2482638759842,0 -45.9147298154476,-22.2479104088985,0 -45.9145953657768,-22.2477534411092,0 -45.91440108806331,-22.2475959967474,0 -45.9142011471235,-22.2474356110319,0 -45.9142019102632,-22.2474348325285,0 -45.9142764976793,-22.2473315917973,0 -45.91439722376229,-22.2470530167249,0 -45.9144376044598,-22.2469147809212,0 -45.9144483224822,-22.2468652291262,0 -45.9144631430751,-22.246773511733,0 -45.9144312193334,-22.2466053207551,0 -45.9144136894349,-22.246435305855,0 -45.91441228036991,-22.2462873908768,0 -45.9143891692277,-22.2461410430246,0 -45.9142099529952,-22.2458683803051,0 -45.91402012542829,-22.2456020135901,0 -45.9138374675074,-22.2453662513896,0 -45.9136473830033,-22.2451356331028,0 -45.9134713229797,-22.2449324008125,0 -45.9133446094893,-22.2446994820516,0 -45.9132548898768,-22.244444629051,0 -45.9131646972156,-22.2441899208287,0 -45.9130802686354,-22.2439452907146,0 -45.9129460391337,-22.2437207758852,0 -45.912784144099,-22.2434873383543,0 -45.912604139369,-22.2432656919741,0 -45.91237401487259,-22.2429744286417,0 -45.9121586893007,-22.2426735180759,0 -45.9120270543697,-22.2424278665704,0 -45.91190086904631,-22.2421797491281,0 -45.9118362130343,-22.2419698285296,0 -45.9118317300809,-22.2418996479161,0 -45.9118488048156,-22.2417517639302,0 -45.9118982409469,-22.2415330709256,0 -45.9119733269741,-22.2413208009204,0 -45.9119983997083,-22.2411665701804,0 -45.9119932033319,-22.2411000527954,0 -45.9119089398719,-22.2408928848139,0 -45.91173493889211,-22.2407130275685,0 -45.91151664869899,-22.2405815324599,0 -45.9113047362997,-22.2404751941246,0 -45.9110901918668,-22.2403735329081,0 -45.9107664900017,-22.2402088464853,0 -45.91045738189671,-22.240021429411,0 -45.9102479002858,-22.2399099151115,0 -45.9100409934525,-22.2397943099714,0 -45.909821572212,-22.2396446981441,0 -45.9095995160999,-22.2394984946187,0 -45.9095028583856,-22.2394604783059,0 -45.9094601734205,-22.2394570992217,0 -45.90939805136949,-22.2394652039399,0 -45.90919418111711,-22.2394276250191,0 -45.9089928645375,-22.2393795737884,0 -45.9087021967928,-22.2393080027253,0 -45.90841671304529,-22.2392201909132,0 -45.9081495930728,-22.2391404477715,0 -45.9079649043507,-22.2390821533834,0 -45.9078841964301,-22.2390558649118,0 -45.90758863102889,-22.238966051491,0 -45.9074562810842,-22.2389263195085,0 -45.9072925943803,-22.2388775939121,0 -45.9070661959446,-22.2387685340097,0 -45.9068545809468,-22.2386362234521,0 -45.9066672990691,-22.2385307629717,0 -45.9064786138886,-22.2384614440567,0 -45.906095959944,-22.2383562483218,0 -45.9057022490324,-22.2382960309094,0 -45.9055136277001,-22.2382907591214,0 -45.9053254770329,-22.2382981029435,0 -45.9049529142975,-22.2383504291694,0 -45.9046774511599,-22.2384062887942,0 -45.90441476355061,-22.2385015726034,0 -45.9042573320579,-22.2385571108763,0 -45.9042124502787,-22.2385624995004,0 -45.9041792020298,-22.2385637998493,0 -45.9040889809157,-22.2385559592497,0 -45.9040054529758,-22.2385361434512,0 -45.90392192505781,-22.2385163276089,0 -45.9036109058499,-22.2384594740525,0 -45.9032998868708,-22.2384026198924,0 -45.9030634610059,-22.2383363235955,0 -45.9028595526379,-22.2382066898115,0 -45.9027328783806,-22.2380295669514,0 -45.9026031643122,-22.2378543613622,0 -45.9024040718995,-22.2375939190587,0 -45.9022019079064,-22.2373355358574,0 -45.902065483726,-22.2371402406008,0 -45.9019810266571,-22.236920949142,0 -45.9019551979075,-22.2366993570442,0 -45.9019508221115,-22.2365753974729,0 -45.90195246848261,-22.2364764785859,0 -45.9019569198235,-22.2363067774127,0 -45.9019547862987,-22.2362167703884,0 -45.9019311994374,-22.2359579831819,0 -45.9019322332381,-22.2358851317149,0 -45.90191801640999,-22.2356719652633,0 -45.90190779471829,-22.235603034289,0 -45.901813777378,-22.2352583572245,0 -45.90168722249589,-22.2348802966689,0 -45.90151890794949,-22.2345166250459,0 -45.9014466329326,-22.2343544980718,0 -45.901388430952,-22.2341875350083,0 -45.9013877842511,-22.234136428475,0 -45.9013906396455,-22.2339554243608,0 -45.901406035723,-22.2337237475799,0 -45.9014486074914,-22.2333626080167,0 -45.9014526905984,-22.2331904916237,0 -45.9014450669217,-22.2329993150365,0 -45.9014132551325,-22.2328175456921,0 -45.90134780073799,-22.2326437532769,0 -45.9012389855447,-22.2323734966059,0 -45.90111335785931,-22.2321096363838,0 -45.9010835836772,-22.2317932300111,0 -45.9010579440787,-22.2314112028587,0 -45.901047917668,-22.231138903275,0 -45.9010125360462,-22.2308027751734,0 -45.9009610406565,-22.2305693102878,0 -45.9008684474162,-22.2303471100274,0 -45.9007491250159,-22.2302529379978,0 -45.900700319012,-22.2302442461044,0 -45.900582341417,-22.2301771468609,0 -45.90052371840649,-22.2300605789779,0 -45.9005164622006,-22.2299878993831,0 -45.9005092168547,-22.2299153284739,0 -45.9004052790222,-22.2293832951728,0 -45.9004194010841,-22.2292712544809,0 -45.9004159844759,-22.2292198844172,0 -45.90038635090039,-22.2290343984255,0 -45.9003731417584,-22.2287440957538,0 -45.9003695025133,-22.2285925337465,0 -45.9003513620708,-22.2283383002326,0 -45.90031957772651,-22.2282046934753,0 -45.90025212341839,-22.2280831107137,0 -45.90013737825309,-22.2278622409997,0 -45.9000208105175,-22.2276422001808,0 -45.8999407051374,-22.2274443895809,0 -45.89987707918289,-22.2272414556041,0 -45.8998271356323,-22.2270553252799,0 -45.8997771922224,-22.2268691949318,0 -45.8996763248369,-22.2266535100181,0 -45.8996502769208,-22.2266174699532,0 -45.89959977455791,-22.2265580916466,0 -45.89951019241759,-22.2264762682049,0 -45.89934612416369,-22.2263464192943,0 -45.89917491700669,-22.226224821935,0 -45.898993137218,-22.2260581434391,0 -45.8988185098372,-22.2258849632047,0 -45.8985869762453,-22.2256665923994,0 -45.8983277201097,-22.2254100847229,0 -45.898152831704,-22.2252402507445,0 -45.89794280390831,-22.2250389319205,0 -45.897712811639,-22.2248035229492,0 -45.8975797834891,-22.2246728192128,0 -45.897495182209,-22.2245896355419,0 -45.8974711656935,-22.2245660990379,0 -45.8973995787576,-22.2245051430043,0 -45.8972726012721,-22.2244056309241,0 -45.8970984472929,-22.2242691462909,0 -45.8968610897526,-22.2240804347876,0 -45.896623732844,-22.2238917229126,0 -45.8965296794311,-22.2238324844707,0 -45.896435626096,-22.2237732459715,0 -45.89613901377911,-22.2236097874856,0 -45.8958101133083,-22.2235138157813,0 -45.8956114182619,-22.2234909215649,0 -45.8952956908672,-22.2234782467197,0 -45.8948500342747,-22.2235095238087,0 -45.8946167269277,-22.2235251931436,0 -45.8945583504058,-22.2235261122703,0 -45.89438284398669,-22.2235216683711,0 -45.8942847461978,-22.2235206399432,0 -45.89420299697939,-22.22352217829,0 -45.8940235404649,-22.2235332187663,0 -45.8938102157077,-22.2235063374966,0 -45.8936071046338,-22.2234399318885,0 -45.89323501821419,-22.2232501137216,0 -45.89289333197329,-22.2230159323969,0 -45.89274058540169,-22.2228378686291,0 -45.8925855615578,-22.2226615193183,0 -45.89248654269021,-22.2224707071965,0 -45.89239828870749,-22.2222753693563,0 -45.89233418392871,-22.222119981513,0 -45.89230642190699,-22.2219555440781,0 -45.8922859912449,-22.221591767382,0 -45.8922947056625,-22.2213151306833,0 -45.8923073552865,-22.2210832156158,0 -45.8923200048834,-22.2208513005422,0 -45.8923158009568,-22.2205931903,0 -45.8923115970635,-22.2203350800491,0 -45.8923080357778,-22.2201785483878,0 -45.89230447450671,-22.2200220167232,0 -45.8923067659098,-22.2199696916248,0 -45.89229312137,-22.2198299487727,0 -45.89225358762769,-22.219692390997,0 -45.8921718805639,-22.2194756366326,0 -45.8920559217011,-22.2192728732687,0 -45.891828987421,-22.2190035080608,0 -45.89154966090501,-22.2187808810059,0 -45.8912748393366,-22.218612676386,0 -45.8910976708805,-22.2185512852195,0 -45.8909601871048,-22.2185235824067,0 -45.890615708666,-22.2184784034572,0 -45.8903051443333,-22.218453092682,0 -45.8898893263197,-22.2184293054603,0 -45.88947312932531,-22.2184122041071,0 -45.8887979026735,-22.2183871670019,0 -45.88852581055921,-22.2183874786108,0 -45.8882537184265,-22.2183877897647,0 -45.8880251976968,-22.2183818553762,0 -45.8877966769742,-22.2183759206661,0 -45.8873140235745,-22.2183642802803,0 -45.8869879821648,-22.2183636639626,0 -45.8866619407331,-22.2183630469915,0 -45.8862768600197,-22.2183543497405,0 -45.8858917793193,-22.2183456515766,0 -45.8856671770353,-22.2183456998489,0 -45.8854425747394,-22.2183457478111,0 -45.8850152283247,-22.2184042427049,0 -45.88461208969411,-22.218548641566,0 -45.8842999907678,-22.2187504275152,0 -45.88404256270891,-22.2190106412392,0 -45.8838265706693,-22.2193188444434,0 -45.8836887253116,-22.219561344994,0 -45.8837017665914,-22.2195743794189,0 -45.88440027335759,-22.2201548292327,0 -45.88581708152219,-22.2213364789946,0 -45.8865753124822,-22.2219769377716,0 -45.8866198708147,-22.2220117451148,0 -45.8866682787266,-22.2220415630163,0 -45.886720145864,-22.2220660322585,0 -45.88677459734081,-22.2220848866003,0 -45.8872697850531,-22.2222439324775,0 -45.88776497383209,-22.2224029768076,0 -45.8877912223905,-22.2224112799412,0 -45.88781747095181,-22.2224195830706,0 -45.8878672896232,-22.2224422564063,0 -45.88791365084781,-22.2224705493913,0 -45.8879557761944,-22.2225041049352,0 -45.88799308013191,-22.2225423842244,0 -45.8880247819497,-22.2225846688401,0 -45.8880504901525,-22.2226304189101,0 -45.8880698115369,-22.2226788235647,0 -45.8880761307261,-22.2227039474847,0 -45.8880824499178,-22.2227290714043,0 -45.8880881096775,-22.222780441361,0 -45.888083036885,-22.2228916267781,0 -45.8880779640878,-22.2230028121937,0 -45.8880808295241,-22.2230341429404,0 -45.88808369496191,-22.2230654736869,0 -45.8880900023518,-22.2230964243031,0 -45.8880963097447,-22.2231273749188,0 -45.8881059110023,-22.2231575397026,0 -45.88811551226419,-22.2231877044857,0 -45.88812840540221,-22.2232167672729,0 -45.8881412985458,-22.2232458300589,0 -45.8881572881046,-22.2232735660765,0 -45.88817327766981,-22.2233013020922,0 -45.8881922158454,-22.2233273508036,0 -45.88821115402809,-22.2233533995125,0 -45.8885252628081,-22.2237066121237,0 -45.8888393731721,-22.2240598240614,0 -45.88901957813239,-22.2242416782334,0 -45.88919978355891,-22.2244235321864,0 -45.88948065827239,-22.224690879983,0 -45.8897615340518,-22.2249582272508,0 -45.8898678937223,-22.2250383149777,0 -45.88997425351269,-22.2251184026302,0 -45.8900415601039,-22.22515995001,0 -45.8900731919198,-22.225183264139,0 -45.890104823746,-22.2252065782614,0 -45.8901342394748,-22.2252323435575,0 -45.89016365521441,-22.2252581088479,0 -45.8901905623658,-22.2252861010756,0 -45.8902174695279,-22.2253140932985,0 -45.8902417699393,-22.225344132327,0 -45.8902660703612,-22.2253741713513,0 -45.89028752005099,-22.2254060326796,0 -45.8903089697506,-22.2254378940047,0 -45.8903274214728,-22.225471307435,0 -45.89034587320401,-22.2255047208628,0 -45.8903611802821,-22.2255395065293,0 -45.89037648736801,-22.2255742921941,0 -45.8903885992911,-22.2256101342015,0 -45.8904007112206,-22.2256459762077,0 -45.89040948131049,-22.2256826946898,0 -45.89041825140531,-22.2257194131712,0 -45.8904290063273,-22.2257938809601,0 -45.8904329736943,-22.2258690182473,0 -45.89043151280259,-22.2259065605772,0 -45.8904300519104,-22.2259441029069,0 -45.89042032754699,-22.2259867492463,0 -45.8904106031782,-22.2260293955851,0 -45.8903985468433,-22.2260715126751,0 -45.8903864905017,-22.2261136297642,0 -45.890372101621,-22.2261551272717,0 -45.8903577127322,-22.2261966247781,0 -45.8903410389576,-22.2262373669383,0 -45.8903243651737,-22.2262781090969,0 -45.8902464277501,-22.2264661621278,0 -45.8901684901266,-22.226654215124,0 -45.8900939558051,-22.2268434689894,0 -45.8900194212919,-22.2270327228229,0 -45.8899482895267,-22.2272230871991,0 -45.889877157578,-22.2274134515461,0 -45.88981513248991,-22.2275709291541,0 -45.88975310726919,-22.22772840674,0 -45.8897561540887,-22.2277653372249,0 -45.8897010730142,-22.2278239499559,0 -45.8896459918941,-22.2278825626693,0 -45.8896061325475,-22.2279162950701,0 -45.88956627318171,-22.2279500274616,0 -45.88948215869,-22.2280128188161,0 -45.8893941324006,-22.2280707534091,0 -45.8893024831099,-22.2281234683139,0 -45.8891991143643,-22.2281794993052,0 -45.8890957455348,-22.2282355302332,0 -45.88903709975499,-22.228275146644,0 -45.8890096345474,-22.2282972030724,0 -45.8889821693311,-22.2283192594964,0 -45.8889315341278,-22.2283675042837,0 -45.88888538591569,-22.2284195186206,0 -45.88886479730099,-22.2284473189093,0 -45.88884420867821,-22.2284751191956,0 -45.8888081924806,-22.2285336726262,0 -45.8887776261222,-22.2285948159965,0 -45.888729133248,-22.2287212794219,0 -45.8886806402905,-22.2288477428338,0 -45.8885421599973,-22.2291984132855,0 -45.8884036790438,-22.229549083627,0 -45.8883057033426,-22.2298068034273,0 -45.88820772729889,-22.2300645231724,0 -45.888193393893,-22.2301226870622,0 -45.8881790604761,-22.2301808509507,0 -45.8881677385333,-22.2302395855733,0 -45.8881564165819,-22.230298320195,0 -45.8881482507942,-22.2303574892584,0 -45.8881400850005,-22.2304166583212,0 -45.888137103948,-22.2304825290548,0 -45.88813994442831,-22.230548368,0 -45.8881486041731,-22.2306138138273,0 -45.88816307977609,-22.2306783245421,0 -45.8881832719427,-22.2307415393438,0 -45.88825954926081,-22.2309514234305,0 -45.8883358268166,-22.2311613074686,0 -45.8883567902226,-22.2312237050109,0 -45.8883827887577,-22.2312844490116,0 -45.88841372255489,-22.2313430883373,0 -45.888449396428,-22.2313994433805,0 -45.8884896134817,-22.2314530635372,0 -45.8885544568669,-22.2315498197612,0 -45.88862432692089,-22.2316435674269,0 -45.8886866376168,-22.2317541135629,0 -45.8887489484127,-22.2318646596704,0 -45.8887612641179,-22.2318712320166,0 -45.8887633745373,-22.2319028563202,0 -45.88859863108259,-22.2320891206444,0 -45.8884192429968,-22.2322919419319,0 -45.8885945357035,-22.2326919071335,0 -45.8887435076856,-22.2331010158866,0 -45.8888656125878,-22.2335177684005,0 -45.88896040253501,-22.2339406368629,0 -45.8890275297785,-22.2343680710203,0 -45.8890667479743,-22.2347985038674,0 -45.8890779130891,-22.2352303573936,0 -45.8890609839323,-22.2356620483641,0 -45.88901602231141,-22.2360919941286,0 -45.8889431928084,-22.2365186184154,0 -45.8888427621806,-22.2369403571251,0 -45.8888427621804,-22.2369403571258,0 -45.8888235063996,-22.236979667874,0 -45.88880530312719,-22.2370166241509,0 -45.8887870998455,-22.2370535804259,0 -45.8887662693377,-22.2370893766999,0 -45.88874543881939,-22.2371251729715,0 -45.8887221737091,-22.23715958235,0 -45.8886989085876,-22.2371939917254,0 -45.8886732568179,-22.237226923609,0 -45.8886476050363,-22.2372598554889,0 -45.8885919831274,-22.2373179740036,0 -45.8885363611728,-22.2373760925003,0 -45.8884871107124,-22.2374290270566,0 -45.8884378602151,-22.2374819615989,0 -45.8883871953383,-22.2375337294958,0 -45.8883365304243,-22.2375854973779,0 -45.8882844508455,-22.2376360534469,0 -45.8882323712294,-22.2376866095002,0 -45.8881358464027,-22.2377750780938,0 -45.88803932145469,-22.2378635466331,0 -45.8879444005218,-22.2379525032024,0 -45.88784947946909,-22.2380414597193,0 -45.8878107200842,-22.2380808768445,0 -45.8877440906218,-22.2381477273654,0 -45.88768321550431,-22.2382192438801,0 -45.8876396354638,-22.2382790127149,0 -45.8876018012634,-22.2383420925787,0 -45.8875826228965,-22.2383937786954,0 -45.8876148586997,-22.2384586441148,0 -45.88760237262241,-22.2385098420255,0 -45.8875898865366,-22.2385610399352,0 -45.88756434795171,-22.2385889122604,0 -45.8875388093568,-22.2386167845819,0 -45.88753689799861,-22.2386368494407,0 -45.8875444998633,-22.2387037463689,0 -45.88755620094319,-22.2387744150014,0 -45.8875727484808,-22.2388442441604,0 -45.8875941402069,-22.2389128725155,0 -45.88761591330049,-22.2389496104426,0 -45.88764223094979,-22.2389837941708,0 -45.88767260458539,-22.2390148843535,0 -45.88770664266819,-22.2390423411145,0 -45.8877439559335,-22.2390659859065,0 -45.887785971398,-22.2390812941736,0 -45.887829606813,-22.2390918961519,0 -45.8878741818158,-22.2390976148846,0 -45.887919308276,-22.2390984524906,0 -45.8880554388123,-22.2390661820642,0 -45.8881915692821,-22.2390339115258,0 -45.8883622265717,-22.2389834755322,0 -45.8885328837329,-22.2389330393632,0 -45.8886243903717,-22.2389027286767,0 -45.8887172810422,-22.2388764754603,0 -45.88881145929,-22.2388543705742,0 -45.88890663402889,-22.238836415607,0 -45.8892065747004,-22.238775967402,0 -45.8893307337214,-22.2387534272582,0 -45.8894560981228,-22.2387373845626,0 -45.8895821839059,-22.2387280226304,0 -45.8899055071897,-22.2387133355111,0 -45.8901652812695,-22.2386999893478,0 -45.8906015981056,-22.2387130979803,0 -45.89059696604451,-22.2388501113458,0 -45.89085506977271,-22.2389415103492,0 -45.8911114606836,-22.2390369964607,0 -45.89135960536531,-22.2391160333332,0 -45.8915715206701,-22.2391551569072,0 -45.8914422825795,-22.2400388972222,0 -45.8914329166768,-22.2403453654573,0 -45.89142046388989,-22.2407160789059,0 -45.8914169293406,-22.2409089638519,0 -45.8914041171329,-22.2411538423745,0 -45.8914022155605,-22.2413440986385,0 -45.8914003139928,-22.2415343548983,0 -45.8913906182328,-22.2417810230204,0 -45.891384998429,-22.2420277591239,0 -45.8913722565474,-22.2423757999653,0 -45.89136164995201,-22.2427239194212,0 -45.89135520442251,-22.243001193302,0 -45.8913487588883,-22.243278467174,0 -45.8913452784771,-22.2434262293678,0 -45.8913417980644,-22.2435739915591,0 -45.8913363766735,-22.243721719222,0 -45.891330955277,-22.2438694468825,0 -45.8913283770288,-22.244021766044,0 -45.8913257987813,-22.2441740852029,0 -45.8913200175231,-22.2443262864174,0 -45.89131423625871,-22.2444784876293,0 -45.8913122587721,-22.2445570448599,0 -45.89131028128499,-22.2446356020898,0 -45.8913043032096,-22.2448410569281,0 -45.8912980544979,-22.2451111028536,0 -45.8912896721176,-22.2453046466277,0 -45.8912860921753,-22.2454290125389,0 -45.8912825122309,-22.2455533784484,0 -45.8912768939588,-22.2456776651964,0 -45.891271275681,-22.2458019519427,0 -45.89127244423209,-22.2458179348503,0 -45.89123530711251,-22.2460065774921,0 -45.8912387555023,-22.2460684833023,0 -45.8912422038962,-22.2461303891118,0 -45.8912316027642,-22.2464794117401,0 -45.8912338104568,-22.2468283641291,0 -45.8912252978503,-22.2472084053841,0 -45.8912121916217,-22.2478746985375,0 -45.891198250007,-22.2483245985319,0 -45.8911929792935,-22.2484884952685,0 -45.8911934125953,-22.2484956293642,0 -45.8911926808714,-22.2485026795124,0 -45.89119078355,-22.2485095553809,0 -45.8911876224502,-22.248516076838,0 -45.891183389933,-22.2485219718237,0 -45.8911782800739,-22.2485272392738,0 -45.8911722911585,-22.2485316081924,0 -45.89116561726251,-22.2485350775154,0 -45.8911583548524,-22.2485375563788,0 -45.8911508909367,-22.2485388619905,0 -45.8911432255158,-22.2485389943506,0 -45.890780592049,-22.2486479387871,0 -45.8904179579937,-22.2487568824315,0 -45.8901117424588,-22.2488564828269,0 -45.8898721232225,-22.2489525563498,0 -45.88963250364831,-22.2490486295291,0 -45.8883304788745,-22.2494844358723,0 -45.88702844569841,-22.2499202320258,0 -45.88706576893129,-22.2500908840123,0 -45.8872368068212,-22.2505185877335,0 -45.8875857156694,-22.2516225362541,0 -45.88790724278339,-22.2528343417586,0 -45.8882287758025,-22.2540461462669,0 -45.8885227261333,-22.2551613066119,0 -45.8888166814352,-22.2562764661212,0 -45.8891165550513,-22.2574059557074,0 -45.889416433802,-22.2585354444271,0 -45.88953445725171,-22.25899196903,0 -45.8896405403031,-22.2591839972076,0 -45.8897262017033,-22.2593109179767,0 -45.8898370971753,-22.2594195985674,0 -45.8901197668055,-22.2595217548502,0 -45.8902303774474,-22.2595024495223,0 -45.8903415926091,-22.2594866638714,0 -45.8904533158247,-22.2594744887598,0 -45.8905420183963,-22.2594591425187,0 -45.8906307209469,-22.2594437962298,0 -45.8907800507192,-22.2594086503435,0 -45.8909293804121,-22.2593735043222,0 -45.8910028186437,-22.2596451453782,0 -45.8910762571775,-22.2599167863828,0 -45.8911518685608,-22.2602020108308,0 -45.8912274802711,-22.2604872352237,0 -45.89129048547599,-22.2607050033461,0 -45.8913534908877,-22.2609227714319,0 -45.8913722017419,-22.2609311009894,0 -45.8914460931818,-22.2607799454239,0 -45.8915320075215,-22.2606535875332,0 -45.8916517868193,-22.2605010718957,0 -45.8917828446217,-22.2603568157067,0 -45.8919193965956,-22.2602180850173,0 -45.89205993138379,-22.2600828444707,0 -45.89218706898039,-22.2599525012085,0 -45.8923233728643,-22.2598304474361,0 -45.89250466565469,-22.2596745589695,0 -45.89266170851139,-22.2594973307926,0 -45.8927988339063,-22.2593126414725,0 -45.8929150127588,-22.2591158999103,0 -45.8929755851688,-22.259008265602,0 -45.89306018918411,-22.2589157328504,0 -45.8931267302647,-22.2588415183044,0 -45.8931932712756,-22.2587673037329,0 -45.89335701003781,-22.2585943155327,0 -45.8935207483993,-22.2584213271772,0 -45.8936345213491,-22.2582914094197,0 -45.8937161769346,-22.2581420208231,0 -45.89376241146289,-22.2580045955633,0 -45.8938145971768,-22.2578690293186,0 -45.8939094222964,-22.2577058684844,0 -45.8940189975021,-22.2575509195822,0 -45.8941872822399,-22.2573157344726,0 -45.8943503177187,-22.2570773673698,0 -45.8944417278067,-22.2568866893197,0 -45.8945188575606,-22.2566906191823,0 -45.8945743335323,-22.2565387514886,0 -45.89463553101299,-22.256388800215,0 -45.8947638059181,-22.2561188011019,0 -45.89489403287429,-22.2558496129937,0 -45.89500488454689,-22.2556065467482,0 -45.89513857193811,-22.2553736464137,0 -45.8952355956363,-22.2552116529322,0 -45.89531103600249,-22.255039992769,0 -45.8953516911629,-22.2549142251265,0 -45.8953874531024,-22.2547871759306,0 -45.895449759376,-22.2545921403896,0 -45.8955020902899,-22.2543945809705,0 -45.8956862651032,-22.2540546860816,0 -45.89578581652861,-22.2539315864247,0 -45.8958485482647,-22.2539074825455,0 
								</coordinates>
							</LinearRing>
						</outerBoundaryIs>
					</Polygon>
				</MultiGeometry>
			</Placemark>
		</Folder>
	</Document>
	<Document id="root_doc">
		<name>MIDE.kml</name>
		<Schema name="dissolved" id="dissolved">
			<SimpleField type="float" name="fid"></SimpleField>
			<SimpleField type="float" name="handle"></SimpleField>
			<SimpleField type="float" name="block"></SimpleField>
			<SimpleField type="float" name="etype"></SimpleField>
			<SimpleField type="float" name="space"></SimpleField>
			<SimpleField type="string" name="layer"></SimpleField>
			<SimpleField type="string" name="olinetype"></SimpleField>
			<SimpleField type="string" name="linetype"></SimpleField>
			<SimpleField type="string" name="color"></SimpleField>
			<SimpleField type="float" name="ocolor"></SimpleField>
			<SimpleField type="float" name="color24"></SimpleField>
			<SimpleField type="float" name="transparen"></SimpleField>
			<SimpleField type="float" name="lweight"></SimpleField>
			<SimpleField type="float" name="linewidth"></SimpleField>
			<SimpleField type="float" name="ltscale"></SimpleField>
			<SimpleField type="float" name="visible"></SimpleField>
			<SimpleField type="float" name="width"></SimpleField>
			<SimpleField type="float" name="thickness"></SimpleField>
			<SimpleField type="string" name="ext"></SimpleField>
		</Schema>
		<StyleMap id="m_ylw-pushpin3">
			<Pair>
				<key>normal</key>
				<styleUrl>#s_ylw-pushpin3</styleUrl>
			</Pair>
			<Pair>
				<key>highlight</key>
				<styleUrl>#s_ylw-pushpin_hl3</styleUrl>
			</Pair>
		</StyleMap>
		<Style id="s_ylw-pushpin3">
			<IconStyle>
				<scale>1.1</scale>
				<Icon>
					<href>http://maps.google.com/mapfiles/kml/pushpin/ylw-pushpin.png</href>
				</Icon>
				<hotSpot x="20" y="2" xunits="pixels" yunits="pixels"/>
			</IconStyle>
			<LineStyle>
				<color>ff00aaff</color>
			</LineStyle>
			<PolyStyle>
				<color>8000aaff</color>
			</PolyStyle>
		</Style>
		<Style id="s_ylw-pushpin_hl3">
			<IconStyle>
				<scale>1.3</scale>
				<Icon>
					<href>http://maps.google.com/mapfiles/kml/pushpin/ylw-pushpin.png</href>
				</Icon>
				<hotSpot x="20" y="2" xunits="pixels" yunits="pixels"/>
			</IconStyle>
			<LineStyle>
				<color>ff00aaff</color>
			</LineStyle>
			<PolyStyle>
				<color>8000aaff</color>
			</PolyStyle>
		</Style>
		<Folder>
			<name>dissolved</name>
			<Placemark>
				<styleUrl>#m_ylw-pushpin3</styleUrl>
				<ExtendedData>
					<SchemaData schemaUrl="#dissolved">
						<SimpleData name="fid">1</SimpleData>
						<SimpleData name="handle">703</SimpleData>
						<SimpleData name="block">-1</SimpleData>
						<SimpleData name="etype">18</SimpleData>
						<SimpleData name="space">0</SimpleData>
						<SimpleData name="layer">14_Macroarea_IndustrializaÃ§ao_Desenvolvimento_Economico</SimpleData>
						<SimpleData name="olinetype">BYLAYER</SimpleData>
						<SimpleData name="color">255,191,0,254</SimpleData>
						<SimpleData name="ocolor">256</SimpleData>
						<SimpleData name="color24">-1</SimpleData>
						<SimpleData name="transparen">0</SimpleData>
						<SimpleData name="lweight">30</SimpleData>
						<SimpleData name="linewidth">0.300000000000000</SimpleData>
						<SimpleData name="ltscale">1.000000000000000</SimpleData>
						<SimpleData name="visible">1</SimpleData>
						<SimpleData name="width">0.000000000000000</SimpleData>
						<SimpleData name="thickness">0.000000000000000</SimpleData>
						<SimpleData name="ext">(3:0,0,0.1)</SimpleData>
					</SchemaData>
				</ExtendedData>
				<MultiGeometry>
					<Polygon>
						<outerBoundaryIs>
							<LinearRing>
								<coordinates>
									-45.94891928230669,-22.3479597736997,0 -45.9491301634643,-22.3478358780695,0 -45.9535732978279,-22.3352633769284,0 -45.9552118289021,-22.3333742078016,0 -45.9534609815149,-22.3326457752688,0 -45.9534295900787,-22.3314103960243,0 -45.95168321791671,-22.3307495586597,0 -45.9500881897999,-22.3280924058899,0 -45.94825618930781,-22.3234931470402,0 -45.94474104002551,-22.3238672133713,0 -45.944759685758,-22.3237380184308,0 -45.94460671721971,-22.3236709386955,0 -45.9445116037037,-22.3236136748855,0 -45.9444225653048,-22.3235600685507,0 -45.9442495998385,-22.3234259528864,0 -45.9441253536503,-22.3233296133755,0 -45.9440032277689,-22.3232309127507,0 -45.94384340118039,-22.3231017425228,0 -45.94366787562,-22.3228992641982,0 -45.9435384194068,-22.3227499288692,0 -45.9434722768793,-22.3226887064762,0 -45.94338012051621,-22.3225909839471,0 -45.9432771705702,-22.3224455522216,0 -45.9432033890326,-22.3223015243318,0 -45.94314914607,-22.3221598331146,0 -45.9431156935031,-22.3220724495454,0 -45.9430507259932,-22.3218970387756,0 -45.94293622170851,-22.3216174004023,0 -45.9428770325595,-22.3214782699422,0 -45.9428178435326,-22.3213391394539,0 -45.94273732805519,-22.3211254724256,0 -45.9426568128344,-22.3209118053432,0 -45.942594019998,-22.3207419823586,0 -45.9425529247579,-22.3206368925641,0 -45.9424797093404,-22.320483661121,0 -45.9424534003369,-22.3204334080316,0 -45.9423952660729,-22.3203355535685,0 -45.9423317144844,-22.3202406212353,0 -45.9422799090549,-22.3201743466233,0 -45.9422237560339,-22.3201112589267,0 -45.94216354789351,-22.3200515371082,0 -45.9420993829325,-22.319995361259,0 -45.942031554833,-22.3199430910017,0 -45.9419604525422,-22.3198948144055,0 -45.94184631097011,-22.3198060926042,0 -45.9417321695415,-22.3197173707167,0 -45.94146011762,-22.3195715265289,0 -45.9413612919372,-22.3195550535758,0 -45.9412998675608,-22.3195618819101,0 -45.94116113403359,-22.3196371280385,0 -45.94100346562821,-22.3197681684597,0 -45.9408457969272,-22.3198992087358,0 -45.9406059133234,-22.3200984759053,0 -45.9403660290354,-22.3202977427386,0 -45.9402024672146,-22.3203508339797,0 -45.94003769360139,-22.3203010920735,0 -45.9398391284642,-22.3201569576748,0 -45.93964735237171,-22.3200050737943,0 -45.939450073576,-22.3198070110379,0 -45.9392654972373,-22.3195986178913,0 -45.9391058797867,-22.3194195285025,0 -45.9389318157733,-22.3192524957907,0 -45.9388349389159,-22.3191753699953,0 -45.9387380621644,-22.3190982441375,0 -45.93823279041519,-22.3187001297926,0 -45.9377156306199,-22.3183154588403,0 -45.9373671122423,-22.3180581717291,0 -45.9370185951316,-22.3178008838165,0 -45.9366312176184,-22.3176421091556,0 -45.93621063064391,-22.317597603109,0 -45.9358774905063,-22.3176103025825,0 -45.9355455663802,-22.3176396527618,0 -45.9352067221772,-22.3176750760072,0 -45.9348678777751,-22.3177104985502,0 -45.9344601913664,-22.3177773379236,0 -45.93405984168999,-22.3178753166808,0 -45.9335740549529,-22.3181656184623,0 -45.9332026531731,-22.3185769047898,0 -45.9326526237335,-22.319304273749,0 -45.9323855530825,-22.3194683650282,0 -45.93183894236039,-22.3197832034392,0 -45.9315594023103,-22.3199339505288,0 -45.93127177307661,-22.3200964046752,0 -45.9310048372164,-22.3202869978571,0 -45.9308167569441,-22.3204381670037,0 -45.93062867626429,-22.3205893359431,0 -45.9301038566519,-22.3207873777732,0 -45.9297818581013,-22.3208829006266,0 -45.9295649642291,-22.3209596319636,0 -45.92935706531521,-22.3210555246869,0 -45.9291517867901,-22.3212140214126,0 -45.92897656337779,-22.3213923010602,0 -45.9287713575616,-22.3216337189917,0 -45.9285661510455,-22.3218751366805,0 -45.9280297039947,-22.3223275277215,0 -45.927830073182,-22.3224433940396,0 -45.92765602018039,-22.3225363948586,0 -45.92748196694319,-22.3226293954975,0 -45.92729070318561,-22.3227036407121,0 -45.9270937620132,-22.3227628975902,0 -45.9268666817104,-22.3227888302031,0 -45.9265099396202,-22.3228362620269,0 -45.9261531972586,-22.3228836930736,0 -45.9256741282087,-22.322914602527,0 -45.9251950021517,-22.3228844668726,0 -45.9248811442512,-22.3228169266297,0 -45.9245672866303,-22.3227493857682,0 -45.92395500139471,-22.3226035178895,0 -45.9233301538567,-22.3225150647567,0 -45.922985675146,-22.3224859515091,0 -45.9226568157175,-22.3224770737203,0 -45.9223279563045,-22.3224681952628,0 -45.9219064160887,-22.3224287232247,0 -45.9214848760674,-22.3223892500821,0 -45.9211456158216,-22.3223637165917,0 -45.92080635567161,-22.322338182387,0 -45.9199454980746,-22.3220959385723,0 -45.9193031962381,-22.321510222099,0 -45.9192060204398,-22.3212452820731,0 -45.9190548327539,-22.3208423471076,0 -45.9190160006327,-22.3202128051192,0 -45.9189771689698,-22.3195832630615,0 -45.91895031873079,-22.3188113772621,0 -45.9189234689527,-22.3180394913759,0 -45.918862126922,-22.3165293668489,0 -45.91884809387629,-22.3157574532544,0 -45.9188340611507,-22.3149855395809,0 -45.9188325147834,-22.3146315866125,0 -45.9187844111689,-22.313874398083,0 -45.9187573518307,-22.313470623433,0 -45.9186883791409,-22.312843469931,0 -45.9185257543781,-22.3122314702874,0 -45.918383857756,-22.3119048592518,0 -45.91821331778721,-22.3115903330638,0 -45.9179303216907,-22.3111306448444,0 -45.9176473274868,-22.3106709560428,0 -45.9174115043306,-22.3103401393152,0 -45.91713466996101,-22.310038085471,0 -45.91697938384051,-22.3098668772945,0 -45.9167945407383,-22.3096814729271,0 -45.91660969812569,-22.3094960683283,0 -45.916424683082,-22.3092916040071,0 -45.91623966858059,-22.3090871394517,0 -45.9159215678651,-22.3085870253475,0 -45.9157678060114,-22.308023772832,0 -45.9157829231038,-22.307543110605,0 -45.9148500422841,-22.3075467939077,0 -45.914339573377,-22.3075520660104,0 -45.9140935280158,-22.3075494942977,0 -45.9138487543307,-22.3075261057281,0 -45.91351264425,-22.3074603558904,0 -45.9131900798556,-22.3073505925021,0 -45.9128745279686,-22.3072179064269,0 -45.9125589766589,-22.3070852197155,0 -45.9123722655197,-22.3070068211937,0 -45.9121855545823,-22.3069284224493,0 -45.9120267438213,-22.3067985969409,0 -45.9118933447805,-22.3066300659361,0 -45.9118392898003,-22.3064344132875,0 -45.9118330004258,-22.30623248351,0 -45.9118372035254,-22.3049059940347,0 -45.91201400098029,-22.304444838262,0 -45.9122741005196,-22.3041032127072,0 -45.9123456726074,-22.3038992523397,0 -45.9123545166122,-22.3036585777844,0 -45.91232734290111,-22.3034536469404,0 -45.9119402062552,-22.3029622379757,0 -45.9113331955097,-22.3026462785251,0 -45.9109808985515,-22.3025150685165,0 -45.9107526929595,-22.3024454224671,0 -45.9105458503967,-22.3023548772878,0 -45.91035199652719,-22.3022421611731,0 -45.9101461233015,-22.3020781469413,0 -45.9099708897849,-22.3018857628975,0 -45.90978903980529,-22.3016722842648,0 -45.90960719038311,-22.3014588054042,0 -45.9094493333477,-22.3012774411358,0 -45.909291476723,-22.3010960766961,0 -45.90909740168699,-22.3008683025873,0 -45.9089033272857,-22.3006405282189,0 -45.9086236039251,-22.3003261696962,0 -45.9083278547552,-22.300024780948,0 -45.9079978409443,-22.2997180048538,0 -45.9076560783049,-22.299422578337,0 -45.9073875825006,-22.299207187579,0 -45.9071190875151,-22.2989917963435,0 -45.9068312050171,-22.2987579944669,0 -45.90654332347259,-22.2985241920409,0 -45.9063051105418,-22.2983301297368,0 -45.9060668982659,-22.2981360670565,0 -45.9058474283354,-22.2979580240432,0 -45.90564230398311,-22.2977916180568,0 -45.9054744871222,-22.2976751009085,0 -45.9051963286778,-22.2975019133687,0 -45.9051000403309,-22.2974596198209,0 -45.9050213436462,-22.2973965989156,0 -45.9049426470316,-22.2973335779692,0 -45.90479017833089,-22.2970643570176,0 -45.90481120595611,-22.296865927541,0 -45.90489720507441,-22.2966610665987,0 -45.9049832039517,-22.296456205614,0 -45.9050264344374,-22.2963180691778,0 -45.90508071320299,-22.296163323308,0 -45.90504062026469,-22.2962246007677,0 -45.905002193641,-22.2962867958655,0 -45.9049654575724,-22.2963498693642,0 -45.9049304352333,-22.2964137814821,0 -45.90489714871719,-22.2964784919062,0 -45.9048656190229,-22.2965439598159,0 -45.9048358660407,-22.2966101439195,0 -45.9047271740046,-22.2968712741358,0 -45.9042617803113,-22.2979996145512,0 -45.9042150307809,-22.2981149756429,0 -45.9041664773212,-22.2982296896916,0 -45.9041161302658,-22.2983437322648,0 -45.90406400033,-22.2984570790857,0 -45.90401009860889,-22.2985697060185,0 -45.9039544365754,-22.2986815890837,0 -45.9038970260764,-22.2987927044581,0 -45.9038015854259,-22.2989426730836,0 -45.90369675492481,-22.299087110645,0 -45.9035829035794,-22.2992255086785,0 -45.9034604321551,-22.2993573799782,0 -45.90332977176679,-22.2994822603149,0 -45.9031913823608,-22.2995997100681,0 -45.9030457510958,-22.2997093157752,0 -45.9028933906284,-22.2998106915807,0 -45.9027348373077,-22.2999034806082,0 -45.9025180309005,-22.3000264884893,0 -45.9013378792996,-22.3006330494758,0 -45.9013023967134,-22.3006511225603,0 -45.9012674427245,-22.3006700666054,0 -45.9012330420165,-22.3006898682297,0 -45.9011992188817,-22.3007105134532,0 -45.9011659972052,-22.3007319876942,0 -45.90113340044719,-22.3007542757885,0 -45.901101451627,-22.3007773620008,0 -45.9007951199289,-22.3009204363,0 -45.9002584830478,-22.301054846838,0 -45.8999129411887,-22.3010696010095,0 -45.8999047056918,-22.3010979136472,0 -45.8998979768647,-22.3011265689869,0 -45.8998927710002,-22.3011554976442,0 -45.89988910070421,-22.3011846295753,0 -45.8998869748644,-22.3012138942457,0 -45.8998863986292,-22.3012432207957,0 -45.8998873733945,-22.3012725382203,0 -45.8999355641745,-22.3018243944759,0 -45.8999345952912,-22.3018883577732,0 -45.8999295697096,-22.3019521562635,0 -45.899920504958,-22.3020155673511,0 -45.8999074326572,-22.3020783698058,0 -45.8998903984098,-22.3021403445121,0 -45.8998694616418,-22.3022012752462,0 -45.8998446953949,-22.3022609494273,0 -45.8998161860722,-22.3023191588519,0 -45.8997840331361,-22.302375700435,0 -45.8995702090995,-22.3027714986301,0 -45.89904597437981,-22.303695092277,0 -45.89899104672119,-22.3037964154169,0 -45.8988971541908,-22.3038471366374,0 -45.89885335173059,-22.3038742398604,0 -45.8988078460042,-22.3038987933352,0 -45.8987608082011,-22.3039207046878,0 -45.8987124152747,-22.3039398914964,0 -45.8986628492766,-22.3039562815743,0 -45.8986122966717,-22.3039698132653,0 -45.8985609476366,-22.3039804356648,0 -45.89846231593069,-22.3039759816421,0 -45.8983635751129,-22.3039770731581,0 -45.8982650849474,-22.3039837062306,0 -45.8981672042851,-22.3039958566955,0 -45.8980702897566,-22.3040134802825,0 -45.8979746944728,-22.3040365127778,0 -45.8978807667386,-22.3040648702652,0 -45.89729784009581,-22.304283181679,0 -45.89703207206541,-22.304395220737,0 -45.8969385715068,-22.3044469576629,0 -45.8968488725051,-22.3045042266805,0 -45.89676335252189,-22.304566786793,0 -45.8966823714346,-22.3046343747487,0 -45.8966062700226,-22.3047067061348,0 -45.8965353685328,-22.3047834765738,0 -45.8964699653319,-22.3048643630155,0 -45.89627639249439,-22.3052150266584,0 -45.8961959034852,-22.3053741253662,0 -45.89611582554209,-22.3055334036166,0 -45.896036159129,-22.3056928604876,0 -45.8959569047072,-22.305852495063,0 -45.895878062736,-22.3060123064168,0 -45.8957996336722,-22.3061722936263,0 -45.89572161797,-22.3063324557713,0 -45.8954403163744,-22.3070390686256,0 -45.89509291529351,-22.3079462267362,0 -45.8950546646637,-22.3080698170822,0 -45.89501810755271,-22.3081938504043,0 -45.8949832498864,-22.3083183066053,0 -45.89495009731611,-22.3084431655313,0 -45.8949186552165,-22.3085684069558,0 -45.8948889286856,-22.3086940105861,0 -45.89486092254301,-22.3088199560845,0 -45.8948414424676,-22.3089244396891,0 -45.89482514421599,-22.3090293939059,0 -45.8948120408202,-22.3091347348575,0 -45.8948021427593,-22.3092403783606,0 -45.894795457951,-22.3093462399883,0 -45.8947919917447,-22.3094522351328,0 -45.894791746918,-22.3095582790935,0 -45.8947940721829,-22.3096036252652,0 -45.89479630193441,-22.30964897559,0 -45.89479843616421,-22.3096943298939,0 -45.89480047486379,-22.3097396880014,0 -45.89480241802519,-22.3097850497403,0 -45.894804265641,-22.3098304149351,0 -45.8948060177039,-22.3098757834119,0 -45.8948149303829,-22.3101646560313,0 -45.8948156821298,-22.3102826285419,0 -45.8948164338817,-22.3104006010508,0 -45.8947922209868,-22.3107422459973,0 -45.8947276550669,-22.3110793210749,0 -45.8945708588522,-22.3113750844227,0 -45.8943361737127,-22.311622221643,0 -45.8941826659968,-22.3117186869636,0 -45.8940291580669,-22.3118151521448,0 -45.8936917232362,-22.3120261359103,0 -45.89319873145989,-22.3120041904771,0 -45.8929782659762,-22.3119912220205,0 -45.89278699426419,-22.3119697637791,0 -45.8925616791196,-22.3119309135041,0 -45.8923312056805,-22.3118911734546,0 -45.89223323579731,-22.3118063887159,0 -45.8921848147943,-22.3116929406063,0 -45.89221232366769,-22.3115191495044,0 -45.8922345847266,-22.3113785119124,0 -45.8922417229671,-22.3111726457542,0 -45.8922488611982,-22.3109667795912,0 -45.8927306104518,-22.308215973419,0 -45.8936860311366,-22.3041695455415,0 -45.8941218837183,-22.3033705366079,0 -45.89550209069971,-22.3008116006433,0 -45.89373952886249,-22.2987964367011,0 -45.8906180552676,-22.2977820957886,0 -45.8892399153965,-22.2998941488273,0 -45.8853256956011,-22.3018532678086,0 -45.8835911148583,-22.3009839314356,0 -45.88082055753931,-22.2956092591935,0 -45.8795904907415,-22.2956771211036,0 -45.8781378338853,-22.2964729318945,0 -45.8777656803657,-22.2966768057165,0 -45.877709706621,-22.2966770549026,0 -45.8762649783764,-22.2971139112682,0 -45.8755559931676,-22.2968713268526,0 -45.8752746744965,-22.2943786327539,0 -45.8766619571512,-22.2926503344256,0 -45.87843964786871,-22.2910190644805,0 -45.878803030217,-22.2902942313648,0 -45.8799311809537,-22.2909468011861,0 -45.88073939232739,-22.2918562733355,0 -45.8817325839869,-22.2933968211011,0 -45.8819344659343,-22.293650953951,0 -45.8821357988854,-22.2939043939886,0 -45.8829702003246,-22.2947224859077,0 -45.88537205803271,-22.2949629424235,0 -45.888307855786,-22.292982675758,0 -45.89256439113419,-22.2916714713886,0 -45.8936536565885,-22.2906203983051,0 -45.898660451677,-22.2898704367513,0 -45.8998323761762,-22.2879917171636,0 -45.899474002478,-22.2855304364652,0 -45.89771576815999,-22.2844940955672,0 -45.8960648071945,-22.2835874189004,0 -45.8947691513579,-22.2779202729897,0 -45.8972058955837,-22.2770815680073,0 -45.89748632176169,-22.276246758471,0 -45.89668977112039,-22.2749492033689,0 -45.8963719095841,-22.2723953935954,0 -45.8973078707533,-22.2684261947639,0 -45.8974838720641,-22.2652408215796,0 -45.89973642351551,-22.2603598475958,0 -45.9009447309739,-22.258046465424,0 -45.9037440786543,-22.2567916219536,0 -45.90782709247551,-22.2558462812133,0 -45.90884398561721,-22.2552416441136,0 -45.9096465940542,-22.2535521245144,0 -45.90964888822081,-22.2534159850407,0 -45.9100301793616,-22.2524161766187,0 -45.910208771732,-22.2515400082782,0 -45.90893225553099,-22.2512071769998,0 -45.9079225250679,-22.2511017089065,0 -45.9074414138995,-22.2511510084874,0 -45.9070303039561,-22.2513110277809,0 -45.9067989744002,-22.2515704502062,0 -45.9065676439978,-22.2518298723225,0 -45.9064744871862,-22.2518758303106,0 -45.9063834884426,-22.2519253896025,0 -45.90629484126101,-22.2519784587882,0 -45.906208544475,-22.2520348572084,0 -45.906120577017,-22.2520880128469,0 -45.9060358408677,-22.2521456671644,0 -45.90595462481901,-22.2522074572173,0 -45.905877219989,-22.252273381388,0 -45.9058038181327,-22.2523430772743,0 -45.90571023542901,-22.2524335603676,0 -45.9055693862896,-22.2525383593876,0 -45.9054542892574,-22.2526031114249,0 -45.90533533206159,-22.2526814620367,0 -45.9052196037749,-22.2527639499801,0 -45.9051071991114,-22.2528502133952,0 -45.9049983127304,-22.2529403415399,0 -45.90478096519769,-22.2531566388329,0 -45.904563616999,-22.2533729358518,0 -45.9044064904597,-22.2535373163047,0 -45.9042493635551,-22.2537016966147,0 -45.9041883542595,-22.2537845719038,0 -45.9040599801791,-22.2539020909955,0 -45.9038736931391,-22.253994222328,0 -45.9036901798227,-22.2540323609684,0 -45.9035847785397,-22.2540609508247,0 -45.9034815515321,-22.2540956712927,0 -45.9033807893332,-22.2541364304269,0 -45.90333197970679,-22.2541597371172,0 -45.90318878959779,-22.2542353301955,0 -45.90301990126861,-22.2543289974074,0 -45.90285101271039,-22.2544226644502,0 -45.90270970940969,-22.2545126098713,0 -45.9025712438763,-22.2546062431399,0 -45.90243561552509,-22.2547034739325,0 -45.9023030184378,-22.2548043011775,0 -45.9022039488725,-22.2548821778139,0 -45.9021094702648,-22.2549647263176,0 -45.90201977669771,-22.2550519456194,0 -45.9019351564053,-22.2551433824532,0 -45.90185589936,-22.2552388545481,0 -45.9017713707774,-22.2553762898691,0 -45.90170570259631,-22.255463266695,0 -45.9016400290157,-22.2555502505415,0 -45.901566736985,-22.2556306151297,0 -45.9015552454595,-22.255643215557,0 -45.9014587211236,-22.2557877659821,0 -45.9012785353167,-22.2558221716407,0 -45.90127760956079,-22.2557703408748,0 -45.9012709913957,-22.2557370440301,0 -45.9012586569748,-22.2557052242447,0 -45.90124080616819,-22.2556757837571,0 -45.9012179288162,-22.2556494425275,0 -45.901190805885,-22.2556269189015,0 -45.9011649201514,-22.255585418096,0 -45.9011335249822,-22.2555473805604,0 -45.9010972066803,-22.2555134353844,0 -45.9010563574619,-22.2554842127337,0 -45.9010161142789,-22.2554738666918,0 -45.9009746482763,-22.2554695798531,0 -45.9009329304506,-22.2554714371686,0 -45.90082161162479,-22.255493197725,0 -45.90058610326089,-22.2555040734493,0 -45.9005275162092,-22.2555085535225,0 -45.9004699411699,-22.2555195320756,0 -45.9004141538974,-22.2555369144766,0 -45.9003611230766,-22.255560424356,0 -45.9003114286471,-22.2555896971643,0 -45.9002118568475,-22.2556839020427,0 -45.9000630707284,-22.2557931122635,0 -45.8999412851534,-22.2558613969275,0 -45.8999059608794,-22.2559070309761,0 -45.899876676903,-22.2559563352976,0 -45.8998539126699,-22.2560084038917,0 -45.8998320730414,-22.2560822595785,0 -45.89979689432531,-22.2561293166385,0 -45.8997490690242,-22.256193290432,0 -45.89967888388101,-22.2562353004666,0 -45.8996557298234,-22.2562491595523,0 -45.8994333628734,-22.2564110058498,0 -45.8993294548715,-22.2564798167677,0 -45.89917800240151,-22.2565516282468,0 -45.8989977792355,-22.2566080499656,0 -45.8989827887328,-22.2565498144259,0 -45.89893453439539,-22.256455139436,0 -45.89889228180069,-22.2563580825234,0 -45.8988091403108,-22.2562289848691,0 -45.8987191127895,-22.256047100652,0 -45.8986539736615,-22.2558655237453,0 -45.89860054155331,-22.2555796544572,0 -45.8985765961236,-22.2554162807421,0 -45.8985638983082,-22.2553274162682,0 -45.898547049757,-22.2552095030582,0 -45.8985215923608,-22.2549709629168,0 -45.89851311336649,-22.254881668599,0 -45.89849511703971,-22.2548141072718,0 -45.89847130801189,-22.2547481137714,0 -45.8984417856378,-22.2546840488852,0 -45.89840674804161,-22.2546225438591,0 -45.8983664880828,-22.2545638680751,0 -45.8983212027302,-22.2545084721148,0 -45.8982149908881,-22.2544102328176,0 -45.89810501819,-22.2543157179604,0 -45.8979914781414,-22.2542248361314,0 -45.8978744695093,-22.2541378577825,0 -45.8977541869488,-22.2540548721658,0 -45.897630728072,-22.2539759690702,0 -45.8975223291726,-22.2538998734226,0 -45.8974099845064,-22.2538289485772,0 -45.8972938887246,-22.2537632837865,0 -45.8971745287519,-22.2537031473593,0 -45.89711445402001,-22.2536720424391,0 -45.89705150145169,-22.2536461928062,0 -45.8969862550149,-22.2536258662392,0 -45.8969192975254,-22.253611149854,0 -45.8968512123734,-22.2536022210989,0 -45.896782485332,-22.2535991676273,0 -45.8966938241713,-22.253605076938,0 -45.8966060789329,-22.2536176659321,0 -45.8965196377696,-22.2536369324703,0 -45.8964351788087,-22.2536626921446,0 -45.8963532831375,-22.2536947610833,0 -45.8962420012745,-22.2537449686948,0 -45.8961333704884,-22.2538000397001,0 -45.8960277789372,-22.2538599719647,0 -45.8959418194679,-22.253909226745,0 -45.8958951838663,-22.253908354652,0 -45.8958059536276,-22.2539066859952,0 -45.8956862651032,-22.2540546860816,0 -45.8955020902899,-22.2543945809705,0 -45.895449759376,-22.2545921403896,0 -45.8953874531024,-22.2547871759306,0 -45.8953516911629,-22.2549142251265,0 -45.89531103600249,-22.255039992769,0 -45.8952355956363,-22.2552116529322,0 -45.89513857193811,-22.2553736464137,0 -45.89500488454689,-22.2556065467482,0 -45.89489403287429,-22.2558496129937,0 -45.8947638059181,-22.2561188011019,0 -45.89463553101299,-22.256388800215,0 -45.8945743335323,-22.2565387514886,0 -45.8945188575606,-22.2566906191823,0 -45.8944417278067,-22.2568866893197,0 -45.8943503177187,-22.2570773673698,0 -45.8941872822399,-22.2573157344726,0 -45.8940189975021,-22.2575509195822,0 -45.8939094222964,-22.2577058684844,0 -45.8938145971768,-22.2578690293186,0 -45.89376241146289,-22.2580045955633,0 -45.8937161769346,-22.2581420208231,0 -45.8936219506123,-22.258314407506,0 -45.89335701003781,-22.2585943155327,0 -45.8931932712755,-22.258767303733,0 -45.89306018918411,-22.2589157328504,0 -45.8929840198431,-22.2589990404725,0 -45.8927988339063,-22.2593126414725,0 -45.89266170851139,-22.2594973307926,0 -45.89250466565469,-22.2596745589695,0 -45.8923233728643,-22.2598304474361,0 -45.89218706898039,-22.2599525012085,0 -45.89205993138379,-22.2600828444707,0 -45.8919193965956,-22.2602180850173,0 -45.8917828446217,-22.2603568157067,0 -45.8916517868193,-22.2605010718957,0 -45.8915320075215,-22.2606535875332,0 -45.8914460931818,-22.2607799454239,0 -45.8913619615298,-22.2609520487885,0 -45.89129048547599,-22.2607050033461,0 -45.8912274802711,-22.2604872352237,0 -45.8911518685608,-22.2602020108308,0 -45.8910762571775,-22.2599167863828,0 -45.8910028186437,-22.2596451453782,0 -45.8909293804121,-22.2593735043222,0 -45.8906307209469,-22.2594437962298,0 -45.8905420183963,-22.2594591425187,0 -45.8904533158247,-22.2594744887598,0 -45.8903415926091,-22.2594866638714,0 -45.8902303774474,-22.2595024495223,0 -45.8901197668055,-22.2595217548502,0 -45.8898370971753,-22.2594195985674,0 -45.8896923031156,-22.259277696385,0 -45.88953445725171,-22.25899196903,0 -45.889416433802,-22.2585354444271,0 -45.8891165550513,-22.2574059557074,0 -45.8888166814352,-22.2562764661212,0 -45.8885227261333,-22.2551613066119,0 -45.8882287758025,-22.2540461462669,0 -45.88790724278339,-22.2528343417586,0 -45.8875857156694,-22.2516225362541,0 -45.8872368068212,-22.2505185877335,0 -45.88706576893129,-22.2500908840123,0 -45.88702844569841,-22.2499202320258,0 -45.8883304788745,-22.2494844358723,0 -45.88963250364831,-22.2490486295291,0 -45.8898721232225,-22.2489525563498,0 -45.8901117424588,-22.2488564828269,0 -45.8904179579937,-22.2487568824315,0 -45.890780592049,-22.2486479387871,0 -45.8911754280378,-22.2485293198365,0 -45.8911782800739,-22.2485272392738,0 -45.891183389933,-22.2485219718237,0 -45.8911876224502,-22.248516076838,0 -45.89119078355,-22.2485095553809,0 -45.8911925023391,-22.248503326511,0 -45.891198250007,-22.2483245985319,0 -45.8912121916217,-22.2478746985375,0 -45.8912252978503,-22.2472084053841,0 -45.8912338104568,-22.2468283641291,0 -45.8912316027642,-22.2464794117401,0 -45.8912422038962,-22.2461303891118,0 -45.89123530711251,-22.2460065774921,0 -45.8912699895385,-22.245830403788,0 -45.8912768939588,-22.2456776651964,0 -45.8912825122309,-22.2455533784483,0 -45.8912896721176,-22.2453046466277,0 -45.8912980544979,-22.2451111028536,0 -45.8913043032096,-22.2448410569281,0 -45.89131028128499,-22.2446356020896,0 -45.89131423625871,-22.2444784876293,0 -45.8913200175231,-22.2443262864174,0 -45.8913257987813,-22.2441740852029,0 -45.8913283770288,-22.244021766044,0 -45.891330955277,-22.2438694468825,0 -45.8913363766735,-22.243721719222,0 -45.8913417980644,-22.2435739915591,0 -45.8913452784771,-22.2434262293678,0 -45.8913487588883,-22.243278467174,0 -45.89135520442251,-22.243001193302,0 -45.89136164995201,-22.2427239194212,0 -45.8913722565474,-22.2423757999653,0 -45.891384998429,-22.2420277591239,0 -45.8913906182328,-22.2417810230204,0 -45.8914003139928,-22.2415343548983,0 -45.8914022155605,-22.2413440986385,0 -45.8914041171329,-22.2411538423745,0 -45.8914169293406,-22.2409089638519,0 -45.89142046388989,-22.2407160789059,0 -45.8914329166768,-22.2403453654573,0 -45.8914422825795,-22.2400388972222,0 -45.8915715206701,-22.2391551569072,0 -45.89135960536531,-22.2391160333332,0 -45.8911114606836,-22.2390369964607,0 -45.89085506977271,-22.2389415103492,0 -45.89059696604451,-22.2388501113458,0 -45.8906015981056,-22.2387130979803,0 -45.8901652812695,-22.2386999893478,0 -45.8899055071897,-22.2387133355111,0 -45.8895821839059,-22.2387280226304,0 -45.8894560981228,-22.2387373845626,0 -45.8893307337214,-22.2387534272582,0 -45.8892065747004,-22.238775967402,0 -45.88890663402889,-22.238836415607,0 -45.88881145929,-22.2388543705742,0 -45.8887172810422,-22.2388764754603,0 -45.8886243903717,-22.2389027286767,0 -45.8885328837329,-22.2389330393632,0 -45.8883622265717,-22.2389834755322,0 -45.8881915692821,-22.2390339115258,0 -45.8880554388123,-22.2390661820642,0 -45.887919308276,-22.2390984524906,0 -45.88790874159681,-22.2391020487095,0 -45.887829606813,-22.2390918961519,0 -45.887785971398,-22.2390812941736,0 -45.8877293642891,-22.2390606694609,0 -45.88767260458539,-22.2390148843535,0 -45.88764223094979,-22.2389837941708,0 -45.88761591330049,-22.2389496104426,0 -45.8875941402069,-22.2389128725155,0 -45.8875727484808,-22.2388442441604,0 -45.88755620094319,-22.2387744150014,0 -45.8875444998633,-22.2387037463689,0 -45.88753508038509,-22.2386208543072,0 -45.88756434795171,-22.2385889122604,0 -45.8875898865366,-22.2385610399352,0 -45.88760237262241,-22.2385098420255,0 -45.8876148586997,-22.2384586441148,0 -45.8875826228965,-22.2383937786954,0 -45.8876018012634,-22.2383420925787,0 -45.8876396354638,-22.2382790127149,0 -45.88768321550431,-22.2382192438801,0 -45.8877440906218,-22.2381477273654,0 -45.8878107200842,-22.2380808768445,0 -45.88784947946909,-22.2380414597193,0 -45.8879444005218,-22.2379525032024,0 -45.88803932145469,-22.2378635466331,0 -45.8881358464027,-22.2377750780938,0 -45.8882323712294,-22.2376866095002,0 -45.8882844508455,-22.2376360534469,0 -45.8883365304243,-22.2375854973779,0 -45.8883871953383,-22.2375337294958,0 -45.8884378602151,-22.2374819615989,0 -45.8884871107124,-22.2374290270566,0 -45.8885363611728,-22.2373760925003,0 -45.8885919831274,-22.2373179740036,0 -45.8886476050363,-22.2372598554889,0 -45.8886732568179,-22.237226923609,0 -45.8886989085876,-22.2371939917254,0 -45.8887221737091,-22.23715958235,0 -45.88874543881939,-22.2371251729715,0 -45.8887662693377,-22.2370893766999,0 -45.8887870998455,-22.2370535804259,0 -45.88880530312719,-22.2370166241509,0 -45.8888235063996,-22.236979667874,0 -45.8888427621804,-22.2369403571258,0 -45.8889431928083,-22.2365186184175,0 -45.88901602231131,-22.2360919941286,0 -45.8890609839323,-22.2356620483641,0 -45.8890779130891,-22.2352303573936,0 -45.8890667479743,-22.2347985038674,0 -45.8890275297785,-22.2343680710203,0 -45.88896040253501,-22.2339406368629,0 -45.8888656125878,-22.2335177684005,0 -45.8887435076858,-22.2331010158866,0 -45.8885945357035,-22.2326919071335,0 -45.8884192429968,-22.2322919419319,0 -45.88859863108259,-22.2320891206444,0 -45.8887633745373,-22.2319028563202,0 -45.88876242052751,-22.2318885606355,0 -45.8886866376168,-22.2317541135629,0 -45.88862432692089,-22.2316435674269,0 -45.8885544568669,-22.2315498197612,0 -45.8884896134817,-22.2314530635372,0 -45.888449396428,-22.2313994433805,0 -45.88841372255489,-22.2313430883373,0 -45.8883827887577,-22.2312844490116,0 -45.8883567902226,-22.2312237050109,0 -45.8883358268166,-22.2311613074686,0 -45.88825954926081,-22.2309514234305,0 -45.8881832719427,-22.2307415393438,0 -45.88816307977609,-22.2306783245421,0 -45.8881486041731,-22.2306138138273,0 -45.88813994442831,-22.230548368,0 -45.888137103948,-22.2304825290548,0 -45.8881400850005,-22.2304166583212,0 -45.8881482507942,-22.2303574892584,0 -45.8881564165819,-22.230298320195,0 -45.8881677385333,-22.2302395855733,0 -45.8881790604761,-22.2301808509507,0 -45.888193393893,-22.2301226870622,0 -45.88820772729889,-22.2300645231724,0 -45.8883057033426,-22.2298068034273,0 -45.8884036790438,-22.229549083627,0 -45.8885421599973,-22.2291984132855,0 -45.8886806402905,-22.2288477428338,0 -45.888729133248,-22.2287212794219,0 -45.8887776261222,-22.2285948159965,0 -45.8888081924806,-22.2285336726262,0 -45.88884420867821,-22.2284751191956,0 -45.88886479730099,-22.2284473189093,0 -45.88888538591569,-22.2284195186206,0 -45.8889315341278,-22.2283675042837,0 -45.8889821693311,-22.2283192594964,0 -45.8890096345474,-22.2282972030724,0 -45.88903709975499,-22.228275146644,0 -45.8890957455348,-22.2282355302332,0 -45.8891991143643,-22.2281794993052,0 -45.8893024831099,-22.2281234683139,0 -45.8893941324006,-22.2280707534091,0 -45.88948215869,-22.2280128188161,0 -45.88956627318171,-22.2279500274616,0 -45.8896061325475,-22.2279162950701,0 -45.8896459918941,-22.2278825626693,0 -45.8897010730142,-22.2278239499559,0 -45.8897561540887,-22.2277653372249,0 -45.88975310726919,-22.22772840674,0 -45.88981513248991,-22.2275709291541,0 -45.889877157578,-22.2274134515461,0 -45.8899482895267,-22.2272230871991,0 -45.8900194212919,-22.2270327228229,0 -45.8900939558051,-22.2268434689894,0 -45.8901684901266,-22.226654215124,0 -45.8902464277501,-22.2264661621278,0 -45.8903243651737,-22.2262781090969,0 -45.8903410389576,-22.2262373669383,0 -45.8903577127322,-22.2261966247781,0 -45.890372101621,-22.2261551272717,0 -45.8903864905017,-22.2261136297642,0 -45.8903985468433,-22.2260715126751,0 -45.8904106031782,-22.2260293955851,0 -45.89042032754699,-22.2259867492463,0 -45.8904300519104,-22.2259441029069,0 -45.89043151280259,-22.2259065605772,0 -45.8904329736943,-22.2258690182473,0 -45.8904290063273,-22.2257938809601,0 -45.89041825140531,-22.2257194131712,0 -45.89040948131049,-22.2256826946898,0 -45.8904007112206,-22.2256459762077,0 -45.8903885992911,-22.2256101342015,0 -45.89037648736801,-22.2255742921941,0 -45.8903611802821,-22.2255395065293,0 -45.89034587320401,-22.2255047208628,0 -45.8903274214728,-22.225471307435,0 -45.8903089697506,-22.2254378940047,0 -45.89028752005099,-22.2254060326796,0 -45.8902660703612,-22.2253741713513,0 -45.8902417699393,-22.225344132327,0 -45.8902174695279,-22.2253140932985,0 -45.8901905623658,-22.2252861010756,0 -45.89016365521441,-22.2252581088479,0 -45.8901342394748,-22.2252323435575,0 -45.890104823746,-22.2252065782614,0 -45.8900731919198,-22.225183264139,0 -45.8900415601039,-22.22515995001,0 -45.88997425351269,-22.2251184026302,0 -45.8898678937223,-22.2250383149777,0 -45.8897615340518,-22.2249582272508,0 -45.88948065827239,-22.224690879983,0 -45.88919978355891,-22.2244235321864,0 -45.88901957813239,-22.2242416782334,0 -45.8888393731721,-22.2240598240614,0 -45.8885252628081,-22.2237066121237,0 -45.88821115402809,-22.2233533995125,0 -45.8881922158454,-22.2233273508036,0 -45.88817327766981,-22.2233013020922,0 -45.8881572881046,-22.2232735660765,0 -45.8881412985458,-22.2232458300589,0 -45.88812840540221,-22.2232167672729,0 -45.88811551226419,-22.2231877044857,0 -45.8881059110023,-22.2231575397026,0 -45.8880963097447,-22.2231273749188,0 -45.8880900023518,-22.2230964243031,0 -45.88808369496191,-22.2230654736869,0 -45.8880808295241,-22.2230341429404,0 -45.8880779640878,-22.2230028121937,0 -45.888083036885,-22.2228916267781,0 -45.8880881096775,-22.222780441361,0 -45.8880824499178,-22.2227290714043,0 -45.8880698115369,-22.2226788235647,0 -45.8880504901525,-22.2226304189101,0 -45.8880247819497,-22.2225846688401,0 -45.88799308013191,-22.2225423842244,0 -45.8879557761944,-22.2225041049352,0 -45.88791365084781,-22.2224705493913,0 -45.8878672896232,-22.2224422564063,0 -45.88781747095181,-22.2224195830706,0 -45.88776497383209,-22.2224029768076,0 -45.8872697850531,-22.2222439324775,0 -45.88677459734081,-22.2220848866003,0 -45.886720145864,-22.2220660322585,0 -45.8866682787266,-22.2220415630163,0 -45.8866198708147,-22.2220117451148,0 -45.8865753124822,-22.2219769377716,0 -45.88581708152219,-22.2213364789946,0 -45.88440027335759,-22.2201548292327,0 -45.8836879215079,-22.2195628742583,0 -45.88368175003269,-22.2195746988809,0 -45.88367564117399,-22.2195865516613,0 -45.8836695950796,-22.2195984323063,0 -45.8836636118964,-22.219610340532,0 -45.88365769176941,-22.219622276049,0 -45.8836518348423,-22.2196342385646,0 -45.883646041257,-22.2196462277916,0 -45.8836248370423,-22.2196928372753,0 -45.8836023360475,-22.2197389166685,0 -45.88357855354129,-22.2197844346989,0 -45.88355350566231,-22.2198293604742,0 -45.8835272094083,-22.2198736635118,0 -45.88349968262339,-22.2199173137372,0 -45.88347094398801,-22.2199602815344,0 -45.88341776770869,-22.2200404045208,0 -45.8833597503497,-22.2201175604392,0 -45.88329708235311,-22.2201914960111,0 -45.8832299694283,-22.2202619685384,0 -45.8831586318767,-22.2203287466793,0 -45.8830833038688,-22.2203916112251,0 -45.8830042326754,-22.220450355817,0 -45.8828967908805,-22.2205216485829,0 -45.8827887456714,-22.2205921464339,0 -45.8826801038319,-22.2206618449327,0 -45.88257087218309,-22.220730739711,0 -45.88246105758329,-22.2207988264401,0 -45.8823506669274,-22.220866100844,0 -45.8822397071466,-22.2209325586973,0 -45.88215239002979,-22.2209838230349,0 -45.8820668185551,-22.2210375787042,0 -45.8819830746905,-22.221093774208,0 -45.8819012386536,-22.2211523557237,0 -45.88182138883529,-22.221213267137,0 -45.88174360172399,-22.221276450099,0 -45.8816679518324,-22.2213418440924,0 -45.8815115511312,-22.2214909849261,0 -45.8812782867329,-22.2217515115847,0 -45.8811022596978,-22.2217471351494,0 -45.8809262326666,-22.2217427585234,0 -45.8804190323123,-22.2217096406874,0 -45.8799118321371,-22.2216765212623,0 -45.8795410214563,-22.2216471797853,0 -45.8791702108983,-22.2216178374579,0 -45.8787704718309,-22.2215781716006,0 -45.87837073294881,-22.2215385047531,0 -45.8781285991618,-22.2215252457019,0 -45.8780748312061,-22.2215250397371,0 -45.8778861612232,-22.2215321768278,0 -45.8775412971511,-22.2215414110305,0 -45.8772755390514,-22.2215445666771,0 -45.8771963101209,-22.221544840783,0 -45.8768985158177,-22.2215255798675,0 -45.8766022936089,-22.2214912211729,0 -45.8762739389217,-22.2214533064217,0 -45.8759440925205,-22.2214290920503,0 -45.875584162974,-22.2213866009613,0 -45.8752217798991,-22.2213701958727,0 -45.87491693366769,-22.2213701190493,0 -45.87477963934351,-22.2213650718592,0 -45.8746447007943,-22.2213409589259,0 -45.8745211640803,-22.2213151401509,0 -45.8743966131523,-22.2212939627943,0 -45.8741432100497,-22.221272232735,0 -45.8741133902886,-22.2212727101174,0 -45.8738319366462,-22.2213090111152,0 -45.8731059861901,-22.22146160089,0 -45.8723547769693,-22.2202678691635,0 -45.8711212851432,-22.2208712545034,0 -45.8707130121564,-22.221367604154,0 -45.8715369650484,-22.2224186523062,0 -45.871562,-22.2224599966937,0 -45.8727911042502,-22.224040267534,0 -45.87343822893249,-22.2248725436617,0 -45.87353402884749,-22.2254962287584,0 -45.87291539519111,-22.2276963282438,0 -45.8725877622164,-22.2299367134705,0 -45.872784904059,-22.2312806364893,0 -45.87246712339209,-22.233607981655,0 -45.8721038056008,-22.2347928978724,0 -45.8724463982605,-22.236295056643,0 -45.8726236226735,-22.2372030403912,0 -45.8723988540627,-22.2380995265609,0 -45.8724047317356,-22.23810409496,0 -45.8727268173132,-22.2383518924364,0 -45.8730657936243,-22.2385365092487,0 -45.8735589714704,-22.2387096614795,0 -45.87408138149,-22.2387748686074,0 -45.8742026681891,-22.2387737649027,0 -45.8745000318552,-22.2387537726736,0 -45.87491260182751,-22.2386843085167,0 -45.8749702458451,-22.2386695446695,0 -45.8748098551203,-22.2389834200618,0 -45.8750334713417,-22.2388959500141,0 -45.8752618964492,-22.238820009626,0 -45.87548812100209,-22.2388077520849,0 -45.87598106349,-22.238857962207,0 -45.87652047903539,-22.2390546521044,0 -45.87683051423511,-22.2392178872676,0 -45.8773767754359,-22.2394914243988,0 -45.8776205884016,-22.2396097456455,0 -45.8774962510299,-22.2399547301401,0 -45.8773719130774,-22.2402997145449,0 -45.8773126746135,-22.2404792596461,0 -45.8772902948444,-22.240547312629,0 -45.8774607872457,-22.2405961248149,0 -45.87760492544771,-22.2406939454304,0 -45.8778117288968,-22.2408452407913,0 -45.8779992548564,-22.2410169336112,0 -45.8782424479782,-22.2412940594309,0 -45.8784731022118,-22.2415803252768,0 -45.8786510043778,-22.2417725009877,0 -45.878791732842,-22.2419476685314,0 -45.8789324616598,-22.2421228359382,0 -45.8792571596811,-22.242482421717,0 -45.879611132516,-22.2429145683551,0 -45.87973636380699,-22.2430706677464,0 -45.87986159537849,-22.2432267670293,0 -45.8799579021612,-22.2433505472129,0 -45.88005420911511,-22.2434743273322,0 -45.88017856347469,-22.2436223505769,0 -45.8803400727579,-22.2438609505332,0 -45.8804646995781,-22.2440661539693,0 -45.880544011703,-22.2442900228449,0 -45.88062318628641,-22.2445923979477,0 -45.8806440184317,-22.2448415387075,0 -45.8806509871932,-22.2449993199227,0 -45.8806430355851,-22.2451887821004,0 -45.8805825042948,-22.2455269563641,0 -45.880511067863,-22.2457927861918,0 -45.8803988509093,-22.2460461143574,0 -45.8801773694009,-22.2463553358936,0 -45.8799749348205,-22.2465979192854,0 -45.8799538219602,-22.2466189068007,0 -45.8799302161153,-22.2466472134219,0 -45.8797783823104,-22.2468377993415,0 -45.8796224378131,-22.2470254870165,0 -45.8794754740417,-22.2471928911845,0 -45.879367910027,-22.2473845015814,0 -45.8793195723109,-22.2475784011833,0 -45.8793025275312,-22.2477768201316,0 -45.8792982283267,-22.2478562505664,0 -45.879313762543,-22.2479946089253,0 -45.8794033584548,-22.2482182600024,0 -45.8793511792385,-22.248264184712,0 -45.879335737477,-22.2482777755246,0 -45.8792459839814,-22.2483567705092,0 -45.8791639156319,-22.2484082909142,0 -45.87912210222131,-22.2484412184392,0 -45.87908429216059,-22.2484780990559,0 -45.87905096894969,-22.2485186591466,0 -45.8790225162332,-22.2485621739567,0 -45.8789992234377,-22.2486083709178,0 -45.8789687470074,-22.2486483993052,0 -45.87886701064729,-22.2487726830469,0 -45.8787939871409,-22.2488769583751,0 -45.87877083172319,-22.2489109643724,0 -45.8787232428814,-22.248982586529,0 -45.8786094190302,-22.2491547033845,0 -45.8784955949057,-22.2493268201656,0 -45.87838908013829,-22.2494954216739,0 -45.8782820684681,-22.249663750371,0 -45.8781328469066,-22.2498818685658,0 -45.8779843475842,-22.2501004136142,0 -45.8778064153573,-22.2503589930588,0 -45.8776953883707,-22.250495113449,0 -45.8776009474694,-22.2506201932739,0 -45.8775005065746,-22.2507411550239,0 -45.8773440363357,-22.2509615465567,0 -45.8771758784589,-22.2511743487131,0 -45.8770636507658,-22.2513127482993,0 -45.8770153479433,-22.2513735913251,0 -45.8770644682848,-22.2514073826711,0 -45.8772847440898,-22.2515103395221,0 -45.8772524849103,-22.2515701458515,0 -45.8765954720116,-22.2535223133373,0 -45.875938441807,-22.2554744782936,0 -45.8755903296254,-22.2564877480093,0 -45.8754737071782,-22.2562815537528,0 -45.8753570850808,-22.2560753593963,0 -45.8750433693676,-22.2555034199312,0 -45.8747506499791,-22.2549697542043,0 -45.8745532500912,-22.2548151457945,0 -45.8743844377846,-22.2546772369569,0 -45.8742781863667,-22.2546012945945,0 -45.8741712235033,-22.2544932940441,0 -45.8739778100376,-22.2542449721697,0 -45.8737566874235,-22.253832768814,0 -45.8736400066034,-22.2535521393764,0 -45.8735893885626,-22.2534133649496,0 -45.8735458851856,-22.2532725154369,0 -45.8735107568145,-22.2531355089494,0 -45.8734829514108,-22.2529761798155,0 -45.8734665282209,-22.2527370750543,0 -45.8734670413513,-22.2526566685048,0 -45.873467593921,-22.252354142736,0 -45.8734734736429,-22.252033865041,0 -45.8734720031408,-22.2516246537903,0 -45.8734779881994,-22.2513970012396,0 -45.8734896566837,-22.2511695397146,0 -45.87351751923741,-22.2509048368318,0 -45.87353052175299,-22.250639141844,0 -45.873531641843,-22.2505773795685,0 -45.8735216174391,-22.2504258108015,0 -45.8734770494022,-22.2502163886843,0 -45.8734456309879,-22.2500261668191,0 -45.87344029728369,-22.2499158563612,0 -45.873442361187,-22.2498337337798,0 -45.87342953297441,-22.2496272960415,0 -45.8734167048107,-22.2494208582958,0 -45.8734042099775,-22.2492681683049,0 -45.8733917151776,-22.2491154783094,0 -45.87339300416691,-22.2489555777506,0 -45.8733942931601,-22.2487956771888,0 -45.8734224101374,-22.2485389054478,0 -45.87339909546819,-22.2483181385092,0 -45.8733687751994,-22.2480074601297,0 -45.8733305211607,-22.2476975414306,0 -45.873274357251,-22.2473514359021,0 -45.87320765619229,-22.2470069549561,0 -45.8731301597656,-22.246801485289,0 -45.8730172334092,-22.2466107729203,0 -45.872973708672,-22.2464862615048,0 -45.87294231860369,-22.2463649961524,0 -45.8728118865705,-22.2464212678614,0 -45.8726326547201,-22.2464945708468,0 -45.8725009978218,-22.2466294435744,0 -45.872359391399,-22.2468636586464,0 -45.87222454048381,-22.2471013037547,0 -45.8720680747625,-22.2473780920506,0 -45.871905481914,-22.2476518031497,0 -45.87173069082681,-22.2479156269758,0 -45.87152657902699,-22.2481605265134,0 -45.87128740299569,-22.2484619040796,0 -45.8710599951801,-22.2487710752797,0 -45.87099695286779,-22.2488551771958,0 -45.8708908805675,-22.2489612013854,0 -45.8708459266044,-22.248996976855,0 -45.8706717273703,-22.2491001697584,0 -45.87027721053139,-22.2491957225271,0 -45.869873703876,-22.2492497018336,0 -45.8695754581048,-22.2493147198537,0 -45.8693742210479,-22.2494451048096,0 -45.8692377723558,-22.2496473805482,0 -45.86910623478339,-22.2498690820241,0 -45.8689061941856,-22.2502407978863,0 -45.8688242670056,-22.2503629176909,0 -45.8688268584061,-22.2504026808834,0 -45.8687974023935,-22.2505432473507,0 -45.8687182661968,-22.2506613658907,0 -45.86857206384181,-22.2507660325462,0 -45.8684283109711,-22.2508848630716,0 -45.8681610181809,-22.2510620446936,0 -45.8676976823166,-22.2513863459925,0 -45.8672226277863,-22.2516956085301,0 -45.8669272044187,-22.2518812430958,0 -45.86663178026141,-22.2520668771453,0 -45.8663208816053,-22.2522454114895,0 -45.8660099821473,-22.2524239452603,0 -45.86578742787799,-22.2525530008534,0 -45.8655648731939,-22.2526820561527,0 -45.86537033962631,-22.2527834548024,0 -45.8651758057727,-22.2528848532269,0 -45.86504533729151,-22.2529572740909,0 -45.8648170544888,-22.2530582695519,0 -45.8645738393754,-22.2531222965739,0 -45.8644173975531,-22.253153029782,0 -45.86426095565709,-22.2531837628416,0 -45.86400830668549,-22.2532245376425,0 -45.8637556575535,-22.253265312055,0 -45.8634439801517,-22.2533099679501,0 -45.8631590244654,-22.2533507947191,0 -45.8628526605302,-22.2533931457384,0 -45.86257301835921,-22.2534316677468,0 -45.8623446675507,-22.2534627806212,0 -45.8621163166297,-22.2534938931779,0 -45.861741380419,-22.2535454596615,0 -45.8613751806395,-22.2536363977261,0 -45.86101462178679,-22.2538316539877,0 -45.8606604064447,-22.2540434424902,0 -45.8605355743741,-22.2541654105437,0 -45.8604291978079,-22.2543059171906,0 -45.8602814252225,-22.2545424728263,0 -45.8601162382943,-22.2547688271845,0 -45.8599640533424,-22.2549783539905,0 -45.8597925434259,-22.2551745206628,0 -45.85967398165891,-22.2553411430207,0 -45.8595558451173,-22.2555080269656,0 -45.8595157629475,-22.2556767973145,0 -45.859488530583,-22.2558477736685,0 -45.8594063213033,-22.2560531136023,0 -45.8592984313454,-22.2562478814531,0 -45.85918654079,-22.2564918229093,0 -45.8590831687861,-22.2567389996169,0 -45.85898956215251,-22.2569689467465,0 -45.85889595522481,-22.2571988938254,0 -45.8587908652344,-22.2574396514701,0 -45.8586857748972,-22.2576804090512,0 -45.8585907775831,-22.2578569891623,0 -45.858461879886,-22.2580138461815,0 -45.8583160773449,-22.2582080437428,0 -45.8582230486351,-22.2584285735606,0 -45.858145989079,-22.2586671266705,0 -45.8580590146392,-22.2589027077651,0 -45.8579581147389,-22.2591419702447,0 -45.85784314810649,-22.2593756700966,0 -45.8577663335218,-22.2595454010922,0 -45.8576993729148,-22.2597187104578,0 -45.85768018356909,-22.2598541418619,0 -45.8576537534683,-22.2599885125063,0 -45.85760288222151,-22.2601660139867,0 -45.8575367119017,-22.2603390901309,0 -45.8574606349881,-22.2605222043845,0 -45.8573952329464,-22.2607088574273,0 -45.8572996233856,-22.2609958788675,0 -45.8572193831179,-22.2611878409336,0 -45.85714741231,-22.2613459464735,0 -45.8570754413456,-22.2615040519835,0 -45.8568870007395,-22.2619238414524,0 -45.8567600965806,-22.262100092799,0 -45.8566199690029,-22.2622674405773,0 -45.8564822463635,-22.2624306431482,0 -45.8563528667316,-22.2625996573784,0 -45.8562220247835,-22.2628129224739,0 -45.85612340193259,-22.2630407104142,0 -45.85605935545721,-22.2631971347036,0 -45.85599389314801,-22.2633530504,0 -45.85590448399729,-22.2635431235781,0 -45.8558050824628,-22.2637288472192,0 -45.8556894867769,-22.2639298789259,0 -45.8555609713769,-22.2641239958653,0 -45.85544996393799,-22.2643199419424,0 -45.85534149807349,-22.2645171173978,0 -45.855220769882,-22.2647548686058,0 -45.8550917350705,-22.2649888093196,0 -45.8549730506811,-22.2653415618593,0 -45.8549297203357,-22.2654805797988,0 -45.85486592647211,-22.2656975055667,0 -45.85479634218131,-22.2659085786039,0 -45.8546414756379,-22.2658630068732,0 -45.8544023605726,-22.2658032882052,0 -45.8540664012066,-22.2657140869656,0 -45.8537285395883,-22.2656312185037,0 -45.8534005687394,-22.2655468519998,0 -45.8530341845934,-22.2654657127781,0 -45.8526678008416,-22.2653845727159,0 -45.8525546263119,-22.2653588790556,0 -45.8524414518209,-22.265333185315,0 -45.8523650755161,-22.2653179580191,0 -45.85229012489631,-22.2652977547508,0 -45.85221679461681,-22.2652726648262,0 -45.8521456675339,-22.2652427755254,0 -45.8519989413539,-22.2651897502823,0 -45.8518522152805,-22.2651367249027,0 -45.8516365891459,-22.2650368602601,0 -45.8514209633095,-22.2649369953204,0 -45.8512040044733,-22.2648413376747,0 -45.850987045924,-22.2647456797288,0 -45.8508744215531,-22.2646984821196,0 -45.8507617972556,-22.2646512844297,0 -45.8506768812133,-22.2646200664762,0 -45.85059196520739,-22.2645888484769,0 -45.8505713668011,-22.264576986858,0 -45.850525211081,-22.2645504080098,0 -45.85050667118029,-22.2644947691103,0 -45.8505377438126,-22.2644438285549,0 -45.84706974671621,-22.2633734684558,0 -45.846399,-22.263373996,0 -45.84766599999999,-22.265334996,0 -45.8483064500441,-22.2669375633517,0 -45.849288793769,-22.2706711903902,0 -45.85056156798871,-22.271807043861,0 -45.8530123388691,-22.2703409856061,0 -45.8537480221152,-22.2706333537272,0 -45.8529771751123,-22.272779043435,0 -45.8555915223297,-22.2735549539451,0 -45.8561552817979,-22.2753023023471,0 -45.8576171632852,-22.2757856387872,0 -45.86279934233391,-22.2760712729911,0 -45.8645740658364,-22.2768439657388,0 -45.8674417554999,-22.281084642838,0 -45.8674756250783,-22.2830046432103,0 -45.86800368080151,-22.2837705650553,0 -45.86890139954661,-22.2853785326656,0 -45.8706865768974,-22.285225107094,0 -45.8729679916169,-22.2864478867159,0 -45.87477838959721,-22.2871286202908,0 -45.874288670172,-22.2888637566231,0 -45.87441640945791,-22.2911960265765,0 -45.8721147551236,-22.2911986624609,0 -45.8717558288604,-22.2921941269288,0 -45.8701119755874,-22.2921488919503,0 -45.8700035033069,-22.292804531076,0 -45.8702105829715,-22.2932685221038,0 -45.87014521494499,-22.2940958792172,0 -45.8709108187382,-22.2954506207986,0 -45.8733223225763,-22.2969064836313,0 -45.8780578778455,-22.2986499724434,0 -45.8786414411539,-22.3017150922845,0 -45.8779608666015,-22.3045786961658,0 -45.87773383311579,-22.3081789307825,0 -45.87676978003831,-22.3136407003048,0 -45.8765178870599,-22.3165154720969,0 -45.88223565207559,-22.3190584496025,0 -45.8827211145583,-22.3189804507728,0 -45.8850276074091,-22.3207069617275,0 -45.88204579359831,-22.3250608357236,0 -45.8816728292578,-22.3268218447733,0 -45.8803603476255,-22.3328200184543,0 -45.885577363666,-22.3385701047913,0 -45.88949908474961,-22.3403488821726,0 -45.8765935318581,-22.3607519350873,0 -45.8887065144032,-22.3686146771396,0 -45.8954761635918,-22.3781639053013,0 -45.9004545938387,-22.3789024104474,0 -45.9113697674186,-22.3697161708712,0 -45.9128423270971,-22.3646728290176,0 -45.9235986355482,-22.3681358687747,0 -45.9323224026317,-22.377043669332,0 -45.93484501911701,-22.3786807407514,0 -45.9389360978897,-22.3842620467031,0 -45.9395601372103,-22.3945183808223,0 -45.9466035977978,-22.3945358379264,0 -45.9492667474766,-22.3972534620404,0 -45.95586191557501,-22.3995219443064,0 -45.9607817782671,-22.4041018094192,0 -45.96422113666969,-22.4022278789309,0 -45.9648727654174,-22.4001574595748,0 -45.96413003939439,-22.3978302711412,0 -45.96481198490479,-22.3951205779562,0 -45.9673116351315,-22.3947029929039,0 -45.9667841059182,-22.3921377984827,0 -45.9676582679547,-22.3894533926892,0 -45.9655259806044,-22.389066256895,0 -45.9630643939225,-22.3861518287343,0 -45.9608365503051,-22.3906337125039,0 -45.9599420184741,-22.3903706768456,0 -45.9580985865209,-22.390381607729,0 -45.9504173198002,-22.3806877403398,0 -45.950889295023,-22.3761349500005,0 -45.940860698488,-22.3730291831492,0 -45.9364261505751,-22.3666561054609,0 -45.93640596323269,-22.3636371041334,0 -45.9501781043556,-22.3543356623943,0 -45.94921694703841,-22.3479979733428,0 -45.94891928230669,-22.3479597736997,0 
								</coordinates>
							</LinearRing>
						</outerBoundaryIs>
					</Polygon>
					<Polygon>
						<outerBoundaryIs>
							<LinearRing>
								<coordinates>
									-45.9632455784183,-22.2858599729921,0 -45.9636351742408,-22.2900425007757,0 -45.9649046899793,-22.2949479060916,0 -45.9676770373098,-22.298864429056,0 -45.9685957162525,-22.300698396793,0 -45.9675989389807,-22.3010026337215,0 -45.96740229869731,-22.3017875838566,0 -45.967543678652,-22.302806547263,0 -45.9674507807172,-22.3037586131074,0 -45.9665884031715,-22.3052917981934,0 -45.9646280638669,-22.3052939997407,0 -45.9647833250869,-22.30622776623,0 -45.964397940349,-22.3065766821579,0 -45.9642447206198,-22.3069822310871,0 -45.9652958636068,-22.3090458606802,0 -45.9652766856215,-22.3098964456782,0 -45.96377047512251,-22.3118051597578,0 -45.9645927198019,-22.3149419980072,0 -45.9645075969684,-22.3155490733384,0 -45.9654318447719,-22.3155418057294,0 -45.96773955324261,-22.3190200016649,0 -45.9681550098314,-22.3208745938852,0 -45.9707255932029,-22.3199147830392,0 -45.9725042838882,-22.3201241844162,0 -45.97516627324229,-22.3192741353128,0 -45.9762500404865,-22.3188857764078,0 -45.9795388727131,-22.315472465649,0 -45.980319431779,-22.3148977782077,0 -45.980444435311,-22.3144071427606,0 -45.98069803935001,-22.3133900927743,0 -45.9803457444816,-22.3125404913283,0 -45.9807727955193,-22.3117729153882,0 -45.9824759705162,-22.3108801334275,0 -45.9845224561136,-22.3102205109809,0 -45.9867067830706,-22.3092241178608,0 -45.98754957796711,-22.3090721330303,0 -45.9895500012993,-22.3083921360631,0 -45.9910841576404,-22.3057875769087,0 -45.9906521916558,-22.3051129755188,0 -45.9905433186038,-22.3044360794312,0 -45.9904400043262,-22.3036814262777,0 -45.99002805832391,-22.3032275008497,0 -45.98924880070079,-22.3027727660055,0 -45.9882557986836,-22.3024312509106,0 -45.9878865970607,-22.3018984038308,0 -45.9879087971551,-22.3010198454854,0 -45.9880673109873,-22.3005216048976,0 -45.9877562868812,-22.3002914228999,0 -45.98833691935521,-22.299182404185,0 -45.98887487898351,-22.2989501430532,0 -45.9890977669461,-22.2983921782563,0 -45.9893158438591,-22.2979727641128,0 -45.9892778025842,-22.2976460952517,0 -45.9893280017467,-22.2963345316967,0 -45.9886110268759,-22.2951336670109,0 -45.9878781039484,-22.2953838642992,0 -45.9871840294865,-22.2951490073053,0 -45.9869071046957,-22.2931483120204,0 -45.9857714926768,-22.2926773572721,0 -45.98547887633221,-22.2913799888414,0 -45.9843520601829,-22.2903766154197,0 -45.98394186922589,-22.2884844462767,0 -45.9828115511443,-22.2875373100516,0 -45.9816983445827,-22.28195200257,0 -45.9820490951069,-22.2802220741155,0 -45.98162832801709,-22.2786687400606,0 -45.9808707727002,-22.2780110257738,0 -45.98094936586941,-22.2771728938193,0 -45.9817506960648,-22.2753741957874,0 -45.98180565983661,-22.2743877254022,0 -45.9789431175034,-22.2732215935475,0 -45.9775459878847,-22.2739224107176,0 -45.97891424276839,-22.2680844658732,0 -45.9770096410936,-22.2622870030417,0 -45.977130147338,-22.2569945113533,0 -45.97550917892859,-22.257921936707,0 -45.9735629033278,-22.258576630753,0 -45.9725431782346,-22.2591247309486,0 -45.9704637570376,-22.2617873516021,0 -45.9688154724852,-22.2618497881634,0 -45.9655751820652,-22.2611358520323,0 -45.9647012780018,-22.2593574428753,0 -45.9647071077048,-22.2579630425723,0 -45.96120450926071,-22.2580861550222,0 -45.95772806158681,-22.2601658470977,0 -45.9571079453591,-22.2621500453465,0 -45.9620924167503,-22.2709541379622,0 -45.9620065972628,-22.2728431307626,0 -45.9625482717836,-22.2832637025561,0 -45.9632455784183,-22.2858599729921,0 
								</coordinates>
							</LinearRing>
						</outerBoundaryIs>
					</Polygon>
				</MultiGeometry>
			</Placemark>
		</Folder>
	</Document>
	<Document id="root_doc">
		<name>MRRA.kml</name>
		<Schema name="dissolved" id="dissolved0">
			<SimpleField type="string" name="descriptio"></SimpleField>
			<SimpleField type="string" name="timestamp"></SimpleField>
			<SimpleField type="string" name="begin"></SimpleField>
			<SimpleField type="string" name="end"></SimpleField>
			<SimpleField type="string" name="altitudeMo"></SimpleField>
			<SimpleField type="float" name="tessellate"></SimpleField>
			<SimpleField type="float" name="extrude"></SimpleField>
			<SimpleField type="float" name="visibility"></SimpleField>
			<SimpleField type="float" name="drawOrder"></SimpleField>
			<SimpleField type="string" name="icon"></SimpleField>
			<SimpleField type="string" name="layer"></SimpleField>
			<SimpleField type="string" name="path"></SimpleField>
		</Schema>
		<StyleMap id="m_ylw-pushpin4">
			<Pair>
				<key>normal</key>
				<styleUrl>#s_ylw-pushpin4</styleUrl>
			</Pair>
			<Pair>
				<key>highlight</key>
				<styleUrl>#s_ylw-pushpin_hl4</styleUrl>
			</Pair>
		</StyleMap>
		<Style id="s_ylw-pushpin4">
			<IconStyle>
				<scale>1.1</scale>
				<Icon>
					<href>http://maps.google.com/mapfiles/kml/pushpin/ylw-pushpin.png</href>
				</Icon>
				<hotSpot x="20" y="2" xunits="pixels" yunits="pixels"/>
			</IconStyle>
			<LineStyle>
				<color>ff7fff55</color>
			</LineStyle>
			<PolyStyle>
				<color>807fff55</color>
			</PolyStyle>
		</Style>
		<Style id="s_ylw-pushpin_hl4">
			<IconStyle>
				<scale>1.3</scale>
				<Icon>
					<href>http://maps.google.com/mapfiles/kml/pushpin/ylw-pushpin.png</href>
				</Icon>
				<hotSpot x="20" y="2" xunits="pixels" yunits="pixels"/>
			</IconStyle>
			<LineStyle>
				<color>ff7fff55</color>
			</LineStyle>
			<PolyStyle>
				<color>807fff55</color>
			</PolyStyle>
		</Style>
		<Folder>
			<name>dissolved</name>
			<Placemark>
				<name>MacroÃ¡rea de resiliÃªncia e recuperaÃ§Ã£o ambiental;</name>
				<styleUrl>#m_ylw-pushpin4</styleUrl>
				<ExtendedData>
					<SchemaData schemaUrl="#dissolved0">
						<SimpleData name="descriptio">A macroÃ¡rea de resiliÃªncia e recuperaÃ§Ã£o ambiental visa a reduÃ§Ã£o da vulnerabilidade ambiental em Ã¡reas localizadas no extremo da Ã¡rea urbanizada do municÃ­pio, que possuem intersecÃ§Ã£o com Ã¡reas de interesse ambiental, alÃ©m de Ã¡reas com elev</SimpleData>
						<SimpleData name="tessellate">1</SimpleData>
						<SimpleData name="extrude">0</SimpleData>
						<SimpleData name="visibility">-1</SimpleData>
						<SimpleData name="layer">10_MacroÃ¡rea de resiliÃªncia e recuperaÃ§Ã£o ambiental</SimpleData>
						<SimpleData name="path">C:/Users/User/Desktop/ISA - QGIS/QGIS ANEXOS/SHAPES/MDR/MACROA. RESIL. E REC. AMB/10_MacroÃ¡rea de resiliÃªncia e recuperaÃ§Ã£o ambiental.shp</SimpleData>
					</SchemaData>
				</ExtendedData>
				<MultiGeometry>
					<Polygon>
						<outerBoundaryIs>
							<LinearRing>
								<coordinates>
									-45.9909342358415,-22.2349424294409,0 -45.9898423703358,-22.234396079178,0 -45.9886984495498,-22.2338827426144,0 -45.9880947276669,-22.2338134702086,0 -45.9869112996948,-22.2334851429461,0 -45.98564107374611,-22.2334979037036,0 -45.98420711701049,-22.2333604654246,0 -45.9832049762458,-22.2339002017225,0 -45.9826515398768,-22.2343561117362,0 -45.9839495821772,-22.2349062789899,0 -45.98372580379931,-22.2361049938361,0 -45.9840967671174,-22.2367441934171,0 -45.9842725794128,-22.2378808419154,0 -45.9839063833605,-22.2386786670328,0 -45.9835065330713,-22.2392742435477,0 -45.98378645770399,-22.2399934920332,0 -45.9842683941048,-22.2399622939776,0 -45.9890895284484,-22.2386735018517,0 -45.9958080294045,-22.2377189839971,0 -45.99788778526871,-22.2394827663376,0 -46.00033230390981,-22.2386428649865,0 -46.00491429808629,-22.2406583481114,0 -46.0048132575622,-22.2464852519558,0 -46.0048077039004,-22.2466748727565,0 -46.00325173394461,-22.250917453806,0 -46.00321629934399,-22.2511645673567,0 -46.0014110642471,-22.2543772551066,0 -46.0001576889031,-22.2572342679661,0 -46.0006138131443,-22.2576128252308,0 -46.0039830100586,-22.2564264437321,0 -46.0140399408299,-22.2552548164058,0 -46.01408189528291,-22.2552510689639,0 -46.02223269877851,-22.2570532496766,0 -46.0273329160663,-22.2576923284318,0 -46.0275116882112,-22.2576588325205,0 -46.0345819384885,-22.2553239204757,0 -46.0346738496945,-22.2552816202559,0 -46.0351285038357,-22.2552479125214,0 -46.039303575191,-22.2566082324705,0 -46.039479539087,-22.2566596775432,0 -46.0440822968044,-22.2557302676111,0 -46.0475199944519,-22.2522071957938,0 -46.0520453358012,-22.2536878315775,0 -46.057039225523,-22.2507927033122,0 -46.052151953537,-22.2451603885221,0 -46.0487613718428,-22.2414144446482,0 -46.0455381253991,-22.2410410133021,0 -46.04037677032981,-22.2379728421869,0 -46.04033713753879,-22.2379300084317,0 -46.0388138552889,-22.2345822825565,0 -46.0388157121929,-22.2345247678169,0 -46.03950240602,-22.2319178902447,0 -46.0369904889932,-22.2309529328574,0 -46.0343031644434,-22.2312112486031,0 -46.0330500530086,-22.2331364825092,0 -46.0272303658118,-22.2320323055205,0 -46.0271867895834,-22.2320622219607,0 -46.0275885896695,-22.2353705420745,0 -46.026210578849,-22.2382448239949,0 -46.0226712319156,-22.23921196229,0 -46.0235345160967,-22.2416406122809,0 -46.0214483522997,-22.2422547252759,0 -46.0144496630813,-22.2409848463434,0 -46.0103017597238,-22.240309002733,0 -46.0122654619507,-22.2346095694886,0 -46.00620573413409,-22.2332018768671,0 -46.0019542951282,-22.2327250999497,0 -45.997207848925,-22.2344442622899,0 -45.9935970587635,-22.2353966247346,0 -45.99383004097481,-22.2356568644484,0 -45.9932516059799,-22.2359094973134,0 -45.9916142568528,-22.2353410561482,0 -45.9909342358415,-22.2349424294409,0 
								</coordinates>
							</LinearRing>
						</outerBoundaryIs>
					</Polygon>
					<Polygon>
						<outerBoundaryIs>
							<LinearRing>
								<coordinates>
									-45.9030712959337,-22.1957492409187,0 -45.904335363445,-22.1966719465435,0 -45.9048213927998,-22.1963556105111,0 -45.9063582852106,-22.1960981334269,0 -45.9061563223414,-22.1970989537964,0 -45.904996690748,-22.1982231716787,0 -45.9046361107049,-22.1994778443016,0 -45.90508809108221,-22.2001764889526,0 -45.9071552982616,-22.2008955495041,0 -45.9071466180735,-22.2017938828036,0 -45.9085186668046,-22.2029663289233,0 -45.9095424820766,-22.2026689895877,0 -45.910556484448,-22.2026451384845,0 -45.9120187760829,-22.2031353570731,0 -45.916946127384,-22.2000962405667,0 -45.9159589636559,-22.1959157016677,0 -45.9179982335539,-22.1916975083389,0 -45.9170451066726,-22.191376722453,0 -45.9154060642406,-22.1911148043988,0 -45.91536997167169,-22.1911163192925,0 -45.91206750731931,-22.1913221977901,0 -45.9091191461186,-22.1918491033221,0 -45.9051093452781,-22.191738658256,0 -45.9027329269028,-22.1928007947534,0 -45.9010990841731,-22.19214754236,0 -45.8995935341827,-22.1923197233079,0 -45.8985011846495,-22.1909058358251,0 -45.897610910683,-22.1903637887333,0 -45.89920135556401,-22.1922524245585,0 -45.8995174050015,-22.1932161352712,0 -45.9003567097335,-22.1942317678833,0 -45.9004207643025,-22.1950203941889,0 -45.9012707648876,-22.1951749776897,0 -45.9030712959337,-22.1957492409187,0 
								</coordinates>
							</LinearRing>
						</outerBoundaryIs>
					</Polygon>
					<Polygon>
						<outerBoundaryIs>
							<LinearRing>
								<coordinates>
									-45.89724891168309,-22.1901433814641,0 -45.897610910683,-22.1903637887333,0 -45.8973606592138,-22.1900666116408,0 -45.89724891168309,-22.1901433814641,0 
								</coordinates>
							</LinearRing>
						</outerBoundaryIs>
					</Polygon>
					<Polygon>
						<outerBoundaryIs>
							<LinearRing>
								<coordinates>
									-45.9125385977254,-22.1667461140767,0 -45.9131647155985,-22.1620177358658,0 -45.91040811179359,-22.1605607440033,0 -45.90880620105761,-22.1596824134271,0 -45.9023541011271,-22.1561619900871,0 -45.8976680160373,-22.1581577762233,0 -45.8952089148595,-22.1620522365203,0 -45.89275673427209,-22.1630025369019,0 -45.89136126784251,-22.165665834313,0 -45.8908539769817,-22.1686827554598,0 -45.89154135660391,-22.1709432002326,0 -45.89408984398381,-22.1752094196675,0 -45.897142041966,-22.1774964367382,0 -45.9002486757687,-22.178682831311,0 -45.9029305686228,-22.1772455469778,0 -45.9029905174413,-22.1771970778848,0 -45.9030782470481,-22.1770938255527,0 -45.9031775932971,-22.1769642675153,0 -45.90330698808229,-22.176841819579,0 -45.9060879971179,-22.1751398032359,0 -45.9095167647623,-22.1734999112459,0 -45.9121117026002,-22.1725310619842,0 -45.9124652849451,-22.1706788805248,0 -45.9124451241039,-22.1706428483863,0 -45.9125385977254,-22.1667461140767,0 
								</coordinates>
							</LinearRing>
						</outerBoundaryIs>
					</Polygon>
					<Polygon>
						<outerBoundaryIs>
							<LinearRing>
								<coordinates>
									-45.9268478754241,-22.1274476983951,0 -45.930943170006,-22.129618262615,0 -45.9326261654094,-22.1302791095935,0 -45.9366744171707,-22.130736839654,0 -45.9395620909711,-22.1298580567898,0 -45.9421784157717,-22.129307864998,0 -45.9448436567138,-22.1297921504016,0 -45.94717853835801,-22.1336351891871,0 -45.9472742603847,-22.1336507567175,0 -45.9488818568034,-22.1328924195274,0 -45.94983350787221,-22.1315960716589,0 -45.9504768189818,-22.131691717873,0 -45.9541503185809,-22.1318427930975,0 -45.95416122331339,-22.1318198747717,0 -45.95572593942521,-22.1309168672493,0 -45.9558517369703,-22.1309293552959,0 -45.9582781060738,-22.1330228958818,0 -45.9583161719903,-22.1331022983068,0 -45.9583676550682,-22.1331244143889,0 -45.9597137169986,-22.1346953477454,0 -45.9647402782448,-22.1367024278341,0 -45.96834088521399,-22.1384415585516,0 -45.96841816500991,-22.1383737314112,0 -45.968428568879,-22.13835689213,0 -45.9691919728205,-22.1378159373218,0 -45.9691620409377,-22.1377757182475,0 -45.9691154508097,-22.1376753721639,0 -45.9690557160081,-22.1375937777326,0 -45.9689388072894,-22.1375231579495,0 -45.96852700000001,-22.137120996,0 -45.966839,-22.135551996,0 -45.965761,-22.134155996,0 -45.962899,-22.130777996,0 -45.96040600000001,-22.128486996,0 -45.96021099999999,-22.127983996,0 -45.96002,-22.127699996,0 -45.95996317099999,-22.127299738,0 -45.959474,-22.127007996,0 -45.959408,-22.126778996,0 -45.95952699999999,-22.126568996,0 -45.95969699999999,-22.126416996,0 -45.959704,-22.126185996,0 -45.95965,-22.125933996,0 -45.959115,-22.125770996,0 -45.958713033,-22.125906727,0 -45.958391,-22.125967996,0 -45.95810400000001,-22.125857996,0 -45.958125,-22.125638996,0 -45.958082,-22.125386996,0 -45.957846,-22.125321996,0 -45.957861,-22.124861996,0 -45.957235069,-22.124618562,0 -45.956957,-22.124716996,0 -45.956545,-22.125103996,0 -45.956426,-22.125347996,0 -45.956438,-22.125887996,0 -45.956535,-22.126392996,0 -45.956556,-22.126852996,0 -45.956425,-22.127050996,0 -45.956094292,-22.127286381,0 -45.95567,-22.126994996,0 -45.955424,-22.127033996,0 -45.955090708,-22.127333077,0 -45.95479899999999,-22.127286996,0 -45.95468400000001,-22.127081996,0 -45.954704,-22.126850996,0 -45.95466200000001,-22.126609996,0 -45.954462,-22.126486996,0 -45.954215,-22.126502996,0 -45.953969,-22.126564996,0 -45.95369800000001,-22.126604996,0 -45.953474,-22.126493996,0 -45.953322,-22.126323996,0 -45.953028,-22.125833996,0 -45.952974,-22.125616996,0 -45.953031,-22.125373996,0 -45.9532,-22.125197996,0 -45.953463932,-22.125110145,0 -45.953704,-22.125073996,0 -45.953798,-22.124864996,0 -45.953378,-22.124227996,0 -45.95318099999999,-22.123702996,0 -45.953042,-22.123520996,0 -45.952804,-22.123386996,0 -45.95225799999999,-22.123235996,0 -45.95196099999999,-22.123229996,0 -45.95144199999999,-22.123215996,0 -45.951207,-22.123185996,0 -45.95064799999999,-22.123045996,0 -45.95035,-22.122947996,0 -45.949879,-22.122875996,0 -45.949384,-22.122837996,0 -45.94913699999999,-22.122819996,0 -45.948543,-22.122772996,0 -45.948272,-22.122777996,0 -45.94804612400001,-22.122810502,0 -45.948001,-22.122816996,0 -45.947768,-22.122924996,0 -45.947587,-22.123111996,0 -45.947592,-22.123341996,0 -45.94746,-22.123528996,0 -45.94721200000001,-22.123509996,0 -45.946988,-22.123410996,0 -45.946753281,-22.123369224,0 -45.946519,-22.123441996,0 -45.94635,-22.123617996,0 -45.946193,-22.123804996,0 -45.946050225,-22.123849728,0 -45.945725,-22.123858996,0 -45.9454894240746,-22.1238777224023,0 -45.945262,-22.123544996,0 -45.94508499999999,-22.123375996,0 -45.944861,-22.123263996,0 -45.944364,-22.123146996,0 -45.94414,-22.123069996,0 -45.94389,-22.122890996,0 -45.94351099999999,-22.122482996,0 -45.943334,-22.122290996,0 -45.942969,-22.121962996,0 -45.942952,-22.121744996,0 -45.942886,-22.121515996,0 -45.94274500000001,-22.121276996,0 -45.942533,-22.121166996,0 -45.941813,-22.121005996,0 -45.941649,-22.120847996,0 -45.941371,-22.120506996,0 -45.941133,-22.120350996,0 -45.94081599999999,-22.119975996,0 -45.94025600000001,-22.119732996,0 -45.939449,-22.119551996,0 -45.938709,-22.119576996,0 -45.938208696,-22.119686598,0 -45.93789900000001,-22.119820996,0 -45.937484,-22.120081996,0 -45.93729,-22.120245996,0 -45.936825,-22.120484996,0 -45.936631,-22.120625996,0 -45.936486,-22.120801996,0 -45.93627799999999,-22.120908996,0 -45.936032,-22.120958996,0 -45.935785,-22.120951996,0 -45.935548,-22.120829996,0 -45.93537,-22.120579996,0 -45.935162601,-22.120574118,0 -45.93489100000001,-22.120702996,0 -45.934809,-22.120922996,0 -45.934575,-22.120973996,0 -45.934351,-22.120896996,0 -45.934163,-22.120761996,0 -45.933899,-22.120524996,0 -45.933404,-22.120487996,0 -45.93318,-22.120376996,0 -45.932979,-22.120219996,0 -45.933012,-22.119999996,0 -45.93292099999999,-22.119794996,0 -45.932402,-22.119780996,0 -45.93226200000001,-22.119598996,0 -45.932252,-22.119104996,0 -45.932018,-22.119119996,0 -45.931783,-22.119089996,0 -45.93155600000001,-22.118897996,0 -45.931344,-22.118763996,0 -45.93088300000001,-22.118564996,0 -45.930335,-22.118332996,0 -45.930083,-22.118118996,0 -45.929919,-22.117948996,0 -45.929702255,-22.117902675,0 -45.929464,-22.118014996,0 -45.92933506199999,-22.118131182,0 -45.928770478,-22.117924229,0 -45.9285,-22.118008996,0 -45.928633,-22.118466996,0 -45.928527,-22.118721996,0 -45.92827,-22.118818996,0 -45.927717,-22.118966996,0 -45.92754800000001,-22.119153996,0 -45.927341,-22.119294996,0 -45.927157272,-22.119398739,0 -45.926862,-22.119430996,0 -45.92664899999999,-22.119272996,0 -45.926508,-22.119045996,0 -45.926437,-22.118586996,0 -45.92643199999999,-22.118321996,0 -45.926452,-22.118090996,0 -45.92645424460059,-22.1178456676122,0 -45.926537,-22.117422996,0 -45.926532,-22.117191996,0 -45.926368,-22.116999996,0 -45.92583299999999,-22.116824996,0 -45.925019,-22.116850996,0 -45.924806,-22.116739996,0 -45.924521,-22.116686996,0 -45.92406963399999,-22.116720394,0 -45.923783,-22.116837996,0 -45.923611819,-22.116978662,0 -45.923352,-22.116903996,0 -45.923225,-22.116709996,0 -45.92312200000001,-22.116504996,0 -45.92297,-22.116323996,0 -45.922555137,-22.116369293,0 -45.922258,-22.116508996,0 -45.922037,-22.116592996,0 -45.921802,-22.116562996,0 -45.921294,-22.116502996,0 -45.921086,-22.116609996,0 -45.92093,-22.116796996,0 -45.920748,-22.116995996,0 -45.920542321,-22.11714291,0 -45.920259,-22.117199996,0 -45.91998699999999,-22.117215996,0 -45.919752,-22.117208996,0 -45.919564,-22.117050996,0 -45.919412,-22.116857996,0 -45.918986,-22.116543996,0 -45.918525,-22.116367996,0 -45.91803,-22.116306996,0 -45.917549,-22.116349996,0 -45.91751706951751,-22.1163905740859,0 -45.9174520452637,-22.1162600093226,0 -45.91675029147441,-22.1170044213908,0 -45.9135424501152,-22.1204841904128,0 -45.9212006405583,-22.1211111877109,0 -45.9239463648985,-22.1237614159236,0 -45.92373299648149,-22.1248448795098,0 -45.9240131680704,-22.1261763843617,0 -45.9259265611629,-22.1264650893345,0 -45.9268478754241,-22.1274476983951,0 
								</coordinates>
							</LinearRing>
						</outerBoundaryIs>
					</Polygon>
					<Polygon>
						<outerBoundaryIs>
							<LinearRing>
								<coordinates>
									-45.877832419,-22.203782202,0 -45.87788644399999,-22.204230484,0 -45.877010762,-22.205504349,0 -45.87657704599999,-22.206384466,0 -45.87656154999999,-22.207643109,0 -45.87631063,-22.208245978,0 -45.87568541500001,-22.209019943,0 -45.87567963400001,-22.209630318,0 -45.87580967500001,-22.209881774,0 -45.87728815,-22.210720499,0 -45.877142851,-22.210935672,0 -45.87628668,-22.211687934,0 -45.876046341,-22.212259733,0 -45.875976528,-22.213478243,0 -45.87580602,-22.213712398,0 -45.87529027499999,-22.213912714,0 -45.8758873375197,-22.2146483939926,0 -45.8758783899801,-22.2161075142579,0 -45.8767819237414,-22.2169868088973,0 -45.8769370612118,-22.2173844861071,0 -45.8782579292227,-22.2172866350373,0 -45.8803323256594,-22.2182321334956,0 -45.88302068333,-22.2194345373384,0 -45.88396171770399,-22.2178460112452,0 -45.88547323954209,-22.2176656123218,0 -45.8867368386776,-22.2174882548458,0 -45.88727599677171,-22.2175825546721,0 -45.8875837438306,-22.2167099669393,0 -45.8882274144158,-22.2163541071207,0 -45.8916182847325,-22.2128887917431,0 -45.8913194987153,-22.2122531682022,0 -45.89156954759879,-22.21083009688,0 -45.8930001277023,-22.2105679057616,0 -45.8940314019606,-22.2092716901772,0 -45.8941982176961,-22.2082567667852,0 -45.8943898101339,-22.20750611289,0 -45.8946144138956,-22.2069968114844,0 -45.8954305388213,-22.2063226337199,0 -45.89601779280489,-22.2063434191976,0 -45.89664093328831,-22.2059459228702,0 -45.8972392678165,-22.2043615431397,0 -45.8971915011623,-22.2040074806496,0 -45.896067124743,-22.2024620398696,0 -45.8949634507654,-22.2009612707703,0 -45.8925866074447,-22.1990692049089,0 -45.892394731601,-22.1985434988547,0 -45.8911205106315,-22.1977880100802,0 -45.8912028117277,-22.1976021278101,0 -45.8911014176087,-22.197794549757,0 -45.88878555864721,-22.1968678354204,0 -45.885593009465,-22.1961791905588,0 -45.8852522375282,-22.1958214551843,0 -45.8836347783885,-22.1950845509883,0 -45.880914934396,-22.1960287053118,0 -45.8777820298772,-22.1959070077099,0 -45.8759558334996,-22.1968757220535,0 -45.87536239166539,-22.1963793792335,0 -45.87555825399999,-22.196885978,0 -45.87602921600001,-22.199256239,0 -45.875919531,-22.200492411,0 -45.876191978,-22.201450965,0 -45.877124087,-22.202597523,0 -45.877832419,-22.203782202,0 
								</coordinates>
							</LinearRing>
						</outerBoundaryIs>
					</Polygon>
					<Polygon>
						<outerBoundaryIs>
							<LinearRing>
								<coordinates>
									-45.8917667208368,-22.1963284894212,0 -45.8912028117277,-22.1976021278101,0 -45.8918769108149,-22.1963228334519,0 -45.89188967820679,-22.1956720880326,0 -45.8917667208368,-22.1963284894212,0 
								</coordinates>
							</LinearRing>
						</outerBoundaryIs>
					</Polygon>
					<Polygon>
						<outerBoundaryIs>
							<LinearRing>
								<coordinates>
									-45.8959575848676,-22.1908515363946,0 -45.8940505825361,-22.1923906107122,0 -45.8925597230499,-22.1935823683261,0 -45.8919136098559,-22.1944523073117,0 -45.89188967820679,-22.1956720880326,0 -45.8921084520494,-22.1945041616311,0 -45.8930586004565,-22.1932944352475,0 -45.8949496153281,-22.1917229480231,0 -45.89724891168309,-22.1901433814641,0 -45.8968603241078,-22.1899067837366,0 -45.8959575848676,-22.1908515363946,0 
								</coordinates>
							</LinearRing>
						</outerBoundaryIs>
					</Polygon>
					<Polygon>
						<outerBoundaryIs>
							<LinearRing>
								<coordinates>
									-45.8458936950791,-22.1178395511435,0 -45.84466538146831,-22.1171614638752,0 -45.84403068287511,-22.1174841531498,0 -45.84300015626919,-22.1171244385058,0 -45.84094804873361,-22.117910723447,0 -45.8401131333998,-22.1175043533534,0 -45.8391245641538,-22.1159580253287,0 -45.8385842874027,-22.1156870219858,0 -45.8389224797647,-22.1149095796899,0 -45.8384314456535,-22.1146839524891,0 -45.8382804943718,-22.1140002811888,0 -45.8377864992575,-22.1132727398459,0 -45.8372475822216,-22.1132298734755,0 -45.83656499157699,-22.1137352983964,0 -45.83524258280639,-22.1136964365457,0 -45.8350512778911,-22.1144731208449,0 -45.8337328862749,-22.115118673079,0 -45.8324564867133,-22.1145776264308,0 -45.8320160380646,-22.1146255005611,0 -45.830884415326,-22.1137186652727,0 -45.8291191585576,-22.1133169674161,0 -45.8291156906338,-22.1127237972729,0 -45.8282832365145,-22.112728020791,0 -45.82725251514599,-22.1123225757502,0 -45.8263729563195,-22.112646436999,0 -45.8261786796379,-22.1129211989046,0 -45.8253959884371,-22.1130620455912,0 -45.8248051873487,-22.1125174717169,0 -45.8242040700515,-22.1123072669808,0 -45.822802158915,-22.1126161766399,0 -45.82291859860981,-22.1140744912589,0 -45.82270323153701,-22.1141761900984,0 -45.8223836812269,-22.1149324034414,0 -45.8214667589605,-22.1150879386709,0 -45.8211994404506,-22.1155420454683,0 -45.8203359190149,-22.1155966920556,0 -45.8201754089664,-22.1158490329451,0 -45.8201806466705,-22.1167545316629,0 -45.81964134075161,-22.1168578531351,0 -45.8188329613216,-22.1171134430396,0 -45.8181293639156,-22.1168151275629,0 -45.81758628513781,-22.1162644706147,0 -45.817055,-22.115563996,0 -45.816904396,-22.117158822,0 -45.817213644,-22.118065788,0 -45.81785812100001,-22.118780501,0 -45.81857918899999,-22.120045853,0 -45.818892346,-22.120927656,0 -45.818766645,-22.123439838,0 -45.819707748241,-22.1263546883303,0 -45.81976494,-22.126773058,0 -45.821425161,-22.128650835,0 -45.822221411,-22.130512607,0 -45.82327838299999,-22.131609059,0 -45.824332599,-22.132272119,0 -45.82507417,-22.132502962,0 -45.82588982099999,-22.132614105,0 -45.826606877,-22.1324707,0 -45.82777846799999,-22.131816926,0 -45.82894587000001,-22.131344447,0 -45.829794621,-22.131319818,0 -45.830537027,-22.131508781,0 -45.83145088999999,-22.13199035,0 -45.832761644,-22.133447758,0 -45.83359298599999,-22.134496727,0 -45.834084314,-22.134472186,0 -45.83455150099999,-22.134089553,0 -45.834832797,-22.133064662,0 -45.834828595,-22.132015082,0 -45.835315424,-22.130343859,0 -45.83688280600001,-22.127330402,0 -45.837452636,-22.125904621,0 -45.838122321,-22.125570294,0 -45.839024468,-22.125525876,0 -45.83984865400001,-22.125721679,0 -45.84095556,-22.126363109,0 -45.8416168048194,-22.1269882472504,0 -45.842998222,-22.128400006,0 -45.8445891446813,-22.1294199023643,0 -45.845234212,-22.129839779,0 -45.84577514599999,-22.130340838,0 -45.845929304,-22.13146253,0 -45.846294722,-22.132153816,0 -45.846939283,-22.132440085,0 -45.847665105,-22.132487376,0 -45.848049528,-22.132750036,0 -45.847962219,-22.133632647,0 -45.846731528,-22.13523271,0 -45.84565134299999,-22.135759084,0 -45.84407660399999,-22.136044027,0 -45.842092065,-22.136090687,0 -45.84037071,-22.135871993,0 -45.839335335,-22.136188589,0 -45.83837580699999,-22.13777171,0 -45.838296847282,-22.1390503045962,0 -45.837246731,-22.142153579,0 -45.83436984899999,-22.146112147,0 -45.833365706,-22.146847781,0 -45.832183324,-22.147040318,0 -45.831592137,-22.147302271,0 -45.831230654,-22.148012037,0 -45.83122751699999,-22.148624064,0 -45.83153712199999,-22.149364162,0 -45.833650571,-22.152276957,0 -45.833830896,-22.152944094,0 -45.83387555,-22.153856383,0 -45.835116616,-22.157931543,0 -45.83586502400001,-22.158785603,0 -45.8365910022951,-22.1591127248442,0 -45.839211279722,-22.1599520263899,0 -45.839891693,-22.16023675,0 -45.8401888100302,-22.1603205996055,0 -45.8439802624104,-22.1637249377587,0 -45.845203147,-22.165076185,0 -45.84621182599999,-22.166564111,0 -45.847218961,-22.167710944,0 -45.849186394,-22.16895637,0 -45.850485389,-22.170520072,0 -45.8508143127823,-22.1724119411548,0 -45.851485979,-22.174204929,0 -45.85212281900001,-22.174903727,0 -45.852852034,-22.175493909,0 -45.853780478,-22.175984565,0 -45.854248443,-22.176231871,0 -45.85573079,-22.177259962,0 -45.856165036,-22.17788538,0 -45.85644333399999,-22.179141177,0 -45.85682475399999,-22.179696453,0 -45.857396739,-22.180128768,0 -45.858380314,-22.18048856,0 -45.86007019,-22.181847864,0 -45.86001528800001,-22.18234915,0 -45.859591227,-22.182957763,0 -45.85826979000001,-22.184144846,0 -45.857676689,-22.185316311,0 -45.857394577,-22.186356644,0 -45.85733745999999,-22.187684141,0 -45.85761307599999,-22.188709169,0 -45.858168616,-22.189355333,0 -45.85814106600001,-22.189838911,0 -45.857856102,-22.190445623,0 -45.857403727,-22.190748101,0 -45.856999785,-22.190766971,0 -45.856405802,-22.190249668,0 -45.8560206785932,-22.1895716894971,0 -45.85595509,-22.189212506,0 -45.855416378,-22.188440349,0 -45.8549379491237,-22.1878800190967,0 -45.854311673,-22.187217295,0 -45.853618166,-22.185982732,0 -45.853131915,-22.185625388,0 -45.852493982,-22.185534964,0 -45.849841281,-22.187436348,0 -45.847803528,-22.18804824,0 -45.84749336199999,-22.188461728,0 -45.847845359,-22.189789674,0 -45.85085288,-22.192395054,0 -45.851725071,-22.193629997,0 -45.851932153,-22.194516747,0 -45.853211739,-22.195646445,0 -45.854591283,-22.196455636,0 -45.856355739,-22.196831131,0 -45.857243839,-22.196721468,0 -45.858138814,-22.196416762,0 -45.85900934199999,-22.196380001,0 -45.859796926,-22.196539778,0 -45.8615772878731,-22.1976354675487,0 -45.8627253753608,-22.1984760301281,0 -45.8633926929686,-22.1988852240184,0 -45.86370946441541,-22.1993478661711,0 -45.8637850140239,-22.1996226192193,0 -45.86382573467129,-22.2002414992204,0 -45.86381231783591,-22.2010670316926,0 -45.8639614204996,-22.2012898030076,0 -45.863701007,-22.201825923,0 -45.86389241100001,-22.202329539,0 -45.86443316599999,-22.202474139,0 -45.865922964,-22.202062891,0 -45.8675466450922,-22.2014736567213,0 -45.870149365,-22.200640828,0 -45.87183866677429,-22.198314805877,0 -45.872828941,-22.196032636,0 -45.8726662376573,-22.1956160059448,0 -45.87022752957111,-22.1964645178966,0 -45.8697737561675,-22.1952053333829,0 -45.8698779364508,-22.1907658540002,0 -45.8685434677258,-22.1909144988657,0 -45.86351845927859,-22.1891308590968,0 -45.86360644340039,-22.1868954110127,0 -45.8655527310756,-22.1837061436367,0 -45.8639651543424,-22.1823842479439,0 -45.8611821496217,-22.1802713036372,0 -45.8584181523949,-22.175696935682,0 -45.8526518823721,-22.168981003931,0 -45.8492774468751,-22.1624054959518,0 -45.8455500699252,-22.1584538267468,0 -45.8428604434012,-22.154437474654,0 -45.8444259042643,-22.1472795847939,0 -45.8450418824539,-22.1438759949055,0 -45.8466278395684,-22.1396599060632,0 -45.84880913255889,-22.1353053073502,0 -45.8531028947646,-22.1326346664483,0 -45.8558490586804,-22.1332532191112,0 -45.8586669096344,-22.1304440739576,0 -45.8617707593612,-22.1307093206728,0 -45.8625946961771,-22.1264104806214,0 -45.8637273180639,-22.1240433822458,0 -45.8661869006685,-22.1225349373663,0 -45.87135717245539,-22.1242238823847,0 -45.87290117327219,-22.123860471104,0 -45.8751483704433,-22.1237975182014,0 -45.87789747744181,-22.1227215261094,0 -45.8802029429145,-22.1248621345717,0 -45.8817490245982,-22.1234001193756,0 -45.8860639022875,-22.1208944327609,0 -45.88909606222249,-22.1216845071916,0 -45.8909926468781,-22.1212696739483,0 -45.8941363561291,-22.1214059737959,0 -45.8992249438624,-22.1229403353161,0 -45.9014047190903,-22.1213615263923,0 -45.904374545067,-22.1201918015658,0 -45.9085969624383,-22.1205981692022,0 -45.91351269608071,-22.1204386866376,0 -45.91675029147441,-22.1170044213908,0 -45.9173391976818,-22.1163655689183,0 -45.9172224912683,-22.1162075043321,0 -45.91666010316651,-22.1162873273148,0 -45.91654499999999,-22.116183996,0 -45.916479,-22.115954996,0 -45.916303,-22.115808996,0 -45.916044,-22.115812996,0 -45.915628636,-22.115991339,0 -45.915307,-22.116032996,0 -45.91505899999999,-22.115968996,0 -45.914907,-22.115786996,0 -45.91485299999999,-22.115545996,0 -45.914836,-22.115304996,0 -45.914654,-22.114859996,0 -45.914587,-22.114618996,0 -45.914349,-22.114473996,0 -45.91408899999999,-22.114431996,0 -45.91365800000001,-22.113852996,0 -45.913446,-22.113752996,0 -45.9130551909267,-22.1137992842999,0 -45.912607,-22.113790996,0 -45.912126,-22.113856996,0 -45.911879,-22.113860996,0 -45.91162000000001,-22.113842996,0 -45.91120800000001,-22.113631996,0 -45.911067,-22.113403996,0 -45.91075099999999,-22.113029996,0 -45.910241,-22.112865996,0 -45.910064,-22.112661996,0 -45.909736,-22.112299996,0 -45.90956,-22.112141996,0 -45.90928699999999,-22.112088996,0 -45.909053,-22.112115996,0 -45.908795,-22.112177996,0 -45.908512,-22.112251996,0 -45.907995,-22.112318996,0 -45.907475,-22.112246996,0 -45.90697500000001,-22.111956996,0 -45.906726,-22.111845996,0 -45.906155,-22.111706996,0 -45.90574899999999,-22.111805996,0 -45.905465,-22.111776996,0 -45.905218,-22.111768996,0 -45.90465900000001,-22.111617996,0 -45.904434,-22.111471996,0 -45.904318,-22.111278996,0 -45.904313,-22.110990996,0 -45.904259,-22.110773996,0 -45.904083,-22.110615996,0 -45.903847,-22.110573996,0 -45.903611,-22.110473996,0 -45.902701,-22.110064996,0 -45.90248,-22.110148996,0 -45.902154,-22.109901996,0 -45.902039,-22.109707996,0 -45.90157,-22.109704996,0 -45.901425,-22.109890996,0 -45.90119200000001,-22.109963996,0 -45.900933,-22.109968996,0 -45.900414,-22.109931996,0 -45.900319,-22.110151996,0 -45.900402,-22.110587996,0 -45.900195,-22.110717996,0 -45.899948,-22.110710996,0 -45.899712,-22.110680996,0 -45.899505,-22.110787996,0 -45.89946,-22.111007996,0 -45.899811,-22.111300996,0 -45.899729,-22.111508996,0 -45.89924899999999,-22.111586996,0 -45.89919200000001,-22.111805996,0 -45.899246,-22.112034996,0 -45.89923799999999,-22.112253996,0 -45.89873300000001,-22.112308996,0 -45.898588,-22.112495996,0 -45.898716,-22.112723996,0 -45.898954,-22.112845996,0 -45.89914199999999,-22.113003996,0 -45.899169,-22.113727996,0 -45.898857,-22.114193996,0 -45.898669,-22.114634996,0 -45.898723,-22.114863996,0 -45.89885,-22.115068996,0 -45.898905,-22.115309996,0 -45.89876,-22.115484996,0 -45.89850199999999,-22.115534996,0 -45.898257,-22.115677996,0 -45.898138,-22.115886996,0 -45.89815599999999,-22.116150996,0 -45.898283,-22.116344996,0 -45.89834900000001,-22.116561996,0 -45.898292,-22.116781996,0 -45.89805999999999,-22.116888996,0 -45.89802700000001,-22.117108996,0 -45.898044,-22.117326996,0 -45.897912,-22.117512996,0 -45.897419,-22.117556996,0 -45.89699400000001,-22.117931996,0 -45.89651299999999,-22.117963996,0 -45.896349,-22.117793996,0 -45.896283,-22.117575996,0 -45.896427,-22.117354996,0 -45.8964150086234,-22.1171937024974,0 -45.896515,-22.116835996,0 -45.896424,-22.116629996,0 -45.89627200000001,-22.116448996,0 -45.896127,-22.115979996,0 -45.895692,-22.115825996,0 -45.89543299999999,-22.115864996,0 -45.89524,-22.116063996,0 -45.895108,-22.116261996,0 -45.89506300000001,-22.116492996,0 -45.895006,-22.116723996,0 -45.894936,-22.116943996,0 -45.894779,-22.117119996,0 -45.89454700000001,-22.117215996,0 -45.894299,-22.117184996,0 -45.893971,-22.116845996,0 -45.893739,-22.116953996,0 -45.89349099999999,-22.116945996,0 -45.893315,-22.116787996,0 -45.89306799999999,-22.116757996,0 -45.892848,-22.116911996,0 -45.892717,-22.117120996,0 -45.892572,-22.117295996,0 -45.892315,-22.117380996,0 -45.892107,-22.117522996,0 -45.89206300000001,-22.117765996,0 -45.89198100000001,-22.118008996,0 -45.8918,-22.118195996,0 -45.891554,-22.118234996,0 -45.89126899999999,-22.118193996,0 -45.891032,-22.118059996,0 -45.89088,-22.117889996,0 -45.890814,-22.117660996,0 -45.89069800000001,-22.117466996,0 -45.890608,-22.117249996,0 -45.890352,-22.116805996,0 -45.890151,-22.116636996,0 -45.889455,-22.116441996,0 -45.889223,-22.116583996,0 -45.88901599999999,-22.116713996,0 -45.888783,-22.116798996,0 -45.88852399999999,-22.116802996,0 -45.88829,-22.116818996,0 -45.887594,-22.116634996,0 -45.88737,-22.116546996,0 -45.886885,-22.116371996,0 -45.88665099999999,-22.116386996,0 -45.886405,-22.116471996,0 -45.885889,-22.116607996,0 -45.885654,-22.116588996,0 -45.885498,-22.116775996,0 -45.88544000000001,-22.117006996,0 -45.885358,-22.117226996,0 -45.885125,-22.117276996,0 -45.884645,-22.117342996,0 -45.884562,-22.117551996,0 -45.88443,-22.117748996,0 -45.88421,-22.117833996,0 -45.88397499999999,-22.117814996,0 -45.883787,-22.117679996,0 -45.883255,-22.117654996,0 -45.882726,-22.117744996,0 -45.882207,-22.117753996,0 -45.88196200000001,-22.117849996,0 -45.88181900000001,-22.118070996,0 -45.88168700000001,-22.118268996,0 -45.881427,-22.118250996,0 -45.88118099999999,-22.118300996,0 -45.88098100000001,-22.118154996,0 -45.880828,-22.117961996,0 -45.88073700000001,-22.117721996,0 -45.880537,-22.117586996,0 -45.880278,-22.117591996,0 -45.88004200000001,-22.117560996,0 -45.879817,-22.117415996,0 -45.879593,-22.117338996,0 -45.8788,-22.117214996,0 -45.878565,-22.117195996,0 -45.878309,-22.117361996,0 -45.878152,-22.117536996,0 -45.87790699999999,-22.117609996,0 -45.87766000000001,-22.117602996,0 -45.877397,-22.117445996,0 -45.877184,-22.117277996,0 -45.876735,-22.117066996,0 -45.876488,-22.117059996,0 -45.876192,-22.117064996,0 -45.87571199999999,-22.117153996,0 -45.875453,-22.117169996,0 -45.874934,-22.117178996,0 -45.874688,-22.117216996,0 -45.874196,-22.117329996,0 -45.87391199999999,-22.117322996,0 -45.873688,-22.117222996,0 -45.873727,-22.116727996,0 -45.873834,-22.116529996,0 -45.874123,-22.116145996,0 -45.874064,-22.115674996,0 -45.873851,-22.115528996,0 -45.873755,-22.115058996,0 -45.873513,-22.114659996,0 -45.873313,-22.114525996,0 -45.873077,-22.114460996,0 -45.872829,-22.114418996,0 -45.87228100000001,-22.114220996,0 -45.872104,-22.114016996,0 -45.872013,-22.113776996,0 -45.871979,-22.113294996,0 -45.871815,-22.113112996,0 -45.871566,-22.113036996,0 -45.871397,-22.113200996,0 -45.871252,-22.113387996,0 -45.87078,-22.113257996,0 -45.870548,-22.113399996,0 -45.870491,-22.113630996,0 -45.870259,-22.113749996,0 -45.869961,-22.113685996,0 -45.869772,-22.113505996,0 -45.86963300000001,-22.113323996,0 -45.869457,-22.113153996,0 -45.86920899999999,-22.113135996,0 -45.868964,-22.113208996,0 -45.86871499999999,-22.113120996,0 -45.86817899999999,-22.112865996,0 -45.867739,-22.112504996,0 -45.867552,-22.112369996,0 -45.86732800000001,-22.112293996,0 -45.86710799999999,-22.112412996,0 -45.86700099999999,-22.112609996,0 -45.866881,-22.112818996,0 -45.866648,-22.112891996,0 -45.86625899999999,-22.112553996,0 -45.86602300000001,-22.112500996,0 -45.865847,-22.112353996,0 -45.865659,-22.112218996,0 -45.86541,-22.112096996,0 -45.865234,-22.111949996,0 -45.864882,-22.111645996,0 -45.864633,-22.111557996,0 -45.864408,-22.111388996,0 -45.863995,-22.111119996,0 -45.863748,-22.111158996,0 -45.863684,-22.111666996,0 -45.863615,-22.111885996,0 -45.863514,-22.112393996,0 -45.86331899999999,-22.112535996,0 -45.863167,-22.112342996,0 -45.862991,-22.112172996,0 -45.862758,-22.111636996,0 -45.862475,-22.111111996,0 -45.862135,-22.110760996,0 -45.8619,-22.110753996,0 -45.861524,-22.111082996,0 -45.861134,-22.111342996,0 -45.860656,-22.111511996,0 -45.860228,-22.111760996,0 -45.859908,-22.111789996,0 -45.85963599999999,-22.111759996,0 -45.859104,-22.111722996,0 -45.85881,-22.111854996,0 -45.858616,-22.112030996,0 -45.858434,-22.112182996,0 -45.858167,-22.112406996,0 -45.85794700000001,-22.112524996,0 -45.857603,-22.112622996,0 -45.857101,-22.112850996,0 -45.85684500000001,-22.113015996,0 -45.856599,-22.113066996,0 -45.85632799999999,-22.113105996,0 -45.855781,-22.113552996,0 -45.85555,-22.113694996,0 -45.855279,-22.113756996,0 -45.854758,-22.113650996,0 -45.854546,-22.113550996,0 -45.854345,-22.113381996,0 -45.85416900000001,-22.113211996,0 -45.853944,-22.113089996,0 -45.853709,-22.113058996,0 -45.853216,-22.113078996,0 -45.852725,-22.113236996,0 -45.852329,-22.113807996,0 -45.852226,-22.114257996,0 -45.851887,-22.114586996,0 -45.851854,-22.114805996,0 -45.85193,-22.115482996,0 -45.851685,-22.115579996,0 -45.85095199999999,-22.115407996,0 -45.850733,-22.115538996,0 -45.85052788062249,-22.1158515590432,0 -45.849700731007,-22.1157208239452,0 -45.8488811027466,-22.11786967926,0 -45.8476111711912,-22.1184238312816,0 -45.8458936950791,-22.1178395511435,0 
								</coordinates>
							</LinearRing>
						</outerBoundaryIs>
					</Polygon>
				</MultiGeometry>
			</Placemark>
		</Folder>
	</Document>
	<Document id="root_doc">
		<name>MPEN-PARQUE.kml</name>
		<Schema name="macrozonapreservaoecossistemasnaturaisparque_natural_pouso_alegreoficial" id="macrozonapreservaoecossistemasnaturaisparque_natural_pouso_alegreoficial">
			<SimpleField type="string" name="descriptio"></SimpleField>
			<SimpleField type="string" name="timestamp"></SimpleField>
			<SimpleField type="string" name="begin"></SimpleField>
			<SimpleField type="string" name="end"></SimpleField>
			<SimpleField type="string" name="altitudeMo"></SimpleField>
			<SimpleField type="float" name="tessellate"></SimpleField>
			<SimpleField type="float" name="extrude"></SimpleField>
			<SimpleField type="float" name="visibility"></SimpleField>
			<SimpleField type="float" name="drawOrder"></SimpleField>
			<SimpleField type="string" name="icon"></SimpleField>
		</Schema>
		<StyleMap id="m_ylw-pushpin5">
			<Pair>
				<key>normal</key>
				<styleUrl>#s_ylw-pushpin5</styleUrl>
			</Pair>
			<Pair>
				<key>highlight</key>
				<styleUrl>#s_ylw-pushpin_hl5</styleUrl>
			</Pair>
		</StyleMap>
		<Style id="s_ylw-pushpin5">
			<IconStyle>
				<scale>1.1</scale>
				<Icon>
					<href>http://maps.google.com/mapfiles/kml/pushpin/ylw-pushpin.png</href>
				</Icon>
				<hotSpot x="20" y="2" xunits="pixels" yunits="pixels"/>
			</IconStyle>
			<LineStyle>
				<color>ff005500</color>
			</LineStyle>
			<PolyStyle>
				<color>80005500</color>
			</PolyStyle>
		</Style>
		<Style id="s_ylw-pushpin_hl5">
			<IconStyle>
				<scale>1.3</scale>
				<Icon>
					<href>http://maps.google.com/mapfiles/kml/pushpin/ylw-pushpin.png</href>
				</Icon>
				<hotSpot x="20" y="2" xunits="pixels" yunits="pixels"/>
			</IconStyle>
			<LineStyle>
				<color>ff005500</color>
			</LineStyle>
			<PolyStyle>
				<color>80005500</color>
			</PolyStyle>
		</Style>
		<Folder>
			<name>macrozonapreservaoecossistemasnaturaisparque_natural_pouso_alegreoficial</name>
			<Placemark>
				<styleUrl>#m_ylw-pushpin5</styleUrl>
				<ExtendedData>
					<SchemaData schemaUrl="#macrozonapreservaoecossistemasnaturaisparque_natural_pouso_alegreoficial">
						<SimpleData name="tessellate">-1</SimpleData>
						<SimpleData name="extrude">0</SimpleData>
						<SimpleData name="visibility">0</SimpleData>
						<SimpleData name="drawOrder">0</SimpleData>
					</SchemaData>
				</ExtendedData>
				<MultiGeometry>
					<Polygon>
						<outerBoundaryIs>
							<LinearRing>
								<coordinates>
									-45.9823731945484,-22.2345137212218,0 -45.982473668523,-22.2343675614043,0 -45.9828398356516,-22.2339573548274,0 -45.9841363319018,-22.2333652397495,0 -45.9859395733502,-22.2334882638207,0 -45.988710757836,-22.2337523402404,0 -45.9915655434228,-22.2352402004641,0 -45.993299112788,-22.2358962094121,0 -45.9938459130556,-22.235696816328,0 -45.9924860576805,-22.2342151069549,0 -45.99252049960091,-22.2331169945238,0 -45.992681715738,-22.2320573193472,0 -45.9918699246653,-22.2313650358784,0 -45.991869928316,-22.2313650354787,0 -45.9919001367078,-22.2307544138841,0 -45.99181158897199,-22.2301042304203,0 -45.9917366716494,-22.2294019051978,0 -45.9917047463968,-22.2288424775631,0 -45.9917969482697,-22.2280220038499,0 -45.992044362575,-22.2269311944052,0 -45.9923135918722,-22.2257441883101,0 -45.9923214196136,-22.2254136968035,0 -45.9922568856975,-22.2249645470795,0 -45.9923284290103,-22.2245197083707,0 -45.992147076165,-22.2242152868504,0 -45.9919062402285,-22.223880941966,0 -45.99155379338961,-22.2236885472955,0 -45.9915478532001,-22.2233571608978,0 -45.9914062489846,-22.2229787311057,0 -45.9910912814566,-22.2227686447561,0 -45.9907352467124,-22.2225661327158,0 -45.9907923920358,-22.2219972300888,0 -45.9909717309367,-22.2214162129768,0 -45.9909917967489,-22.2207866084473,0 -45.9907322292045,-22.2203902003833,0 -45.99059397791789,-22.2198566001747,0 -45.99071321702931,-22.2194237730026,0 -45.9907571916506,-22.2189225719099,0 -45.9908160168001,-22.2187546044546,0 -45.9909781503794,-22.218356149884,0 -45.991263863279,-22.2175956084734,0 -45.9912617697006,-22.2172975204508,0 -45.9914337921586,-22.2169261053061,0 -45.9916039099318,-22.2162837008787,0 -45.99164447108889,-22.2162176666683,0 -45.99177656504961,-22.2160026151115,0 -45.9917945077013,-22.2157947385898,0 -45.9919861199159,-22.2154503036283,0 -45.991917449765,-22.2153423217272,0 -45.9918665317985,-22.2149993643359,0 -45.99193405914491,-22.2149447527885,0 -45.9921372122737,-22.2148622147256,0 -45.9923597674684,-22.214779558159,0 -45.9924273580213,-22.2147339793865,0 -45.9924849298244,-22.214643294874,0 -45.9925782573352,-22.2141187912077,0 -45.9925187169351,-22.2139294536579,0 -45.9924982350786,-22.213776011424,0 -45.9925331017605,-22.2132157306589,0 -45.9930573288502,-22.2126021395913,0 -45.9929482426669,-22.2125045782451,0 -45.99281529807829,-22.2125674129311,0 -45.99237657787949,-22.212774767688,0 -45.9921374943997,-22.2129188807816,0 -45.9918046494819,-22.2130077425463,0 -45.991731377041,-22.2130205940215,0 -45.99161769855611,-22.2129778688488,0 -45.99148422879941,-22.2129662770284,0 -45.99127770580971,-22.2129985468555,0 -45.9910450713274,-22.2131116067528,0 -45.9907722904159,-22.2132063028716,0 -45.990609733354,-22.213300507998,0 -45.9904368150128,-22.2133697867315,0 -45.99016368659781,-22.213414864936,0 -45.98983685652291,-22.2134106495808,0 -45.9896432791262,-22.213387017038,0 -45.9894829591438,-22.2133507764364,0 -45.98940249489839,-22.2132892411943,0 -45.9893487081917,-22.2132275438121,0 -45.9892216038071,-22.213172493904,0 -45.9890013493503,-22.2131490221084,0 -45.9888615154029,-22.2131808838016,0 -45.9887286986335,-22.2132623218141,0 -45.988468994632,-22.2133197208388,0 -45.9881557197755,-22.2133464321944,0 -45.9879085045029,-22.2133148046769,0 -45.987664101517,-22.2131892405351,0 -45.9874617381131,-22.2131297065979,0 -45.9871764927404,-22.2131093410821,0 -45.986838026305,-22.2131224401333,0 -45.9863155938481,-22.2131587487138,0 -45.9853114924402,-22.2131151140389,0 -45.9846099152363,-22.2130144063234,0 -45.9841820500457,-22.2129838505879,0 -45.98389061385941,-22.2129933842178,0 -45.98343084865719,-22.212989152921,0 -45.9829851998561,-22.2130544637706,0 -45.98289981565081,-22.2131528085406,0 -45.9828718092616,-22.2132508069189,0 -45.982719052965,-22.2132873034536,0 -45.98247042295641,-22.2132888038801,0 -45.9822982315832,-22.2132809491688,0 -45.98213566557269,-22.2132819298407,0 -45.9821439282792,-22.2130951149615,0 -45.9822010571984,-22.2130591958496,0 -45.98213319072781,-22.2129262019381,0 -45.9819798778078,-22.2128826584974,0 -45.9818170648417,-22.2128480663694,0 -45.9816831867413,-22.2128488735862,0 -45.981492117789,-22.2128767057767,0 -45.9813870521991,-22.2128951263235,0 -45.9812913631233,-22.2128868094118,0 -45.9812429938993,-22.2128070588107,0 -45.9811389398428,-22.2128508198384,0 -45.9809847393771,-22.2127997213139,0 -45.9808981798257,-22.2127290943148,0 -45.9807544926819,-22.212694385341,0 -45.98060148925591,-22.2126953068608,0 -45.9805441144297,-22.2126956523848,0 -45.9804199837002,-22.2127230807451,0 -45.9802862909179,-22.2127505665834,0 -45.9801904799432,-22.2127244624936,0 -45.980142048182,-22.2126358182895,0 -45.9801607413899,-22.2125734509027,0 -45.9800361182338,-22.2125297328935,0 -45.9799116186142,-22.2125038018526,0 -45.9797682390502,-22.2125135582955,0 -45.9796821137242,-22.2125051828786,0 -45.9796346094906,-22.2125499362971,0 -45.979557799298,-22.2125059307948,0 -45.9793468028558,-22.2124182642334,0 -45.9792410587143,-22.2123388580723,0 -45.97912630638259,-22.2123395481481,0 -45.9787824207652,-22.2123949769059,0 -45.9786202240263,-22.212449313065,0 -45.9788023027467,-22.2119783485816,0 -45.9778886875641,-22.2124216149813,0 -45.9774543016091,-22.2126481436184,0 -45.9771624917898,-22.2124931631339,0 -45.97698309197491,-22.2124392361187,0 -45.9767563440565,-22.2124121297016,0 -45.9764750262189,-22.2122608265731,0 -45.976181092578,-22.2120472695581,0 -45.9758133047132,-22.2117264945731,0 -45.975549601715,-22.2114787569237,0 -45.9752982807127,-22.211259276526,0 -45.9750655109695,-22.2110793487091,0 -45.9749056041166,-22.2109764238794,0 -45.9746853335846,-22.2108417511119,0 -45.9744837325224,-22.2107636295265,0 -45.9742210486974,-22.2106632076276,0 -45.9740133554703,-22.2105851218885,0 -45.973732591182,-22.2105131392153,0 -45.9735176610242,-22.2104908795188,0 -45.97317647836249,-22.2104929188868,0 -45.9729693325622,-22.2104941567208,0 -45.97274996240229,-22.2104898009372,0 -45.97244537607269,-22.2104972865328,0 -45.9722627164285,-22.2105153758287,0 -45.9720316290165,-22.2105790850449,0 -45.9717942161832,-22.2106088334078,0 -45.971550514166,-22.2106102875981,0 -45.9712332743774,-22.2105498509579,0 -45.97087323039,-22.2104670033762,0 -45.97062281266081,-22.2103778352027,0 -45.970327239163,-22.2102881618235,0 -45.9700337650641,-22.210205063853,0 -45.9697117576218,-22.2101623257397,0 -45.9693753462338,-22.2101196727283,0 -45.9691445374272,-22.2100719250742,0 -45.96888455138409,-22.2099707631858,0 -45.9686921553382,-22.2099227857749,0 -45.9684230878148,-22.2098975926539,0 -45.968151998442,-22.2098762020506,0 -45.96784014585669,-22.2099137802702,0 -45.9675140128385,-22.2099693057986,0 -45.9667711561108,-22.2101746702523,0 -45.9662104193976,-22.210329828829,0 -45.9653688986157,-22.2105456001925,0 -45.9648946172875,-22.2107047077964,0 -45.9644450724732,-22.2109708420898,0 -45.96407232248179,-22.2112320544954,0 -45.9638005486551,-22.2115252073699,0 -45.9636030686001,-22.2118550107672,0 -45.9634123419436,-22.2120490336673,0 -45.9632380110686,-22.2121341217715,0 -45.962954612204,-22.2121956265915,0 -45.9626178975507,-22.212208175866,0 -45.9621279488626,-22.21220414174,0 -45.96169981613159,-22.2121292459702,0 -45.961404152945,-22.2120570856918,0 -45.9611501871103,-22.211995237092,0 -45.9609950137684,-22.211992633147,0 -45.9607305335415,-22.2120540230087,0 -45.96011801068799,-22.2121315415357,0 -45.9598636919009,-22.2122147507982,0 -45.9596072811267,-22.2123499970001,0 -45.9592268067526,-22.2126056310035,0 -45.9589517121571,-22.2128862186256,0 -45.9588632676377,-22.212979939251,0 -45.95870495877689,-22.2130235718724,0 -45.958280169637,-22.2133827191958,0 -45.957749289634,-22.2134663783568,0 -45.957399749655,-22.2136822253205,0 -45.9593815515176,-22.214378616533,0 -45.959382934399,-22.2143771479704,0 -45.9593844140653,-22.214386050124,0 -45.9594209797552,-22.2144574114756,0 -45.95985601267219,-22.2147343217278,0 -45.9600420498268,-22.2148582293632,0 -45.96016803670171,-22.2150088949523,0 -45.9608483904664,-22.2161227127233,0 -45.9608994672131,-22.2161776510415,0 -45.9615424820848,-22.2166086625898,0 -45.96075676728079,-22.2161487017335,0 -45.96077854331121,-22.2167157107733,0 -45.96043908598,-22.2168511587893,0 -45.9598304636647,-22.2169214719067,0 -45.9593152671938,-22.2175583697444,0 -45.95833599698931,-22.2184482077012,0 -45.9577698766777,-22.2195024138768,0 -45.957593337484,-22.2198871049588,0 -45.9575293064773,-22.2200082499332,0 -45.9573706049966,-22.2199224660324,0 -45.9571302903284,-22.2198621712793,0 -45.9566907518342,-22.2197793134716,0 -45.9562088639852,-22.2197149334861,0 -45.95579552345309,-22.2197316009852,0 -45.9555357401708,-22.2197587664574,0 -45.955220069256,-22.2199295965998,0 -45.9548328907568,-22.2200410433054,0 -45.9544354712669,-22.2201478031886,0 -45.9542382687543,-22.2202734278334,0 -45.95401198053731,-22.2204584827462,0 -45.9537663860625,-22.2205810922641,0 -45.95381532863559,-22.2208858167127,0 -45.9533628668992,-22.2213124311827,0 -45.95300839086899,-22.2215910052631,0 -45.9528949671376,-22.221701481704,0 -45.95295686001539,-22.221933804245,0 -45.9530795078541,-22.2222299598317,0 -45.9531317812852,-22.2222723092947,0 -45.9531914215292,-22.2223088262032,0 -45.9533510437667,-22.2224922224989,0 -45.953478506718,-22.2226127557964,0 -45.95369453630961,-22.2226997494217,0 -45.9537988665309,-22.2228355393536,0 -45.9537012730088,-22.2246888352438,0 -45.95448543376889,-22.2245519075782,0 -45.9547733041755,-22.2250858346434,0 -45.9546837032452,-22.2253478862465,0 -45.9546737502377,-22.2253762818283,0 -45.9546725114336,-22.2253806184086,0 -45.9545941153389,-22.2256098997589,0 -45.9545985874956,-22.2256157081978,0 -45.9545942433031,-22.2256288031116,0 -45.95457428121961,-22.2256793311916,0 -45.9545537401691,-22.2257047648699,0 -45.95453015007351,-22.2258657496816,0 -45.95444095695421,-22.2260577568143,0 -45.9543520746142,-22.2262957181884,0 -45.9543106160822,-22.226486722973,0 -45.9546741917223,-22.2271851255789,0 -45.95476803477409,-22.2273677918739,0 -45.954768399643,-22.2274216771062,0 -45.9547737702774,-22.2277160782909,0 -45.9546935747303,-22.2283382015904,0 -45.95429457345571,-22.2285797361086,0 -45.9536895864607,-22.2289140984353,0 -45.952357097077,-22.2296026344077,0 -45.9519099415722,-22.2297580687145,0 -45.9494408861805,-22.2291751149196,0 -45.9493568279736,-22.2293147920262,0 -45.94920619900029,-22.2295246659134,0 -45.94911526971201,-22.2297649263496,0 -45.9490518139598,-22.230158699729,0 -45.9490268200296,-22.2303739878868,0 -45.9489785415692,-22.2304884255404,0 -45.9487932142367,-22.2308189238122,0 -45.9485658839829,-22.2311012224762,0 -45.948281247288,-22.2313838553599,0 -45.9479367182298,-22.2316418851239,0 -45.9476155389663,-22.2318709615955,0 -45.94733147757909,-22.2321184318157,0 -45.9478137472791,-22.2348751554809,0 -45.9485535333647,-22.2348476575545,0 -45.9494049420027,-22.234842116883,0 -45.9496355691146,-22.234811975197,0 -45.9501197573936,-22.234635037448,0 -45.95049033663519,-22.2345560840889,0 -45.95109424596791,-22.2343973279282,0 -45.9515606657702,-22.234224557904,0 -45.951896799981,-22.2338583514323,0 -45.952879437629,-22.2341135027159,0 -45.9530526415481,-22.2341936819314,0 -45.9532730708739,-22.2342812928925,0 -45.95423909822749,-22.2335076027119,0 -45.9548825540492,-22.2334025140146,0 -45.9569417330633,-22.2337246762811,0 -45.9569739666642,-22.2337358590168,0 -45.95861370660631,-22.23452178097,0 -45.9594634373534,-22.2344583812414,0 -45.9608869132276,-22.2348750512334,0 -45.9621170862933,-22.2347578091719,0 -45.96325284909669,-22.2344651950613,0 -45.9638148193885,-22.2346285467684,0 -45.9644969419771,-22.2345087518258,0 -45.9648661534611,-22.233785355171,0 -45.9658722564719,-22.2336896097003,0 -45.9692506090041,-22.2340865706018,0 -45.9717172857145,-22.2338457909845,0 -45.97210962304811,-22.2336959435312,0 -45.9729994355197,-22.2338094960749,0 -45.9735053554707,-22.2336052699647,0 -45.97378352080959,-22.2334841616764,0 -45.9737902077527,-22.2335342412042,0 -45.9738476774157,-22.2335764306305,0 -45.97384768070579,-22.2335764300217,0 -45.973847681535,-22.2335764306305,0 -45.9739961531531,-22.2335489587486,0 -45.9740356986817,-22.2334796049145,0 -45.9740924339628,-22.2334154654518,0 -45.9741552531388,-22.2334044558694,0 -45.974223643575,-22.233372146485,0 -45.9743664349091,-22.2333500244771,0 -45.97470886258739,-22.2332575899881,0 -45.97505114276251,-22.2331438892577,0 -45.97526180904509,-22.2330150265335,0 -45.9754552483974,-22.2328756333415,0 -45.9758370699484,-22.2326925768599,0 -45.9759794570469,-22.2326119728373,0 -45.9762530874284,-22.2324933646668,0 -45.9764865843826,-22.232359046685,0 -45.9766307648855,-22.2322445217634,0 -45.9771488394535,-22.232018961223,0 -45.98028815146281,-22.2315608009613,0 -45.9818617839728,-22.2326655540677,0 -45.98187751666541,-22.2326724106663,0 -45.9820713632017,-22.2330870184638,0 -45.9818991030545,-22.2342399147888,0 -45.9823731945484,-22.2345137212218,0 
								</coordinates>
							</LinearRing>
						</outerBoundaryIs>
						<innerBoundaryIs>
							<LinearRing>
								<coordinates>
									-45.97376608983809,-22.2333536184945,0 -45.9738216871578,-22.2331246685569,0 -45.9736895599936,-22.2330350757624,0 -45.9735622321834,-22.2328125377536,0 -45.9735137392002,-22.232475488847,0 -45.9735807347427,-22.2322411540265,0 -45.9737633273328,-22.2321868945137,0 -45.97383703014499,-22.232096069882,0 -45.9739609418218,-22.2318241781625,0 -45.9741250604067,-22.2315786282749,0 -45.9743289434456,-22.231250976997,0 -45.9744982998498,-22.2309362793759,0 -45.9745413952434,-22.2305532201457,0 -45.9744699576276,-22.2301442641855,0 -45.9742974422693,-22.2300332476445,0 -45.9741333418307,-22.2300141683924,0 -45.9739454704692,-22.2298178714089,0 -45.9739454765441,-22.2298178419759,0 -45.9741333129957,-22.2300141024839,0 -45.97429741343429,-22.230033181736,0 -45.9744219252247,-22.2298939365293,0 -45.97443054684361,-22.2297989887437,0 -45.97443030627811,-22.2297955763928,0 -45.97443057979789,-22.2297990546522,0 -45.974421958179,-22.2298940024378,0 -45.9742974463886,-22.2300332476445,0 -45.97446996174689,-22.2301442641855,0 -45.9745413993627,-22.2305532201457,0 -45.97449830396911,-22.2309362793759,0 -45.9743289475648,-22.231250976997,0 -45.974125064526,-22.2315786282749,0 -45.9739609459411,-22.2318241781625,0 -45.9738370342643,-22.2320960698822,0 -45.9737633314521,-22.2321868945137,0 -45.9735807388621,-22.2322411540265,0 -45.97351374331951,-22.232475488847,0 -45.9735622363027,-22.2328125377537,0 -45.9736895641129,-22.2330350757624,0 -45.9738216912771,-22.2331246685569,0 -45.9737660939574,-22.2333536184945,0 -45.9737835247026,-22.2334841599814,0 -45.97378352080959,-22.2334841616764,0 -45.97376608983809,-22.2333536184945,0 
								</coordinates>
							</LinearRing>
							<LinearRing>
								<coordinates>
									-45.9766307648855,-22.2322445217634,0 -45.9770666001979,-22.231898330677,0 -45.9766307648855,-22.2322445217634,0 -45.9766307648855,-22.2322445217634,0 
								</coordinates>
							</LinearRing>
							<LinearRing>
								<coordinates>
									-45.9602279495825,-22.2134797769732,0 -45.9602279529496,-22.2134797798902,0 -45.9602278406706,-22.2134798926331,0 -45.9602279495825,-22.2134797769732,0 
								</coordinates>
							</LinearRing>
							<LinearRing>
								<coordinates>
									-45.96371082383509,-22.2165855424194,0 -45.9637108371464,-22.2165855387667,0 -45.9636460468795,-22.2166321875558,0 -45.9636460417061,-22.2166321853492,0 -45.96371082383509,-22.2165855424194,0 
								</coordinates>
							</LinearRing>
							<LinearRing>
								<coordinates>
									-45.96742014077961,-22.21381848255,0 -45.9676895418834,-22.2142627189176,0 -45.9680247099691,-22.2142665595685,0 -45.9685289239877,-22.214227427396,0 -45.9688301567521,-22.2142979024533,0 -45.969199236143,-22.2143589396853,0 -45.9702574733082,-22.2144700711076,0 -45.9705880593723,-22.2145765015405,0 -45.9712866704007,-22.2145904022357,0 -45.9717524525506,-22.2146056897145,0 -45.971810473213,-22.2145782432197,0 -45.9722952844094,-22.2145392151829,0 -45.9728396097627,-22.2146895314241,0 -45.97299507812291,-22.2147247359876,0 -45.97339357513239,-22.2148307547789,0 -45.9737245380216,-22.2149913768446,0 -45.9742990924423,-22.2153041083603,0 -45.9746493975569,-22.2154555793297,0 -45.9750586597658,-22.21571509712,0 -45.975165623368,-22.2157505900414,0 -45.97531089280039,-22.2157135863063,0 -45.9763138097739,-22.2162405450666,0 -45.9769659853424,-22.2165528012873,0 -45.9771414846429,-22.2166782154333,0 -45.9774538038927,-22.2169473421254,0 -45.977629366678,-22.2170817887135,0 -45.97780499237509,-22.2172252681052,0 -45.9779411870373,-22.2172786503355,0 -45.97823272898291,-22.2173491658309,0 -45.9784232502709,-22.2174070282389,0 -45.9784233587757,-22.2174070611922,0 -45.97839758202101,-22.2174283646757,0 -45.97839547402991,-22.2174293915498,0 -45.97842077870139,-22.2174084782247,0 -45.9782302574141,-22.2173506158169,0 -45.9779387154679,-22.2172801003213,0 -45.9778025208055,-22.2172267180911,0 -45.9776268951086,-22.2170832386994,0 -45.9774513323231,-22.2169487921111,0 -45.9771390130734,-22.2166796654191,0 -45.97696351377291,-22.2165542512732,0 -45.9763113382046,-22.2162419950525,0 -45.9753084212309,-22.2157150362921,0 -45.97516315179849,-22.2157520400272,0 -45.9750561881962,-22.2157165471058,0 -45.97464692598731,-22.2154570293155,0 -45.9742966208727,-22.215305558346,0 -45.9737220664519,-22.2149928268306,0 -45.9733911035628,-22.2148322047648,0 -45.9729926065538,-22.2147261859735,0 -45.9728371381929,-22.2146909814098,0 -45.97229281283991,-22.2145406651688,0 -45.9718080016435,-22.2145796932056,0 -45.9717499809811,-22.2146071397003,0 -45.9712841988315,-22.2145918522215,0 -45.97058558780279,-22.2145779515263,0 -45.97025500173861,-22.2144715210934,0 -45.9691967645734,-22.2143603896711,0 -45.9688276851824,-22.2142993524391,0 -45.9685264524182,-22.2142288773818,0 -45.9680222383997,-22.2142680095543,0 -45.9676870703138,-22.2142641689034,0 -45.9674178922915,-22.2138203003921,0 -45.96742014077961,-22.21381848255,0 
								</coordinates>
							</LinearRing>
							<LinearRing>
								<coordinates>
									-45.974844388499,-22.2198743478891,0 -45.974843259082,-22.2197108480222,0 -45.9747496578906,-22.2195565131055,0 -45.9747496617946,-22.219556514197,0 -45.97484326732049,-22.2197108562608,0 -45.9748443966829,-22.2198743482024,0 -45.974844388499,-22.2198743478891,0 
								</coordinates>
							</LinearRing>
							<LinearRing>
								<coordinates>
									-45.9673270993969,-22.2188618036161,0 -45.96724788016159,-22.2188992070634,0 -45.9672477061737,-22.2188992746484,0 -45.96751755937691,-22.2187718629287,0 -45.9675184722719,-22.2187714585965,0 -45.9673271211548,-22.2188618054715,0 -45.9673270993969,-22.2188618036161,0 
								</coordinates>
							</LinearRing>
							<LinearRing>
								<coordinates>
									-45.9651017639781,-22.2187802668492,0 -45.9651979060127,-22.21917230919,0 -45.9652936474135,-22.2193362498198,0 -45.96529363378279,-22.2193362594338,0 -45.9651979060127,-22.2191723421443,0 -45.9651017639781,-22.2187802998034,0 -45.9650538038775,-22.2185565763583,0 -45.9650538049265,-22.218556548297,0 -45.9651017639781,-22.2187802668492,0 
								</coordinates>
							</LinearRing>
							<LinearRing>
								<coordinates>
									-45.9652180599317,-22.2197654446405,0 -45.9652180518335,-22.2197654490238,0 -45.9651751640765,-22.2196141399474,0 -45.9651751642996,-22.2196141077807,0 -45.9652180599317,-22.2197654446405,0 
								</coordinates>
							</LinearRing>
							<LinearRing>
								<coordinates>
									-45.9644640309639,-22.2198884724732,0 -45.9637863526327,-22.2198050319202,0 -45.9635030415299,-22.2196318006017,0 -45.96310784239851,-22.219599157528,0 -45.96288119442849,-22.2194605715306,0 -45.9623925089597,-22.2194634613314,0 -45.9623929186569,-22.2194628370652,0 -45.9628819194218,-22.2194599453999,0 -45.9631085673918,-22.2195985313973,0 -45.9635037665233,-22.2196311744709,0 -45.9637870776261,-22.2198044057895,0 -45.9644647559574,-22.2198878463425,0 -45.9647873536278,-22.2198167056396,0 -45.9647876662299,-22.2198171029551,0 -45.9644640309639,-22.2198884724732,0 
								</coordinates>
							</LinearRing>
							<LinearRing>
								<coordinates>
									-45.962150195872,-22.2198322014991,0 -45.96149490246709,-22.2202733445388,0 -45.9608402003444,-22.2208019358006,0 -45.96040275828459,-22.2210433464475,0 -45.9610026647934,-22.2214706987343,0 -45.9610025002112,-22.2214708305088,0 -45.961002522384,-22.2214710672371,0 -45.9610023514672,-22.2214709454839,0 -45.96040232988051,-22.2210435112197,0 -45.9595296118267,-22.2204201961748,0 -45.960403483278,-22.2210427203168,0 -45.9608409253378,-22.2208013096699,0 -45.9614956274606,-22.2202727184082,0 -45.9621503582016,-22.2198319541533,0 -45.962150195872,-22.2198322014991,0 
								</coordinates>
							</LinearRing>
							<LinearRing>
								<coordinates>
									-45.96203463736071,-22.2222063022143,0 -45.96201621919661,-22.2223509455973,0 -45.9619123324633,-22.2227670959899,0 -45.9619123323824,-22.2227670921999,0 -45.9620162191977,-22.222350941479,0 -45.9620346368809,-22.2222063018725,0 -45.96203463736071,-22.2222063022143,0 
								</coordinates>
							</LinearRing>
							<LinearRing>
								<coordinates>
									-45.9735344878315,-22.2239827565273,0 -45.9737636246964,-22.2232025122787,0 -45.9737640490912,-22.2232023570439,0 -45.9735349162367,-22.2239825876368,0 -45.9739026817617,-22.2238880359739,0 -45.9742997708951,-22.2237862922531,0 -45.9747862976242,-22.2239911469436,0 -45.9751064674053,-22.2239982609869,0 -45.9751061912436,-22.2239984269452,0 -45.97478596808291,-22.2239913117158,0 -45.9742994413537,-22.2237864570253,0 -45.97390235222031,-22.2238882007461,0 -45.97383671888521,-22.2239050749938,0 -45.9733987294542,-22.2240176807502,0 -45.9733987294448,-22.2240176806489,0 -45.9733986779268,-22.2240176726986,0 -45.9735344878315,-22.2239827565273,0 
								</coordinates>
							</LinearRing>
							<LinearRing>
								<coordinates>
									-45.97342442244759,-22.2242934328327,0 -45.9734876006873,-22.2245105325552,0 -45.9735843720511,-22.224869677315,0 -45.9741100000313,-22.2247465226523,0 -45.97422376421151,-22.2246870244281,0 -45.97456577782601,-22.2248899955383,0 -45.9753693242196,-22.2248678892262,0 -45.9759200995196,-22.2245844473214,0 -45.9759200666205,-22.2245844962425,0 -45.9753692583111,-22.2248679551347,0 -45.9745657119175,-22.2248900614468,0 -45.974223698303,-22.2246870903366,0 -45.9741099341228,-22.2247465885608,0 -45.9735843061426,-22.2248697432235,0 -45.97365622814281,-22.2251366639304,0 -45.9736589237196,-22.2255374141956,0 -45.9736623745041,-22.2260374239307,0 -45.9737246142575,-22.2263981848377,0 -45.9736970874322,-22.2265354182312,0 -45.9736970501487,-22.2265353739057,0 -45.97372458130319,-22.2263981189292,0 -45.9736623415498,-22.2260373580222,0 -45.9736588907653,-22.2255373482871,0 -45.9736561951886,-22.2251365980219,0 -45.9734875018245,-22.2245105325552,0 -45.9734243235848,-22.2242934328327,0 -45.973398812475,-22.2240185752197,0 -45.97342442244759,-22.2242934328327,0 
								</coordinates>
							</LinearRing>
							<LinearRing>
								<coordinates>
									-45.9740125248778,-22.2269937208898,0 -45.9740154017806,-22.2274103959209,0 -45.9740913289955,-22.22759050807,0 -45.9741232170832,-22.2278820018585,0 -45.97421483979049,-22.228173103667,0 -45.9742148176346,-22.2281730720667,0 -45.97412318412891,-22.22788193595,0 -45.9740912960412,-22.2275904421615,0 -45.9740153688263,-22.2274103300124,0 -45.9740124919835,-22.2269936636672,0 -45.9740125248778,-22.2269937208898,0 
								</coordinates>
							</LinearRing>
							<LinearRing>
								<coordinates>
									-45.97474117628289,-22.2286839058929,0 -45.97473135793899,-22.2290208339905,0 -45.9746027926768,-22.2292113952416,0 -45.9744921824317,-22.2293155810428,0 -45.974437771148,-22.2294970708668,0 -45.97443742286361,-22.2295005340065,0 -45.9744377381937,-22.2294970049583,0 -45.9744921494774,-22.2293155151343,0 -45.9746027597224,-22.2292113293331,0 -45.97473132498471,-22.229020768082,0 -45.9747411420731,-22.2286838830692,0 -45.97474117628289,-22.2286839058929,0 
								</coordinates>
							</LinearRing>
							<LinearRing>
								<coordinates>
									-45.9633782628388,-22.2200994316281,0 -45.9639760829273,-22.2202762079118,0 -45.9647812930685,-22.2202436972162,0 -45.9656602568632,-22.2201414305338,0 -45.96566017366289,-22.22014155926,0 -45.9647808646632,-22.2202438661067,0 -45.96397565452211,-22.2202763768023,0 -45.9633778344336,-22.2200996005186,0 -45.9625882709217,-22.220201332542,0 -45.96258844015011,-22.2202011970454,0 -45.9633782628388,-22.2200994316281,0 
								</coordinates>
							</LinearRing>
							<LinearRing>
								<coordinates>
									-45.9912652944634,-22.2314960856683,0 -45.99126529611261,-22.2314960837254,0 -45.9913160378269,-22.231535993882,0 -45.99131603509331,-22.2315359949719,0 -45.9912652944634,-22.2314960856683,0 
								</coordinates>
							</LinearRing>
							<LinearRing>
								<coordinates>
									-45.99078268767401,-22.2315526502163,0 -45.9906814842805,-22.2315130460301,0 -45.9906301278503,-22.2313859949636,0 -45.9905564878282,-22.231165231956,0 -45.98980360384349,-22.2311437354356,0 -45.989803604364,-22.2311437353329,0 -45.9905564919475,-22.231165231956,0 -45.9906301319697,-22.2313859949637,0 -45.9906814883998,-22.2315130460301,0 -45.9907826917933,-22.2315526502163,0 -45.9909629528404,-22.2315582560527,0 -45.9909629518925,-22.2315582561514,0 -45.99078268767401,-22.2315526502163,0 
								</coordinates>
							</LinearRing>
							<LinearRing>
								<coordinates>
									-45.9881258612639,-22.2314220672275,0 -45.9881254386081,-22.2313617394541,0 -45.988103342907,-22.2312948396403,0 -45.988103347018,-22.2312948396154,0 -45.9881254427274,-22.2313617394541,0 -45.9881258653832,-22.2314220672275,0 -45.9881550751039,-22.2314755159366,0 -45.9881550712953,-22.2314755165052,0 -45.9881258612639,-22.2314220672275,0 
								</coordinates>
							</LinearRing>
							<LinearRing>
								<coordinates>
									-45.9876708694406,-22.2313041689174,0 -45.9876488208954,-22.2312439724002,0 -45.9876412372355,-22.2311903916139,0 -45.9876412412978,-22.2311903912113,0 -45.98764882501471,-22.2312439724002,0 -45.98767087355989,-22.2313041689174,0 -45.9877502147576,-22.2313103902746,0 -45.9877502125529,-22.2313103904247,0 -45.9876708694406,-22.2313041689174,0 
								</coordinates>
							</LinearRing>
							<LinearRing>
								<coordinates>
									-45.9872720199428,-22.2312134212491,0 -45.9872720239485,-22.2312134212248,0 -45.9873603851626,-22.2312323160589,0 -45.98736038115711,-22.2312323160832,0 -45.9872720199428,-22.2312134212491,0 
								</coordinates>
							</LinearRing>
							<LinearRing>
								<coordinates>
									-45.9868465238553,-22.2311891896898,0 -45.9868465242994,-22.2311891892715,0 -45.9870701807657,-22.2312146457342,0 -45.987070176855,-22.231214645758,0 -45.9868465238553,-22.2311891896898,0 
								</coordinates>
							</LinearRing>
							<LinearRing>
								<coordinates>
									-45.9866950921575,-22.2311834038974,0 -45.9866515590362,-22.2311434483549,0 -45.9866765002567,-22.2311409764034,0 -45.9867243990955,-22.2312502592809,0 -45.9867243953978,-22.2312502602428,0 -45.9866950921575,-22.2311834038974,0 
								</coordinates>
							</LinearRing>
							<LinearRing>
								<coordinates>
									-45.9839138472972,-22.2324202597861,0 -45.9839138511218,-22.232420259763,0 -45.98399319238009,-22.2324264834463,0 -45.9839931906603,-22.2324264836345,0 -45.9839138472972,-22.2324202597861,0 
								</coordinates>
							</LinearRing>
							<LinearRing>
								<coordinates>
									-45.9837262798484,-22.2324012839249,0 -45.9836972115151,-22.2323679429024,0 -45.983581825064,-22.2323619367653,0 -45.9834159310412,-22.2323495332329,0 -45.9834151364608,-22.2322355803787,0 -45.983292213256,-22.2321826960021,0 -45.9829244281433,-22.2321648082032,0 -45.9825279019593,-22.2321604999405,0 -45.98222067873479,-22.2320472176429,0 -45.98222068278771,-22.2320472176185,0 -45.9825279060786,-22.2321604999405,0 -45.9829244322625,-22.2321648082032,0 -45.9832922173753,-22.2321826960021,0 -45.9834151405801,-22.2322355803787,0 -45.9834159351605,-22.2323495332329,0 -45.9835818291835,-22.2323619367654,0 -45.9836972156345,-22.2323679429024,0 -45.9837262839673,-22.2324012839241,0 -45.9837626078919,-22.2324412837359,0 -45.9837626046927,-22.2324412847491,0 -45.9837262798484,-22.2324012839249,0 
								</coordinates>
							</LinearRing>
							<LinearRing>
								<coordinates>
									-45.9818599170039,-22.2320024713584,0 -45.98166490758201,-22.231950020697,0 -45.9814622702297,-22.2318372859328,0 -45.98114494822249,-22.2318190891338,0 -45.9810146780458,-22.2317461373372,0 -45.9807975317644,-22.2316200823658,0 -45.980666189976,-22.2313929590752,0 -45.98038463206591,-22.2313343252832,0 -45.98016111940461,-22.2313289682269,0 -45.9801611198851,-22.2313289681398,0 -45.9803846361853,-22.2313343252832,0 -45.98066619409529,-22.2313929590752,0 -45.9807975358837,-22.2316200823657,0 -45.98101468216409,-22.2317461373361,0 -45.9811449523418,-22.2318190891338,0 -45.981462274349,-22.2318372859328,0 -45.9816649117013,-22.231950020697,0 -45.9818599211232,-22.2320024713584,0 -45.9819683774992,-22.2320487404381,0 -45.9819683734374,-22.2320487404626,0 -45.9818599170039,-22.2320024713584,0 
								</coordinates>
							</LinearRing>
							<LinearRing>
								<coordinates>
									-45.9788173779293,-22.2315340577054,0 -45.9786514280635,-22.2315137893613,0 -45.9786514288338,-22.2315137889523,0 -45.9788173820486,-22.2315340577054,0 -45.9791090427613,-22.2315429357668,0 -45.97910904223001,-22.231542935876,0 -45.9788173779293,-22.2315340577054,0 
								</coordinates>
							</LinearRing>
							<LinearRing>
								<coordinates>
									-45.9779275929727,-22.2318477742059,0 -45.977761307828,-22.2317796570177,0 -45.9777613118878,-22.2317796569933,0 -45.97792759709201,-22.2318477742059,0 -45.9780935473558,-22.2318680432866,0 -45.9780935465096,-22.2318680436864,0 -45.9779275929727,-22.2318477742059,0 
								</coordinates>
							</LinearRing>
							<LinearRing>
								<coordinates>
									-45.9774524901094,-22.2317708789115,0 -45.9773263031594,-22.2317131547479,0 -45.97732630532811,-22.2317131538556,0 -45.9774524942287,-22.2317708789115,0 -45.97761837499759,-22.2317805158158,0 -45.9776183712646,-22.2317805158383,0 -45.9774524901094,-22.2317708789115,0 
								</coordinates>
							</LinearRing>
							<LinearRing>
								<coordinates>
									-45.9732248965073,-22.2198933216331,0 -45.9714355698617,-22.2200320753693,0 -45.9689552591233,-22.2198202800945,0 -45.967459762124,-22.2195533399687,0 -45.96602947224699,-22.2195706799034,0 -45.9660295788856,-22.2195705149138,0 -45.9674601905293,-22.2195531710782,0 -45.9689556875285,-22.219820111204,0 -45.9714359982669,-22.2200319064788,0 -45.9732253249126,-22.2198931527427,0 -45.9744825507573,-22.2203692923168,0 -45.9750913344533,-22.2207775342717,0 -45.97483126449569,-22.2228119798017,0 -45.97483083772511,-22.2228121359055,0 -45.9750909060482,-22.2207777031622,0 -45.9744821223521,-22.2203694612072,0 -45.9732248965073,-22.2198933216331,0 
								</coordinates>
							</LinearRing>
							<LinearRing>
								<coordinates>
									-45.9771305264019,-22.2206528068723,0 -45.9774793461605,-22.2205874789553,0 -45.9777312747973,-22.2205407990573,0 -45.97813736432471,-22.2203396250631,0 -45.9784086429634,-22.2203109123595,0 -45.978408491129,-22.2203110583228,0 -45.9781370347833,-22.2203397898352,0 -45.977730945256,-22.2205409638295,0 -45.9774790165713,-22.2205876437362,0 -45.9771301968605,-22.2206529716445,0 -45.9769074976776,-22.2207175419704,0 -45.9764815151248,-22.2208103759372,0 -45.9764815814223,-22.2208102685335,0 -45.9769078272188,-22.2207173771982,0 -45.9771305264019,-22.2206528068723,0 
								</coordinates>
							</LinearRing>
							<LinearRing>
								<coordinates>
									-45.97737072624749,-22.2215293366539,0 -45.9776693543568,-22.2214734086393,0 -45.9780604781785,-22.2214009369589,0 -45.97842989709309,-22.2212179294716,0 -45.9788368396446,-22.2211215651122,0 -45.9794552318242,-22.2205358487725,0 -45.97972158853671,-22.2205249512958,0 -45.9804595003555,-22.2203031925801,0 -45.9804594620571,-22.2203032501912,0 -45.97972152262809,-22.2205250172043,0 -45.97945516591571,-22.220535914681,0 -45.97883677373601,-22.2211216310207,0 -45.9784298311845,-22.2212179953801,0 -45.97806041227,-22.2214010028674,0 -45.97766928845451,-22.2214734745457,0 -45.9773706603385,-22.2215294025624,0 -45.9771916544701,-22.2215570012112,0 -45.97706026103721,-22.2215353003999,0 -45.97706028659371,-22.2215352278269,0 -45.9771917203786,-22.2215569353027,0 -45.97737072624749,-22.2215293366539,0 
								</coordinates>
							</LinearRing>
							<LinearRing>
								<coordinates>
									-45.97153633036571,-22.2136947142041,0 -45.971527215742,-22.2136944150428,0 -45.9715389616452,-22.2136934694831,0 -45.97153633036571,-22.2136947142041,0 
								</coordinates>
							</LinearRing>
							<LinearRing>
								<coordinates>
									-45.9789482845354,-22.2197657541762,0 -45.97894834925589,-22.219765647121,0 -45.97958771018931,-22.219626300254,0 -45.97982988996559,-22.219615820359,0 -45.9798298560909,-22.2196159723368,0 -45.9795873806479,-22.2196264650262,0 -45.9789482845354,-22.2197657541762,0 
								</coordinates>
							</LinearRing>
							<LinearRing>
								<coordinates>
									-45.9737254560777,-22.2290257169572,0 -45.9734863527186,-22.2289999424522,0 -45.97330582139979,-22.2289828859929,0 -45.973228528352,-22.2290876332174,0 -45.9732021933414,-22.2292542852475,0 -45.9732126608376,-22.2294267605696,0 -45.9731676440372,-22.2296254482865,0 -45.9731131119019,-22.229789685088,0 -45.9731211800326,-22.2299464814965,0 -45.97304394743891,-22.2300602964401,0 -45.97290292317989,-22.2301155491664,0 -45.9725853047038,-22.230017696957,0 -45.9722824383803,-22.2299378928433,0 -45.9719407533041,-22.2298855245044,0 -45.9717842884044,-22.2298229812755,0 -45.971591374946,-22.2297556429252,0 -45.97138415497901,-22.2297800289497,0 -45.97128570382271,-22.2298264833269,0 -45.9712502018961,-22.2300596205085,0 -45.9711489844153,-22.2301810014133,0 -45.97096338121099,-22.2301734817593,0 -45.9707865237972,-22.2300882679508,0 -45.9707865092663,-22.2300882089343,0 -45.970963352376,-22.2301734158508,0 -45.9711489555803,-22.2301809355048,0 -45.9712501730612,-22.2300595546,0 -45.9712856749877,-22.2298264174184,0 -45.971384126144,-22.2297799630412,0 -45.971591346111,-22.2297555770167,0 -45.97178425956939,-22.229822915367,0 -45.9719407244691,-22.229885458596,0 -45.9722824095453,-22.2299378269347,0 -45.9725852758689,-22.2300176310485,0 -45.97290289434491,-22.2301154832579,0 -45.97304391860391,-22.2300602305316,0 -45.9731211511976,-22.229946415588,0 -45.9731130830669,-22.2297896191795,0 -45.9731676152022,-22.229625382378,0 -45.97321263200261,-22.2294266946611,0 -45.9732021645064,-22.229254219339,0 -45.973228499517,-22.2290875673089,0 -45.9733057925648,-22.2289828200844,0 -45.9734863238845,-22.2289998765437,0 -45.9737254272427,-22.2290256510486,0 -45.9739351194417,-22.2290289302766,0 -45.9740381690938,-22.2291235297263,0 -45.97403816787481,-22.2291235680452,0 -45.9739351482766,-22.2290289961851,0 -45.9737254560777,-22.2290257169572,0 
								</coordinates>
							</LinearRing>
							<LinearRing>
								<coordinates>
									-45.97034027227991,-22.2299528993804,0 -45.96944109206531,-22.2300066902585,0 -45.9690437007558,-22.230052565562,0 -45.96881949928981,-22.2301915793104,0 -45.9688892374043,-22.2304087447665,0 -45.96888922701869,-22.2304087363097,0 -45.9688194704548,-22.2301915134019,0 -45.9690436719209,-22.2300524996535,0 -45.9694410632307,-22.23000662435,0 -45.9703402434456,-22.2299528334718,0 -45.97057211058889,-22.2299428245571,0 -45.9707674062528,-22.2300106741523,0 -45.9707674213013,-22.2300107352711,0 -45.97057213942379,-22.2299428904656,0 -45.97034027227991,-22.2299528993804,0 
								</coordinates>
							</LinearRing>
							<LinearRing>
								<coordinates>
									-45.9690610016432,-22.2308682364108,0 -45.96892086194521,-22.2309017013515,0 -45.96868782244609,-22.2310336127213,0 -45.9686191343269,-22.2312515610936,0 -45.9685376291207,-22.2313064313946,0 -45.9683616524829,-22.2312313399799,0 -45.968338447141,-22.2315388481443,0 -45.9682582110308,-22.2317786198191,0 -45.9681665020552,-22.2320510901438,0 -45.9679684751321,-22.2321719154015,0 -45.9677794770699,-22.2323051403549,0 -45.9675491822025,-22.2324704691313,0 -45.96762825507171,-22.2327518047813,0 -45.9672764922857,-22.2328819895336,0 -45.9668968620273,-22.2329662255137,0 -45.9665113343265,-22.232994134907,0 -45.9662906526048,-22.2329544555428,0 -45.96613079067279,-22.2329451577305,0 -45.965954961005,-22.2330179336312,0 -45.9657464571465,-22.233147265135,0 -45.9655099111015,-22.2332050297179,0 -45.9653353311057,-22.2330983912942,0 -45.9650727732186,-22.2329196951713,0 -45.96488014673179,-22.2329787373208,0 -45.9646999695018,-22.2332387012061,0 -45.964413361734,-22.2330811011212,0 -45.9640862297912,-22.2329616686786,0 -45.9635498336004,-22.2329419593252,0 -45.9633474333175,-22.2327724515678,0 -45.9628873297468,-22.2323577084827,0 -45.9625764521497,-22.2318802346236,0 -45.9625764495575,-22.2318802090212,0 -45.9628873009118,-22.2323576425742,0 -45.96334740448229,-22.2327723856593,0 -45.9635498047654,-22.2329418934167,0 -45.9640862009562,-22.2329616027701,0 -45.964413332899,-22.2330810352127,0 -45.9646999406668,-22.2332386352976,0 -45.9648801178967,-22.2329786714123,0 -45.96507274438359,-22.2329196292628,0 -45.9653353022707,-22.2330983253856,0 -45.9655098822665,-22.2332049638094,0 -45.9657464283115,-22.2331471992265,0 -45.96595493216999,-22.2330178677227,0 -45.9661307618378,-22.2329450918219,0 -45.9662906237698,-22.2329543896343,0 -45.9665113054914,-22.2329940689985,0 -45.9668968331922,-22.2329661596052,0 -45.9672764634509,-22.2328819236251,0 -45.96762822623671,-22.2327517388728,0 -45.9675491533675,-22.2324704032228,0 -45.9677794482352,-22.2323050744469,0 -45.96796844629709,-22.232171849493,0 -45.96816647322021,-22.2320510242353,0 -45.9682581821965,-22.2317785539104,0 -45.968338418306,-22.2315387822359,0 -45.9683616236479,-22.2312312740714,0 -45.96853760028579,-22.2313063654861,0 -45.9686191054919,-22.2312514951851,0 -45.9686877936111,-22.2310335468128,0 -45.9689208331102,-22.230901635443,0 -45.96906097280829,-22.2308681705023,0 -45.9691768902295,-22.2307152069912,0 -45.9691769232326,-22.2307152673994,0 -45.9690610016432,-22.2308682364108,0 
								</coordinates>
							</LinearRing>
							<LinearRing>
								<coordinates>
									-45.97288945871419,-22.2181907384842,0 -45.9726228845826,-22.2184418414893,0 -45.9726228190203,-22.2184417883849,0 -45.97288945047559,-22.2181906313829,0 -45.97306360577851,-22.2179486329948,0 -45.9731171086205,-22.21765572034,0 -45.9733559169631,-22.2173961237761,0 -45.9734412845235,-22.2173804727372,0 -45.9734413826348,-22.2173805633615,0 -45.9733559252017,-22.2173962308774,0 -45.9731171168591,-22.2176558274413,0 -45.9730636140171,-22.2179487400962,0 -45.97288945871419,-22.2181907384842,0 
								</coordinates>
							</LinearRing>
							<LinearRing>
								<coordinates>
									-45.9703004760708,-22.2181175651904,0 -45.9702620091412,-22.2184316605775,0 -45.97013192779799,-22.2186524583526,0 -45.9699143564737,-22.2187831427215,0 -45.9699138447394,-22.2187831739257,0 -45.9701291225679,-22.2186538671466,0 -45.9702592039111,-22.2184330693716,0 -45.97029767084069,-22.2181189739844,0 -45.9703117239187,-22.217827305258,0 -45.9703645743266,-22.2177060871169,0 -45.97091316216291,-22.217294196524,0 -45.9713828436091,-22.2170102011292,0 -45.97138446598619,-22.2170095075536,0 -45.9709159673936,-22.2172927877295,0 -45.9703673795567,-22.2177046783229,0 -45.97031452914881,-22.2178258964639,0 -45.9703004760708,-22.2181175651904,0 
								</coordinates>
							</LinearRing>
							<LinearRing>
								<coordinates>
									-45.9706933474364,-22.2189252634058,0 -45.9708707038483,-22.2189366479105,0 -45.9716737695399,-22.2188528100547,0 -45.97241406740589,-22.2187613552606,0 -45.9728912966997,-22.218653079239,0 -45.9728914078951,-22.2186531629809,0 -45.97241407564451,-22.2187614623619,0 -45.9716737777788,-22.218852917156,0 -45.9708707120868,-22.2189367550118,0 -45.97069335567449,-22.2189253705069,0 -45.9700159843157,-22.2188195231886,0 -45.96984306441271,-22.2187887276493,0 -45.9698435062695,-22.2187887007061,0 -45.97001597607321,-22.2188194160866,0 -45.9706933474364,-22.2189252634058,0 
								</coordinates>
							</LinearRing>
							<LinearRing>
								<coordinates>
									-45.9589212710732,-22.2202128946161,0 -45.9592440712757,-22.2202610334148,0 -45.95938199832111,-22.2203737382934,0 -45.9585497974237,-22.2201338189736,0 -45.9589212710732,-22.2202128946161,0 
								</coordinates>
							</LinearRing>
							<LinearRing>
								<coordinates>
									-45.9577951848283,-22.2200576248669,0 -45.9575704075625,-22.2200304665591,0 -45.9575579852973,-22.2200237518746,0 -45.9583112734733,-22.2200830443503,0 -45.9584253166169,-22.2201073207286,0 -45.95811694183819,-22.2200842120901,0 -45.9577951848283,-22.2200576248669,0 
								</coordinates>
							</LinearRing>
							<LinearRing>
								<coordinates>
									-45.959759602734,-22.2297760142692,0 -45.9595919332579,-22.2295682860781,0 -45.9588407599076,-22.2289699191588,0 -45.95884075174501,-22.2289698697173,0 -45.9595919044229,-22.2295682201696,0 -45.959759573899,-22.2297759483607,0 -45.9600355906663,-22.2298801058083,0 -45.9603462093032,-22.2299656348025,0 -45.96138116733911,-22.2301866643427,0 -45.9621441473299,-22.2303558789056,0 -45.9624862801537,-22.2305193002437,0 -45.9624862711384,-22.2305193480728,0 -45.96214417616489,-22.2303559448141,0 -45.96138119617279,-22.230186730251,0 -45.96034623813821,-22.229965700711,0 -45.96003561950139,-22.2298801717168,0 -45.959759602734,-22.2297760142692,0 
								</coordinates>
							</LinearRing>
							<LinearRing>
								<coordinates>
									-45.95744748595191,-22.2260440806609,0 -45.95705246343979,-22.2261406132548,0 -45.9569248510285,-22.226366538214,0 -45.95682819898871,-22.2263971296061,0 -45.95658687111371,-22.2265186418664,0 -45.95658684523259,-22.2265185744706,0 -45.95682817015371,-22.2263970636976,0 -45.95692482219351,-22.2263664723055,0 -45.95705243460479,-22.2261405473463,0 -45.95744745711691,-22.2260440147524,0 -45.958008051197,-22.2264009167186,0 -45.95851075093289,-22.2264169142694,0 -45.95904064866131,-22.226658444643,0 -45.95929965333571,-22.2268486349574,0 -45.95949366355279,-22.226955331945,0 -45.9594936672017,-22.2269553840022,0 -45.95929968217071,-22.2268487008658,0 -45.9590406774962,-22.2266585105515,0 -45.95851077976791,-22.2264169801779,0 -45.958008080032,-22.2264009826271,0 -45.95744748595191,-22.2260440806609,0 
								</coordinates>
							</LinearRing>
							<LinearRing>
								<coordinates>
									-45.9553838292119,-22.2262350553491,0 -45.9555604160895,-22.2264087829101,0 -45.9559874278938,-22.2262068528931,0 -45.95613240604809,-22.2261609665294,0 -45.9564718074807,-22.2262190185157,0 -45.9564718325428,-22.2262190837789,0 -45.9561324348831,-22.2261610324379,0 -45.9559874567288,-22.2262069188016,0 -45.9555604449245,-22.2264088488186,0 -45.9553838112102,-22.2262350751794,0 -45.9553838292119,-22.2262350553491,0 
								</coordinates>
							</LinearRing>
							<LinearRing>
								<coordinates>
									-45.9561302352658,-22.2230277628685,0 -45.9559559374667,-22.2233448209011,0 -45.95583117731561,-22.2237348226418,0 -45.9557156308881,-22.2241416952624,0 -45.9554940792812,-22.2240145286133,0 -45.955205353806,-22.2240431419206,0 -45.9550616468672,-22.2243232437839,0 -45.9552175479729,-22.2247973396201,0 -45.9552175283536,-22.2247973017367,0 -45.9550616180322,-22.2243231778754,0 -45.9552053249709,-22.2240430760121,0 -45.9554940504462,-22.2240144627048,0 -45.9557156020531,-22.2241416293539,0 -45.9558311484806,-22.2237347567333,0 -45.9559559086317,-22.2233447549926,0 -45.95613020643079,-22.22302769696,0 -45.9568435426822,-22.2228906638291,0 -45.95711612364249,-22.223061755582,0 -45.9572319337885,-22.2232869051941,0 -45.9572319350884,-22.2232869175708,0 -45.9571161524775,-22.2230618214905,0 -45.9568435715171,-22.2228907297376,0 -45.9561302352658,-22.2230277628685,0 
								</coordinates>
							</LinearRing>
							<LinearRing>
								<coordinates>
									-45.9548211419505,-22.2259047620206,0 -45.9548211447039,-22.2259047655968,0 -45.9552208538485,-22.2258625681733,0 -45.9553911951382,-22.2257021583141,0 -45.9554451857907,-22.2252369029319,0 -45.9554452155955,-22.2252369604829,0 -45.9553912239732,-22.2257022242226,0 -45.9552208826835,-22.2258626340818,0 -45.9548211735389,-22.2259048315053,0 -45.9548211419505,-22.2259047620206,0 
								</coordinates>
							</LinearRing>
							<LinearRing>
								<coordinates>
									-45.96424498051601,-22.2188558028337,0 -45.96416854181161,-22.2189890767984,0 -45.9641682858734,-22.2189890946505,0 -45.9641819807784,-22.2189652170515,0 -45.9641954046359,-22.2189418120258,0 -45.9642446592129,-22.2188559346515,0 -45.9644127577916,-22.2186178112374,0 -45.9644902932766,-22.218515139729,0 -45.9647872453003,-22.2180135502152,0 -45.964787418629,-22.2180136683449,0 -45.9644906145796,-22.2185150079112,0 -45.9644130790946,-22.2186176794196,0 -45.96424498051601,-22.2188558028337,0 
								</coordinates>
							</LinearRing>
							<LinearRing>
								<coordinates>
									-45.9640587187128,-22.2187415886539,0 -45.963908370784,-22.2188417069562,0 -45.9639083320627,-22.2188416385784,0 -45.9640587437618,-22.2187414778109,0 -45.9640587187128,-22.2187415886539,0 
								</coordinates>
							</LinearRing>
							<LinearRing>
								<coordinates>
									-45.9623914261033,-22.2175019428004,0 -45.96229039948591,-22.2175145998537,0 -45.962290396015,-22.2175145869087,0 -45.9623914442645,-22.2175019271445,0 -45.9623914261033,-22.2175019428004,0 
								</coordinates>
							</LinearRing>
							<LinearRing>
								<coordinates>
									-45.9623884556234,-22.2171470810537,0 -45.9624527254987,-22.2171211019881,0 -45.9624521418175,-22.2171216994066,0 -45.9623874340427,-22.2171478554793,0 -45.96235281658251,-22.2171618484789,0 -45.96231364523419,-22.2171886455732,0 -45.96231377276929,-22.2171884827636,0 -45.96235383816341,-22.2171610740533,0 -45.9623884556234,-22.2171470810537,0 
								</coordinates>
							</LinearRing>
							<LinearRing>
								<coordinates>
									-45.9625126674313,-22.2170597492859,0 -45.9625126613495,-22.2170597466906,0 -45.9625126674313,-22.2170597492859,0 -45.9625126674313,-22.2170597492859,0 
								</coordinates>
							</LinearRing>
						</innerBoundaryIs>
					</Polygon>
				</MultiGeometry>
			</Placemark>
		</Folder>
	</Document>
	<Document id="root_doc">
		<name>MPEN.kml</name>
		<Schema name="mpen" id="mpen">
			<SimpleField type="string" name="descriptio"></SimpleField>
			<SimpleField type="string" name="timestamp"></SimpleField>
			<SimpleField type="string" name="begin"></SimpleField>
			<SimpleField type="string" name="end"></SimpleField>
			<SimpleField type="string" name="altitudeMo"></SimpleField>
			<SimpleField type="float" name="tessellate"></SimpleField>
			<SimpleField type="float" name="extrude"></SimpleField>
			<SimpleField type="float" name="visibility"></SimpleField>
			<SimpleField type="float" name="drawOrder"></SimpleField>
			<SimpleField type="string" name="icon"></SimpleField>
			<SimpleField type="string" name="layer"></SimpleField>
			<SimpleField type="string" name="path"></SimpleField>
		</Schema>
		<StyleMap id="m_ylw-pushpin6">
			<Pair>
				<key>normal</key>
				<styleUrl>#s_ylw-pushpin6</styleUrl>
			</Pair>
			<Pair>
				<key>highlight</key>
				<styleUrl>#s_ylw-pushpin_hl6</styleUrl>
			</Pair>
		</StyleMap>
		<Style id="s_ylw-pushpin6">
			<IconStyle>
				<scale>1.1</scale>
				<Icon>
					<href>http://maps.google.com/mapfiles/kml/pushpin/ylw-pushpin.png</href>
				</Icon>
				<hotSpot x="20" y="2" xunits="pixels" yunits="pixels"/>
			</IconStyle>
			<LineStyle>
				<color>ff00aa55</color>
			</LineStyle>
			<PolyStyle>
				<color>8000aa55</color>
			</PolyStyle>
		</Style>
		<Style id="s_ylw-pushpin_hl6">
			<IconStyle>
				<scale>1.3</scale>
				<Icon>
					<href>http://maps.google.com/mapfiles/kml/pushpin/ylw-pushpin.png</href>
				</Icon>
				<hotSpot x="20" y="2" xunits="pixels" yunits="pixels"/>
			</IconStyle>
			<LineStyle>
				<color>ff00aa55</color>
			</LineStyle>
			<PolyStyle>
				<color>8000aa55</color>
			</PolyStyle>
		</Style>
		<Folder>
			<name>mpen</name>
			<Placemark>
				<name>MacroÃ¡rea de PreservaÃ§Ã£o de Ecossistemas Naturais</name>
				<styleUrl>#m_ylw-pushpin6</styleUrl>
				<ExtendedData>
					<SchemaData schemaUrl="#mpen">
						<SimpleData name="descriptio">A macroÃ¡rea de preservaÃ§Ã£o de ecossistemas naturais, Ã© caracterizada por Ã¡reas que conservam as caracterÃ­sticas naturais de conservaÃ§Ã£o ambiental. Predominam Ã¡reas de remanescentes florestais naturais e ecossistemas associados com expressiva dis</SimpleData>
						<SimpleData name="tessellate">1</SimpleData>
						<SimpleData name="extrude">0</SimpleData>
						<SimpleData name="visibility">-1</SimpleData>
						<SimpleData name="layer">4_MacroÃ¡rea de PreservaÃ§Ã£o de Ecossistemas Naturais</SimpleData>
						<SimpleData name="path">C:/Users/User/Desktop/ISA - QGIS/QGIS ANEXOS/SHAPES/MDR/MACROA. PRES. ECOSSIST. NATURAIS/4_MacroÃ¡rea de PreservaÃ§Ã£o de Ecossistemas Naturais.shp</SimpleData>
					</SchemaData>
				</ExtendedData>
				<MultiGeometry>
					<Polygon>
						<outerBoundaryIs>
							<LinearRing>
								<coordinates>
									-46.0631273082741,-22.2494346123428,0 -46.063145,-22.2493819966905,0 -46.063222,-22.2491419966905,0 -46.063225,-22.2489009966906,0 -46.063276,-22.2486829966906,0 -46.063329,-22.2484539966906,0 -46.063343,-22.2472139966908,0 -46.063321,-22.2469839966908,0 -46.063225,-22.2467649966908,0 -46.063117,-22.2465339966909,0 -46.063008,-22.2463369966909,0 -46.06283799999999,-22.2461519966909,0 -46.062618,-22.2459999966909,0 -46.06238500000001,-22.2458829966909,0 -46.06209,-22.2457649966909,0 -46.061856,-22.245716996691,0 -46.061598,-22.245656996691,0 -46.061045,-22.245478996691,0 -46.060405,-22.245322996691,0 -46.060073,-22.245227996691,0 -46.059766,-22.245120996691,0 -46.059127,-22.244861996691,0 -46.05889400000001,-22.244801996691,0 -46.058647,-22.2447759966911,0 -46.05841300000001,-22.2447619966911,0 -46.058192,-22.2446679966911,0 -46.057886,-22.2444929966911,0 -46.057677,-22.2443869966911,0 -46.057433,-22.2442129966911,0 -46.057213,-22.2439919966911,0 -46.057043,-22.2437839966912,0 -46.056861,-22.2435629966912,0 -46.056678,-22.2433659966912,0 -46.056508,-22.2431579966913,0 -46.056337,-22.2429839966913,0 -46.05608,-22.2428319966913,0 -46.05582200000001,-22.2427489966913,0 -46.055588,-22.2426549966913,0 -46.05535500000001,-22.2425719966913,0 -46.055109,-22.2425119966913,0 -46.054827,-22.2424049966913,0 -46.054544,-22.2423109966913,0 -46.054249,-22.2422499966913,0 -46.053966,-22.2421669966914,0 -46.053707,-22.2421299966914,0 -46.053474,-22.2420699966914,0 -46.053191,-22.2419869966914,0 -46.052982,-22.2418809966914,0 -46.052492,-22.2416229966914,0 -46.052247,-22.2414829966914,0 -46.05203899999999,-22.2413429966915,0 -46.051856,-22.2412029966915,0 -46.05168500000001,-22.2410179966915,0 -46.051527,-22.2407979966915,0 -46.05137,-22.2405209966916,0 -46.051213,-22.2402319966916,0 -46.050997,-22.2397699966917,0 -46.050889,-22.2394819966917,0 -46.050818,-22.2392629966917,0 -46.050747,-22.2390209966917,0 -46.050626,-22.2388019966918,0 -46.05049300000001,-22.2385939966918,0 -46.050323,-22.2383739966918,0 -46.05014,-22.2381419966918,0 -46.04997,-22.2379219966919,0 -46.04981200000001,-22.2377369966919,0 -46.049629,-22.2375969966919,0 -46.049409,-22.2374109966919,0 -46.049239,-22.2372019966919,0 -46.049019,-22.236981996692,0 -46.048849,-22.236818996692,0 -46.048592,-22.236597996692,0 -46.04841,-22.236331996692,0 -46.04826500000001,-22.2361469966921,0 -46.048058,-22.2359039966921,0 -46.047912,-22.2357299966921,0 -46.047742,-22.2354989966921,0 -46.04756,-22.2352669966922,0 -46.04739,-22.2350359966922,0 -46.047195,-22.2347919966922,0 -46.046964,-22.2345719966923,0 -46.046757,-22.2343399966923,0 -46.046392,-22.2338769966923,0 -46.046222,-22.2337029966924,0 -46.046076,-22.2335289966924,0 -46.045917,-22.2333659966924,0 -46.045771,-22.2331929966924,0 -46.045601,-22.2329839966924,0 -46.04544299999999,-22.2328219966925,0 -46.045248,-22.2326239966925,0 -46.044991,-22.2323919966925,0 -46.044846,-22.2321719966925,0 -46.044701,-22.2319409966926,0 -46.04461700000001,-22.2317109966926,0 -46.044497,-22.2314219966926,0 -46.044418,-22.2312249966926,0 -46.04426699999999,-22.2310869966927,0 -46.044096,-22.2309359966927,0 -46.043987,-22.2307389966927,0 -46.043854,-22.2305429966927,0 -46.043733,-22.2303349966927,0 -46.043649,-22.2301269966928,0 -46.043553,-22.2298959966928,0 -46.043421,-22.2296649966928,0 -46.04328700000001,-22.2294459966929,0 -46.043154,-22.2292379966929,0 -46.04302100000001,-22.2290519966929,0 -46.04288799999999,-22.2287979966929,0 -46.042597,-22.228404996693,0 -46.042427,-22.228184996693,0 -46.042281,-22.227987996693,0 -46.042149,-22.2277339966931,0 -46.042053,-22.2274799966931,0 -46.041761,-22.2271099966931,0 -46.041528,-22.2269929966931,0 -46.041358,-22.2268409966932,0 -46.04117500000001,-22.2266439966932,0 -46.04099299999999,-22.2264239966932,0 -46.04081,-22.2262269966932,0 -46.040639,-22.2260759966933,0 -46.040443,-22.2259249966933,0 -46.040236,-22.2257499966933,0 -46.03979499999999,-22.2254699966933,0 -46.039513,-22.2253409966933,0 -46.03926800000001,-22.2251999966934,0 -46.039072,-22.2250719966934,0 -46.038827,-22.2249549966934,0 -46.038532,-22.2248939966934,0 -46.038298,-22.2248569966934,0 -46.038003,-22.2247849966934,0 -46.03775700000001,-22.2247139966934,0 -46.037474,-22.2246299966934,0 -46.03723999999999,-22.2245929966934,0 -46.036945,-22.2245439966934,0 -46.036698,-22.2245069966934,0 -46.036415,-22.2244579966934,0 -46.03584800000001,-22.2244519966934,0 -46.03533,-22.2244699966934,0 -46.035033,-22.2245129966934,0 -46.034798,-22.2245329966934,0 -46.034514,-22.2245879966934,0 -46.03425399999999,-22.2246649966934,0 -46.033995,-22.2247089966934,0 -46.033599,-22.2247499966934,0 -46.033352,-22.2248169966934,0 -46.03308,-22.2248829966934,0 -46.03277,-22.2249599966934,0 -46.03250999999999,-22.2250489966934,0 -46.032262,-22.2251499966934,0 -46.032015,-22.2251929966934,0 -46.031719,-22.2252019966934,0 -46.03144700000001,-22.2252559966934,0 -46.031212,-22.2253229966933,0 -46.03097699999999,-22.2253769966933,0 -46.030717,-22.2254549966933,0 -46.030432,-22.2255559966933,0 -46.030135,-22.2256209966933,0 -46.02985100000001,-22.2256639966933,0 -46.02953,-22.2256949966933,0 -46.029246,-22.2257149966933,0 -46.027914,-22.2257009966933,0 -46.02732100000001,-22.2257409966933,0 -46.027024,-22.2258069966933,0 -46.026764,-22.2258729966933,0 -46.026564,-22.2260889966933,0 -46.026329,-22.2261779966932,0 -46.02609300000001,-22.2263369966932,0 -46.025869,-22.2264839966932,0 -46.025657,-22.2266309966932,0 -46.025421,-22.2267889966932,0 -46.025221,-22.2269939966931,0 -46.025046,-22.2271869966931,0 -46.02483399999999,-22.2273919966931,0 -46.02456000000001,-22.2275609966931,0 -46.02429900000001,-22.2277299966931,0 -46.02395000000001,-22.228070996693,0 -46.023787,-22.228252996693,0 -46.0236,-22.228446996693,0 -46.023388,-22.228627996693,0 -46.022777,-22.2291839966929,0 -46.02258999999999,-22.2293429966929,0 -46.022342,-22.2294089966929,0 -46.022095,-22.2294299966929,0 -46.02181199999999,-22.2294149966929,0 -46.021579,-22.2292749966929,0 -46.02132,-22.2292719966929,0 -46.021061,-22.2292469966929,0 -46.02076599999999,-22.2292089966929,0 -46.02051900000001,-22.2291829966929,0 -46.020273,-22.2291119966929,0 -46.02004,-22.2290639966929,0 -46.019806,-22.2289919966929,0 -46.01951100000001,-22.2288969966929,0 -46.019278,-22.2288259966929,0 -46.019057,-22.2287199966929,0 -46.01882400000001,-22.228625996693,0 -46.018591,-22.228519996693,0 -46.018333,-22.228413996693,0 -46.01805,-22.228329996693,0 -46.017657,-22.228187996693,0 -46.0176306517537,-22.2281799678282,0 -46.017424,-22.228116996693,0 -46.01719,-22.228056996693,0 -46.01693100000001,-22.228030996693,0 -46.016586,-22.228027996693,0 -46.016353,-22.227932996693,0 -46.016132,-22.2278509966931,0 -46.01581299999999,-22.2277099966931,0 -46.01558,-22.2275689966931,0 -46.01518899999999,-22.2273119966931,0 -46.014993,-22.2271729966931,0 -46.01481,-22.2270329966931,0 -46.014614,-22.2268699966932,0 -46.014382,-22.2266719966932,0 -46.01415100000001,-22.2264399966932,0 -46.013919,-22.2262419966932,0 -46.013711,-22.2260789966933,0 -46.013491,-22.2259389966933,0 -46.01328300000001,-22.2257879966933,0 -46.013063,-22.2256249966933,0 -46.012807,-22.2254039966933,0 -46.012636,-22.2252529966934,0 -46.012391,-22.2250659966934,0 -46.012171,-22.2249149966934,0 -46.01196399999999,-22.2247059966934,0 -46.01176899999999,-22.2244969966934,0 -46.011405,-22.2240339966935,0 -46.01109100000001,-22.2235019966936,0 -46.010995,-22.2232369966936,0 -46.010985,-22.2230179966936,0 -46.010926,-22.2227999966936,0 -46.010843,-22.2225689966937,0 -46.01074699999999,-22.2223499966937,0 -46.010639,-22.2221189966937,0 -46.010447,-22.2217029966938,0 -46.010363,-22.2214729966938,0 -46.010255,-22.2212649966938,0 -46.010134,-22.2210569966938,0 -46.009988,-22.2208599966939,0 -46.009842,-22.2206859966939,0 -46.009573,-22.2205109966939,0 -46.00946399999999,-22.2203149966939,0 -46.009356,-22.220106996694,0 -46.009235,-22.219909996694,0 -46.009127,-22.219701996694,0 -46.009006,-22.219482996694,0 -46.008922,-22.2192519966941,0 -46.00873,-22.2188369966941,0 -46.008516,-22.2182369966942,0 -46.008142,-22.2175209966943,0 -46.008034,-22.2172559966943,0 -46.0079207639312,-22.2170686889113,0 -46.0074716575232,-22.2164977291864,0 -46.00706468326781,-22.2161051041076,0 -46.0069724529851,-22.2160169718585,0 -46.006903,-22.2159579966945,0 -46.006708,-22.2157949966945,0 -46.006525,-22.2156319966945,0 -46.006329,-22.2155039966945,0 -46.006084,-22.2153399966945,0 -46.005827,-22.2151769966945,0 -46.00558199999999,-22.2150249966945,0 -46.005337,-22.2149069966946,0 -46.005104,-22.2148019966946,0 -46.004883,-22.2147069966946,0 -46.00470641181349,-22.2145983270414,0 -46.0038580864226,-22.214186826844,0 -46.00304751730789,-22.2138719457518,0 -46.0025054390868,-22.2137662419959,0 -46.0024785362615,-22.2137631720038,0 -46.00209928261729,-22.2137498168333,0 -46.0020414761416,-22.2137312669154,0 -46.001702,-22.2136509966947,0 -46.001333,-22.2135439966947,0 -46.001026,-22.2134369966947,0 -46.000707,-22.2133299966947,0 -46.00041199999999,-22.2132119966948,0 -46.00040266279469,-22.2132053768186,0 -46.0003846333741,-22.2131995912337,0 -46.0000688163916,-22.2129739714931,0 -45.9999458197739,-22.2128609468807,0 -45.9998229007811,-22.2127396295699,0 -45.999691,-22.2126189966948,0 -45.9996172179637,-22.2125677410324,0 -45.9994717514686,-22.212473754751,0 -45.99941734983231,-22.2124163634654,0 -45.999276,-22.2122809966949,0 -45.9991635379858,-22.2121345533527,0 -45.99911678433429,-22.2120759493017,0 -45.99898400000001,-22.2119179966949,0 -45.998833,-22.2117479966949,0 -45.998693,-22.211566996695,0 -45.998527,-22.211339996695,0 -45.998337,-22.211089996695,0 -45.998147,-22.210874996695,0 -45.99797,-22.210705996695,0 -45.997744,-22.2105029966951,0 -45.997491,-22.2102539966951,0 -45.9973634316753,-22.2101274958878,0 -45.9972527020661,-22.2100247311918,0 -45.9970375955175,-22.2098800386988,0 -45.996989,-22.2098489966952,0 -45.996763,-22.2097029966952,0 -45.9965736796048,-22.2095679833456,0 -45.9964796060323,-22.2095047042878,0 -45.996287,-22.2093899966952,0 -45.9962164390999,-22.209340189001,0 -45.99648430407469,-22.2102257086418,0 -45.9942870176773,-22.2086543838527,0 -45.9928647506668,-22.2071245277524,0 -45.9892212507121,-22.2064942277542,0 -45.9882878941213,-22.2053066543733,0 -45.987854376835,-22.2046195881223,0 -45.9878211547244,-22.2045132130696,0 -45.9874024592823,-22.2042708360371,0 -45.9860693711881,-22.2035322785002,0 -45.98603430967799,-22.2034671244933,0 -45.9838918154588,-22.2025335982173,0 -45.9815105666513,-22.2003460035755,0 -45.98008874174741,-22.1995159922035,0 -45.975484003585,-22.2004090600237,0 -45.9735851668543,-22.2016614617978,0 -45.9731431668479,-22.2014275101878,0 -45.9722151589428,-22.2021114588779,0 -45.97343102915481,-22.2029271444648,0 -45.973039488975,-22.2049889441157,0 -45.9720701374305,-22.2065560372585,0 -45.972850231591,-22.2072112388526,0 -45.97300747111381,-22.207324153212,0 -45.9732978473592,-22.2078018057849,0 -45.9734839982757,-22.2077459181192,0 -45.9738294290553,-22.2077823269095,0 -45.9771783635743,-22.2097527305522,0 -45.9792275711808,-22.2092967328311,0 -45.98118115501291,-22.2095577313228,0 -45.9815445639219,-22.2110904081094,0 -45.9788356695041,-22.2118911819979,0 -45.9785239453713,-22.2123866623229,0 -45.9785029886141,-22.2124660774079,0 -45.9786117993112,-22.2124459656762,0 -45.9789416082093,-22.2123567195242,0 -45.97925704813899,-22.2123535693443,0 -45.97947617148931,-22.2124468564838,0 -45.9796391589708,-22.2125494786243,0 -45.97967768601071,-22.2124923302189,0 -45.97990297851889,-22.2124900794485,0 -45.9801653754138,-22.2125725155413,0 -45.9802679754055,-22.2127213874918,0 -45.9803995397253,-22.2126920953706,0 -45.9805978879018,-22.2126807747318,0 -45.9808049881891,-22.2126896055478,0 -45.9809394518732,-22.2127297142065,0 -45.98106072696821,-22.2127904583739,0 -45.9811692000677,-22.2128305259236,0 -45.98123880091409,-22.2127989682228,0 -45.98131081082901,-22.2128701397201,0 -45.98141303314961,-22.2128793522401,0 -45.9817838344765,-22.2127934821075,0 -45.98212014671411,-22.2129029138294,0 -45.9821713895216,-22.2129635547905,0 -45.9821938421446,-22.2130545639727,0 -45.9821420257653,-22.2130954428198,0 -45.9821702836501,-22.21327532711,0 -45.9826661217761,-22.2132802838111,0 -45.9828298752593,-22.2132088971481,0 -45.982958084442,-22.2130468680467,0 -45.98341051575639,-22.2130018283274,0 -45.9838995157518,-22.2129766080557,0 -45.9844755395093,-22.2129910719797,0 -45.9852544181083,-22.2130942380662,0 -45.9858441290995,-22.2131384535657,0 -45.9863821130439,-22.2131630282345,0 -45.9868787810604,-22.2131079123238,0 -45.9875074809547,-22.2131215833113,0 -45.98780802855639,-22.2132382534339,0 -45.9880255874362,-22.2133251606562,0 -45.98842880677591,-22.2133111911026,0 -45.98876731419001,-22.2131887063855,0 -45.9891517950236,-22.2131348841735,0 -45.98941415323209,-22.2132318482368,0 -45.98969812358631,-22.2133377327795,0 -45.990231825868,-22.2133912699275,0 -45.9906001926251,-22.2132791977026,0 -45.991369969819,-22.212961399671,0 -45.9918373996153,-22.2129817665859,0 -45.9930643144557,-22.2124755889545,0 -45.99254399348259,-22.2131623147813,0 -45.9925002058004,-22.2136469371184,0 -45.9925855125712,-22.2141602533951,0 -45.9924078579376,-22.2146690114325,0 -45.9919878918364,-22.2149954689855,0 -45.9920295140608,-22.2154199381928,0 -45.991919129783,-22.2158061066503,0 -45.99132083913591,-22.2172108557098,0 -45.991194466481,-22.2175447948112,0 -45.9907613118865,-22.2190385517146,0 -45.9907888787165,-22.2200056462003,0 -45.990951002168,-22.2207338087357,0 -45.9909858046939,-22.2212110394357,0 -45.9908585646196,-22.2219446359019,0 -45.9908547061432,-22.2226038150882,0 -45.9911894311932,-22.2227701138739,0 -45.9914432282511,-22.2230483544833,0 -45.9916391386952,-22.2236828272636,0 -45.9920089699551,-22.2238702084376,0 -45.9923572807451,-22.2244597936655,0 -45.99223778584589,-22.2249641495801,0 -45.9923226993668,-22.2254323625261,0 -45.9921799288674,-22.2263755593393,0 -45.9917169483594,-22.2290134958037,0 -45.9919313494499,-22.2306978932795,0 -45.9919069539673,-22.2312944126008,0 -45.9927269924619,-22.2320955077848,0 -45.9925384313579,-22.2341986115334,0 -45.9936038384801,-22.2353869840115,0 -45.9972347568336,-22.2344725486834,0 -46.00188364098621,-22.2327609438426,0 -46.0046522217149,-22.2331088592644,0 -46.01216706863139,-22.2347354571513,0 -46.0102328128043,-22.2403311723802,0 -46.02133526727581,-22.2423053903478,0 -46.0235958948908,-22.2416625749033,0 -46.0226783220133,-22.2392580368955,0 -46.0262834359451,-22.2382874505828,0 -46.0276551342038,-22.2353948909202,0 -46.0272948532472,-22.2320885097192,0 -46.0331138119432,-22.2331694386406,0 -46.0342767665949,-22.2313065184422,0 -46.0369398790037,-22.230998936454,0 -46.03944413032789,-22.2319442479514,0 -46.0387315333227,-22.2345196962689,0 -46.0403205152945,-22.238007091767,0 -46.0455627614892,-22.2410954392931,0 -46.048716717864,-22.2413802807881,0 -46.05705751732511,-22.2507842747137,0 -46.05736015227261,-22.2505153927007,0 -46.06132918891591,-22.2492717315396,0 -46.0631273082741,-22.2494346123428,0 
								</coordinates>
							</LinearRing>
						</outerBoundaryIs>
					</Polygon>
				</MultiGeometry>
			</Placemark>
			<Placemark>
				<name>MacroÃ¡rea de PreservaÃ§Ã£o de Ecossistemas Naturais</name>
				<styleUrl>#m_ylw-pushpin6</styleUrl>
				<ExtendedData>
					<SchemaData schemaUrl="#mpen">
						<SimpleData name="descriptio">A macroÃ¡rea de preservaÃ§Ã£o de ecossistemas naturais, Ã© caracterizada por Ã¡reas que conservam as caracterÃ­sticas naturais de conservaÃ§Ã£o ambiental. Predominam Ã¡reas de remanescentes florestais naturais e ecossistemas associados com expressiva dis</SimpleData>
						<SimpleData name="tessellate">1</SimpleData>
						<SimpleData name="extrude">0</SimpleData>
						<SimpleData name="visibility">-1</SimpleData>
						<SimpleData name="layer">5_MacroÃ¡rea de PreservaÃ§Ã£o de Ecossistemas Naturais</SimpleData>
						<SimpleData name="path">C:/Users/User/Desktop/ISA - QGIS/QGIS ANEXOS/SHAPES/MDR/MACROA. PRES. ECOSSIST. NATURAIS/5_MacroÃ¡rea de PreservaÃ§Ã£o de Ecossistemas Naturais.shp</SimpleData>
					</SchemaData>
				</ExtendedData>
				<MultiGeometry>
					<Polygon>
						<outerBoundaryIs>
							<LinearRing>
								<coordinates>
									-46.06408084602261,-22.2765814626882,0 -46.064095,-22.2764319966873,0 -46.06410699999999,-22.2762019966874,0 -46.064145,-22.2759489966874,0 -46.06418200000001,-22.2756619966874,0 -46.064194,-22.2754439966875,0 -46.064232,-22.2752029966875,0 -46.064232,-22.2749269966875,0 -46.06419499999999,-22.2746859966875,0 -46.064158,-22.2744569966876,0 -46.06415899999999,-22.2739279966876,0 -46.064134,-22.2736989966877,0 -46.064147,-22.2734809966877,0 -46.064122,-22.2732049966877,0 -46.06406100000001,-22.2729409966878,0 -46.064012,-22.2727109966878,0 -46.063987,-22.2724929966878,0 -46.06395,-22.2722289966878,0 -46.063975,-22.2719989966879,0 -46.063877,-22.2717229966879,0 -46.063803,-22.2715049966879,0 -46.063717,-22.2712869966879,0 -46.06364299999999,-22.271068996688,0 -46.06358199999999,-22.270803996688,0 -46.063508,-22.270528996688,0 -46.063409,-22.2701839966881,0 -46.063373,-22.2699659966881,0 -46.063323,-22.2697359966881,0 -46.063287,-22.2695179966882,0 -46.063213,-22.2692879966882,0 -46.063139,-22.2690469966882,0 -46.06310199999999,-22.2688169966882,0 -46.063053,-22.2685419966883,0 -46.063016,-22.2683009966883,0 -46.062905,-22.2680479966883,0 -46.062795,-22.2678299966883,0 -46.06269600000001,-22.2675199966884,0 -46.06265899999999,-22.2672439966884,0 -46.06258600000001,-22.2670139966884,0 -46.062524,-22.2667499966885,0 -46.06245,-22.2664739966885,0 -46.062377,-22.2661759966886,0 -46.062327,-22.2659459966886,0 -46.062291,-22.2656819966886,0 -46.062205,-22.2653719966886,0 -46.062106,-22.2651419966887,0 -46.06202,-22.2649239966887,0 -46.061909,-22.2647169966887,0 -46.06176099999999,-22.2644989966887,0 -46.06175599860719,-22.2644913278864,0 -46.06174228229931,-22.2644863667944,0 -46.06047935576209,-22.2640519989035,0 -46.0583560503804,-22.2642219584405,0 -46.05677458136491,-22.2629129426451,0 -46.05578121402531,-22.2630217206331,0 -46.05595811326,-22.2611411851661,0 -46.0549492682416,-22.2612953752373,0 -46.05300088810441,-22.2614771657877,0 -46.0513311738448,-22.2613976100913,0 -46.0492495878216,-22.2632336970524,0 -46.0477367408521,-22.2642617139818,0 -46.0464278955975,-22.2672403118738,0 -46.0464375343135,-22.2672993175523,0 -46.0468469305613,-22.2702220923171,0 -46.0508241452389,-22.2716544084523,0 -46.05305818231859,-22.2735008174238,0 -46.05514378902299,-22.2742983848485,0 -46.0573000450415,-22.2723268703403,0 -46.0594626055745,-22.27185751146,0 -46.06040443625761,-22.2745008874692,0 -46.0615020812328,-22.276450297453,0 -46.06408084602261,-22.2765814626882,0 
								</coordinates>
							</LinearRing>
						</outerBoundaryIs>
					</Polygon>
				</MultiGeometry>
			</Placemark>
			<Placemark>
				<name>MacroÃ¡rea de PreservaÃ§Ã£o de Ecossistemas Naturais</name>
				<styleUrl>#m_ylw-pushpin6</styleUrl>
				<ExtendedData>
					<SchemaData schemaUrl="#mpen">
						<SimpleData name="descriptio">A macroÃ¡rea de preservaÃ§Ã£o de ecossistemas naturais, Ã© caracterizada por Ã¡reas que conservam as caracterÃ­sticas naturais de conservaÃ§Ã£o ambiental. Predominam Ã¡reas de remanescentes florestais naturais e ecossistemas associados com expressiva dis</SimpleData>
						<SimpleData name="tessellate">1</SimpleData>
						<SimpleData name="extrude">0</SimpleData>
						<SimpleData name="visibility">-1</SimpleData>
						<SimpleData name="layer">6_MacroÃ¡rea de PreservaÃ§Ã£o de Ecossistemas Naturais</SimpleData>
						<SimpleData name="path">C:/Users/User/Desktop/ISA - QGIS/QGIS ANEXOS/SHAPES/MDR/MACROA. PRES. ECOSSIST. NATURAIS/6_MacroÃ¡rea de PreservaÃ§Ã£o de Ecossistemas Naturais.shp</SimpleData>
					</SchemaData>
				</ExtendedData>
				<MultiGeometry>
					<Polygon>
						<outerBoundaryIs>
							<LinearRing>
								<coordinates>
									-46.039069,-22.3270884266856,0 -46.039069,-22.3269949966814,0 -46.039082,-22.3267419966814,0 -46.039082,-22.3264779966815,0 -46.039107,-22.3262489966815,0 -46.039157,-22.3259389966815,0 -46.03924299999999,-22.3256979966816,0 -46.03933,-22.3254909966816,0 -46.039466,-22.3252609966816,0 -46.039577,-22.3250319966817,0 -46.039689,-22.3247329966817,0 -46.039825,-22.3244349966817,0 -46.039973,-22.3241369966817,0 -46.04006,-22.3239299966818,0 -46.040134,-22.3237119966818,0 -46.040208,-22.3234819966818,0 -46.04027,-22.3232299966818,0 -46.040283,-22.3229879966819,0 -46.040283,-22.3227359966819,0 -46.04037000000001,-22.322356996682,0 -46.040432,-22.322126996682,0 -46.040506,-22.321908996682,0 -46.04070399999999,-22.3213119966821,0 -46.04075399999999,-22.3210019966821,0 -46.04077900000001,-22.3207149966822,0 -46.04077900000001,-22.3204169966822,0 -46.040767,-22.3201179966822,0 -46.040767,-22.3198199966823,0 -46.040755,-22.3195899966823,0 -46.040706,-22.3193599966823,0 -46.04068199999999,-22.3190959966823,0 -46.040657,-22.3188549966824,0 -46.04063299999999,-22.3185559966824,0 -46.040621,-22.3183379966824,0 -46.040634,-22.3180279966825,0 -46.04059699999999,-22.3177749966825,0 -46.04056,-22.3175569966825,0 -46.04052299999999,-22.3172129966826,0 -46.040474,-22.3169479966826,0 -46.040462,-22.3166609966826,0 -46.040462,-22.3164319966826,0 -46.040475,-22.3162129966827,0 -46.04053699999999,-22.3159379966827,0 -46.04063600000001,-22.3157199966827,0 -46.040772,-22.3154899966828,0 -46.04090799999999,-22.3152839966828,0 -46.041069,-22.3150769966828,0 -46.041266,-22.3149399966828,0 -46.041501,-22.3148019966828,0 -46.04174799999999,-22.3146759966829,0 -46.041982,-22.3145499966829,0 -46.042476,-22.3143199966829,0 -46.042711,-22.3142059966829,0 -46.042958,-22.3140449966829,0 -46.043242,-22.313884996683,0 -46.043514,-22.313746996683,0 -46.04387199999999,-22.313609996683,0 -46.044106,-22.313563996683,0 -46.04435300000001,-22.313414996683,0 -46.044612,-22.313265996683,0 -46.044859,-22.313127996683,0 -46.045082,-22.313047996683,0 -46.045378,-22.313036996683,0 -46.04564899999999,-22.3129449966831,0 -46.045859,-22.3128419966831,0 -46.046082,-22.3127389966831,0 -46.046316,-22.3126239966831,0 -46.046563,-22.3124869966831,0 -46.046798,-22.3123149966831,0 -46.047057,-22.3121079966832,0 -46.04729199999999,-22.3118899966832,0 -46.04749,-22.3117299966832,0 -46.047687,-22.3115349966832,0 -46.047873,-22.3113509966832,0 -46.04816900000001,-22.3110869966833,0 -46.048342,-22.3109039966833,0 -46.048552,-22.3107309966833,0 -46.048737,-22.3105709966833,0 -46.048947,-22.3104099966834,0 -46.049145,-22.3102729966834,0 -46.049367,-22.3101239966834,0 -46.049614,-22.3099739966834,0 -46.049873,-22.3098369966834,0 -46.05012,-22.3097219966834,0 -46.050367,-22.3096419966835,0 -46.05061400000001,-22.3095959966834,0 -46.050861,-22.3094929966835,0 -46.05112,-22.3094129966835,0 -46.05151500000001,-22.3092639966835,0 -46.051762,-22.3091609966835,0 -46.051997,-22.3090689966835,0 -46.05232999999999,-22.3089549966835,0 -46.052589,-22.3088629966835,0 -46.052873,-22.3087599966836,0 -46.05315699999999,-22.3086679966836,0 -46.053429,-22.3085879966836,0 -46.05366300000001,-22.3085309966836,0 -46.053898,-22.3084619966836,0 -46.054182,-22.3083589966836,0 -46.054441,-22.3082669966836,0 -46.054676,-22.3081759966836,0 -46.054923,-22.3080839966836,0 -46.055108,-22.3078779966837,0 -46.055318,-22.3077399966837,0 -46.055528,-22.3076249966837,0 -46.055738,-22.3074989966837,0 -46.055935,-22.3073269966837,0 -46.056071,-22.3071319966838,0 -46.05615800000001,-22.3068909966838,0 -46.056109,-22.3066149966838,0 -46.05612099999999,-22.3063279966838,0 -46.05612099999999,-22.3060409966839,0 -46.05609700000001,-22.3058229966839,0 -46.056073,-22.3055589966839,0 -46.056048,-22.305282996684,0 -46.056011,-22.305006996684,0 -46.05595,-22.304742996684,0 -46.055802,-22.3041689966841,0 -46.055716,-22.3039049966841,0 -46.055667,-22.3036289966841,0 -46.055606,-22.3033649966842,0 -46.05554399999999,-22.3030889966842,0 -46.05547,-22.3028139966842,0 -46.055446,-22.3025269966843,0 -46.05545899999999,-22.3022739966843,0 -46.055446,-22.3020099966843,0 -46.055397,-22.3017569966844,0 -46.055361,-22.3015269966844,0 -46.0553113903032,-22.3012769638128,0 -46.0506683708832,-22.3013343077758,0 -46.0389353316248,-22.307634442887,0 -46.0296039578332,-22.3053992186652,0 -46.026104245597,-22.3004906492278,0 -46.01845164713671,-22.2961246998157,0 -46.01813776104749,-22.2961267902419,0 -46.0125700065789,-22.2959416486643,0 -46.0081792912374,-22.2981948695312,0 -46.0021778982487,-22.2927425185524,0 -45.99776146905441,-22.2892757879065,0 -45.9977382114343,-22.2892427838333,0 -45.992621465889,-22.287888240951,0 -45.9922633296624,-22.2961514840971,0 -45.9963802143663,-22.2992638156454,0 -45.9933824106471,-22.3009314311476,0 -45.992196880538,-22.3049502874958,0 -45.9939137032764,-22.3062908875647,0 -45.9958449590913,-22.3100670063258,0 -45.9978027835911,-22.3134296343891,0 -45.9991617200922,-22.3139807239769,0 -45.9992201501106,-22.3140816393583,0 -45.9994232269712,-22.3142903906632,0 -45.99951951855581,-22.3143893791891,0 -46.00448543621881,-22.3212655061413,0 -46.0053995820972,-22.3253028809864,0 -46.0054275118474,-22.3254091776709,0 -46.00917627272231,-22.3298455293918,0 -46.0091998146779,-22.3298734600616,0 -46.0122394678451,-22.3308053411915,0 -46.0164377209854,-22.3260290593793,0 -46.02124030473399,-22.3300756129319,0 -46.021294749301,-22.3319254002188,0 -46.02401118434379,-22.3319354323443,0 -46.0293982182867,-22.3308523007064,0 -46.03365860859131,-22.3291568617691,0 -46.039069,-22.3270884266856,0 
								</coordinates>
							</LinearRing>
						</outerBoundaryIs>
					</Polygon>
				</MultiGeometry>
			</Placemark>
			<Placemark>
				<name>MacroÃ¡rea de PreservaÃ§Ã£o de Ecossistemas Naturais</name>
				<styleUrl>#m_ylw-pushpin6</styleUrl>
				<ExtendedData>
					<SchemaData schemaUrl="#mpen">
						<SimpleData name="descriptio">A macroÃ¡rea de preservaÃ§Ã£o de ecossistemas naturais, Ã© caracterizada por Ã¡reas que conservam as caracterÃ­sticas naturais de conservaÃ§Ã£o ambiental. Predominam Ã¡reas de remanescentes florestais naturais e ecossistemas associados com expressiva dis</SimpleData>
						<SimpleData name="tessellate">1</SimpleData>
						<SimpleData name="extrude">0</SimpleData>
						<SimpleData name="visibility">-1</SimpleData>
						<SimpleData name="layer">7_MacroÃ¡rea de PreservaÃ§Ã£o de Ecossistemas Naturais</SimpleData>
						<SimpleData name="path">C:/Users/User/Desktop/ISA - QGIS/QGIS ANEXOS/SHAPES/MDR/MACROA. PRES. ECOSSIST. NATURAIS/7_MacroÃ¡rea de PreservaÃ§Ã£o de Ecossistemas Naturais.shp</SimpleData>
					</SchemaData>
				</ExtendedData>
				<MultiGeometry>
					<Polygon>
						<outerBoundaryIs>
							<LinearRing>
								<coordinates>
									-46.0302788068692,-22.3694865031117,0 -46.030309,-22.3694519966765,0 -46.030482,-22.3692109966765,0 -46.030655,-22.3690159966765,0 -46.030828,-22.3688669966765,0 -46.03105,-22.3686609966765,0 -46.031285,-22.3684309966766,0 -46.031681,-22.3680639966766,0 -46.031891,-22.3678579966766,0 -46.032113,-22.3677319966766,0 -46.03229799999999,-22.3675819966767,0 -46.03249599999999,-22.3674449966767,0 -46.032706,-22.3672959966767,0 -46.032892,-22.3671009966767,0 -46.033299,-22.3667219966768,0 -46.03345999999999,-22.3664929966768,0 -46.033633,-22.3663439966768,0 -46.033806,-22.3661479966768,0 -46.03425099999999,-22.3655629966769,0 -46.03440000000001,-22.3653449966769,0 -46.03456,-22.365126996677,0 -46.034758,-22.364862996677,0 -46.034919,-22.364633996677,0 -46.035055,-22.364357996677,0 -46.035129,-22.3640939966771,0 -46.035241,-22.3637609966771,0 -46.035389,-22.3634629966771,0 -46.03558700000001,-22.3632099966772,0 -46.03576,-22.3629579966772,0 -46.035896,-22.3627049966772,0 -46.036082,-22.3624639966773,0 -46.03628,-22.3622349966773,0 -46.036502,-22.3620279966773,0 -46.03674900000001,-22.3618329966773,0 -46.037009,-22.3616839966774,0 -46.03728,-22.3615349966774,0 -46.03758899999999,-22.3613519966774,0 -46.037898,-22.3611219966774,0 -46.038182,-22.3608589966774,0 -46.038453,-22.3605999966775,0 -46.03830599999999,-22.3603189966775,0 -46.038195,-22.3601239966775,0 -46.038109,-22.3599169966776,0 -46.03793600000001,-22.3597669966776,0 -46.037764,-22.3596069966776,0 -46.03776499999999,-22.3587679966777,0 -46.037777,-22.3585039966777,0 -46.03786400000001,-22.3582629966778,0 -46.037951,-22.3580449966778,0 -46.038087,-22.3578149966778,0 -46.038223,-22.3576089966778,0 -46.03830900000001,-22.3573789966779,0 -46.038421,-22.3571269966779,0 -46.03852,-22.3568969966779,0 -46.03863100000001,-22.356690996678,0 -46.038755,-22.356380996678,0 -46.038866,-22.356093996678,0 -46.03898999999999,-22.355794996678,0 -46.039089,-22.3555889966781,0 -46.03925,-22.3552899966781,0 -46.03938599999999,-22.3550609966781,0 -46.039571,-22.3548309966781,0 -46.039645,-22.3546019966782,0 -46.039745,-22.3543029966782,0 -46.039844,-22.3540159966782,0 -46.039943,-22.3537179966783,0 -46.039992,-22.3534879966783,0 -46.040042,-22.3530289966784,0 -46.040042,-22.3527879966784,0 -46.039969,-22.3523049966785,0 -46.03997,-22.3512259966786,0 -46.039946,-22.3507659966786,0 -46.039934,-22.3504909966787,0 -46.039934,-22.3499849966787,0 -46.03991,-22.3497559966788,0 -46.039898,-22.3495149966788,0 -46.039873,-22.3490779966788,0 -46.039837,-22.3487799966789,0 -46.039825,-22.3484929966789,0 -46.039837,-22.3481019966789,0 -46.039887,-22.347872996679,0 -46.039863,-22.347630996679,0 -46.039801,-22.347332996679,0 -46.03974,-22.3470229966791,0 -46.039666,-22.3467009966791,0 -46.039642,-22.3464019966791,0 -46.039568,-22.3460919966792,0 -46.03948199999999,-22.3458629966792,0 -46.039358,-22.3456439966792,0 -46.039285,-22.3453459966793,0 -46.039223,-22.3450699966793,0 -46.039137,-22.3447829966793,0 -46.039063,-22.3444729966794,0 -46.03891599999999,-22.3438749966794,0 -46.038842,-22.3436229966795,0 -46.038793,-22.3433589966795,0 -46.038769,-22.3430709966795,0 -46.03877,-22.3418769966797,0 -46.03879499999999,-22.3415789966797,0 -46.038844,-22.3413489966797,0 -46.038956,-22.3410619966798,0 -46.038958,-22.33878799668,0 -46.038934,-22.3383519966801,0 -46.03892200000001,-22.3380649966801,0 -46.03884800000001,-22.3374909966802,0 -46.03881200000001,-22.3372149966802,0 -46.03871299999999,-22.3369049966803,0 -46.038602,-22.3366979966803,0 -46.038516,-22.3364799966803,0 -46.038492,-22.3362389966803,0 -46.038467,-22.3359749966804,0 -46.038455,-22.3356989966804,0 -46.038419,-22.3353889966804,0 -46.038406,-22.3351709966805,0 -46.038394,-22.3348719966805,0 -46.038382,-22.3345849966805,0 -46.038358,-22.3343089966806,0 -46.038297,-22.3340449966806,0 -46.038247,-22.3337699966806,0 -46.038223,-22.3334939966806,0 -46.038223,-22.3331149966807,0 -46.038236,-22.3328159966807,0 -46.03824900000001,-22.3325869966808,0 -46.038286,-22.3323689966808,0 -46.03836,-22.3321389966808,0 -46.03849599999999,-22.3319319966808,0 -46.03859500000001,-22.3317259966809,0 -46.038682,-22.3314389966809,0 -46.038732,-22.3311979966809,0 -46.038781,-22.3309799966809,0 -46.03887999999999,-22.330715996681,0 -46.03900400000001,-22.330462996681,0 -46.039115,-22.330244996681,0 -46.039165,-22.3300149966811,0 -46.039177,-22.3297279966811,0 -46.039252,-22.3294869966811,0 -46.039277,-22.3292569966812,0 -46.039277,-22.3287289966812,0 -46.03926499999999,-22.3284879966813,0 -46.039241,-22.3282699966813,0 -46.039179,-22.3280169966813,0 -46.039118,-22.3277529966813,0 -46.039069,-22.3274889966814,0 -46.039069,-22.3270590409596,0 -46.0293596947125,-22.3307582569739,0 -46.0240426489766,-22.3318729342201,0 -46.02139458032049,-22.3317828792914,0 -46.0213775148163,-22.3317491856945,0 -46.0215694075705,-22.3365833202575,0 -46.02285652681789,-22.3460144518525,0 -46.02498446620071,-22.351694308705,0 -46.02708793805331,-22.358296016942,0 -46.0267919154351,-22.3586108523634,0 -46.0286716775043,-22.3633679147778,0 -46.0302788068692,-22.3694865031117,0 
								</coordinates>
							</LinearRing>
						</outerBoundaryIs>
					</Polygon>
				</MultiGeometry>
			</Placemark>
			<Placemark>
				<name>MacroÃ¡rea de PreservaÃ§Ã£o de Ecossistemas Naturais</name>
				<styleUrl>#m_ylw-pushpin6</styleUrl>
				<ExtendedData>
					<SchemaData schemaUrl="#mpen">
						<SimpleData name="descriptio">A macroÃ¡rea de preservaÃ§Ã£o de ecossistemas naturais, Ã© caracterizada por Ã¡reas que conservam as caracterÃ­sticas naturais de conservaÃ§Ã£o ambiental. Predominam Ã¡reas de remanescentes florestais naturais e ecossistemas associados com expressiva dis</SimpleData>
						<SimpleData name="tessellate">1</SimpleData>
						<SimpleData name="extrude">0</SimpleData>
						<SimpleData name="visibility">-1</SimpleData>
						<SimpleData name="layer">8_MacroÃ¡rea de PreservaÃ§Ã£o de Ecossistemas Naturais</SimpleData>
						<SimpleData name="path">C:/Users/User/Desktop/ISA - QGIS/QGIS ANEXOS/SHAPES/MDR/MACROA. PRES. ECOSSIST. NATURAIS/8_MacroÃ¡rea de PreservaÃ§Ã£o de Ecossistemas Naturais.shp</SimpleData>
					</SchemaData>
				</ExtendedData>
				<MultiGeometry>
					<Polygon>
						<outerBoundaryIs>
							<LinearRing>
								<coordinates>
									-45.99049447562751,-22.3997319252277,0 -45.99062099999999,-22.3997139966729,0 -45.99093,-22.3997239966729,0 -45.991226,-22.3997339966729,0 -45.99152300000001,-22.3997899966729,0 -45.991783,-22.3998239966729,0 -45.992031,-22.3998799966729,0 -45.99232800000001,-22.3999709966729,0 -45.992612,-22.4000499966729,0 -45.992848,-22.4001529966729,0 -45.99312,-22.4002659966728,0 -45.993356,-22.4003919966728,0 -45.993554,-22.4005629966728,0 -45.99379,-22.4006889966728,0 -45.994,-22.4008259966728,0 -45.994211,-22.4009399966728,0 -45.994496,-22.4010649966727,0 -45.994719,-22.4011559966727,0 -45.994991,-22.4012469966727,0 -45.995276,-22.4013379966727,0 -45.995536,-22.4014059966727,0 -45.995808,-22.4014509966727,0 -45.99607999999999,-22.4014719966727,0 -45.996772,-22.4014699966727,0 -45.997057,-22.4014569966727,0 -45.99731599999999,-22.4014439966727,0 -45.997563,-22.4014089966727,0 -45.997835,-22.4013619966727,0 -45.99809399999999,-22.4013489966727,0 -45.99851700000001,-22.4013459966727,0 -45.99891,-22.4013569966727,0 -45.999182,-22.4013669966727,0 -45.999431,-22.4014209966727,0 -45.999727,-22.4015149966727,0 -45.99994300000001,-22.4016879966727,0 -46.000089,-22.4018529966727,0 -46.000315,-22.4019619966726,0 -46.000548,-22.4020689966726,0 -46.000795,-22.4021379966726,0 -46.001029,-22.4021609966726,0 -46.00128900000001,-22.4022189966726,0 -46.001523,-22.4022879966726,0 -46.00174500000001,-22.4024149966726,0 -46.00198,-22.4025529966726,0 -46.002177,-22.4026789966726,0 -46.002387,-22.4028519966725,0 -46.002658,-22.4031049966725,0 -46.002843,-22.4032659966725,0 -46.003016,-22.4034729966725,0 -46.003189,-22.4037369966724,0 -46.003312,-22.4039319966724,0 -46.003472,-22.4042199966724,0 -46.003595,-22.4044609966724,0 -46.003669,-22.4047139966723,0 -46.003767,-22.4049779966723,0 -46.00386600000001,-22.4052529966723,0 -46.003964,-22.4055179966722,0 -46.004063,-22.4058619966722,0 -46.004112,-22.4061039966722,0 -46.004186,-22.4063909966721,0 -46.004259,-22.4066199966721,0 -46.00433300000001,-22.4068389966721,0 -46.004444,-22.407056996672,0 -46.004592,-22.407240996672,0 -46.00474,-22.407458996672,0 -46.00510999999999,-22.407803996672,0 -46.00530800000001,-22.407930996672,0 -46.005579,-22.4079769966719,0 -46.005802,-22.4078739966719,0 -46.005962,-22.407678996672,0 -46.006136,-22.407494996672,0 -46.00650600000001,-22.407219996672,0 -46.006655,-22.4070249966721,0 -46.006828,-22.4068299966721,0 -46.006989,-22.4066229966721,0 -46.00716199999999,-22.4064279966721,0 -46.00730999999999,-22.4062219966722,0 -46.007422,-22.4060149966722,0 -46.007533,-22.4057969966722,0 -46.00763199999999,-22.4055559966722,0 -46.00773100000001,-22.4053499966723,0 -46.00783,-22.4050969966723,0 -46.00794199999999,-22.4047869966723,0 -46.008004,-22.4045569966723,0 -46.00804099999999,-22.4042699966724,0 -46.008079,-22.4040409966724,0 -46.008153,-22.4037649966724,0 -46.008215,-22.4035239966725,0 -46.008277,-22.4032949966725,0 -46.008339,-22.4031914966725,0 -46.00840099999999,-22.4030879966725,0 -46.008599,-22.4026979966726,0 -46.00871,-22.4025029966726,0 -46.008859,-22.4022039966726,0 -46.00902,-22.4019169966726,0 -46.00923,-22.4015159966727,0 -46.009292,-22.4014239966727,0 -46.009465,-22.4012519966727,0 -46.009589,-22.4010569966728,0 -46.009738,-22.4007929966728,0 -46.009849,-22.4005859966728,0 -46.009985,-22.4003219966728,0 -46.010072,-22.4001039966729,0 -46.010183,-22.3998749966729,0 -46.010295,-22.3996339966729,0 -46.010518,-22.399105996673,0 -46.010617,-22.398818996673,0 -46.01062899999999,-22.398531996673,0 -46.010741,-22.3983129966731,0 -46.01084,-22.3980719966731,0 -46.010939,-22.3978659966731,0 -46.011261,-22.3972689966732,0 -46.01140899999999,-22.3969709966732,0 -46.01150799999999,-22.3967409966733,0 -46.01162,-22.3965229966733,0 -46.01174399999999,-22.3962929966733,0 -46.011867,-22.3960749966733,0 -46.011954,-22.3958229966734,0 -46.012029,-22.3955929966734,0 -46.012091,-22.3953639966734,0 -46.01219,-22.3951339966734,0 -46.01228900000001,-22.3948929966735,0 -46.012388,-22.3946629966735,0 -46.012487,-22.3944109966735,0 -46.01263500000001,-22.3940669966736,0 -46.012747,-22.3938709966736,0 -46.012846,-22.3936299966736,0 -46.01294499999999,-22.3933659966737,0 -46.01304400000001,-22.3930909966737,0 -46.013131,-22.3928379966737,0 -46.013255,-22.3925059966737,0 -46.013391,-22.3922989966738,0 -46.013465,-22.3919999966738,0 -46.013503,-22.3917019966738,0 -46.013528,-22.3914839966739,0 -46.013553,-22.3912539966739,0 -46.01361499999999,-22.3910249966739,0 -46.013664,-22.390794996674,0 -46.013726,-22.390553996674,0 -46.013863,-22.390186996674,0 -46.013949,-22.389933996674,0 -46.01402399999999,-22.3896929966741,0 -46.01404899999999,-22.3894399966741,0 -46.01407399999999,-22.3891989966741,0 -46.014185,-22.3889809966742,0 -46.014309,-22.3886829966742,0 -46.014383,-22.3884529966742,0 -46.01448299999999,-22.3880859966743,0 -46.014532,-22.3878219966743,0 -46.014631,-22.3875349966743,0 -46.014768,-22.3872359966744,0 -46.014817,-22.3869149966744,0 -46.01481799999999,-22.3863409966745,0 -46.014806,-22.3860759966745,0 -46.01480699999999,-22.3856859966745,0 -46.01477,-22.3854329966746,0 -46.014721,-22.3851919966746,0 -46.014672,-22.3849389966746,0 -46.014598,-22.3847209966747,0 -46.014536,-22.3844909966747,0 -46.014463,-22.3840089966747,0 -46.014438,-22.3837559966748,0 -46.014426,-22.3834809966748,0 -46.014427,-22.3827229966749,0 -46.014415,-22.3824589966749,0 -46.014416,-22.3822059966749,0 -46.014478,-22.381872996675,0 -46.01454,-22.381562996675,0 -46.014627,-22.3812759966751,0 -46.014775,-22.3809089966751,0 -46.014899,-22.3807019966751,0 -46.015072,-22.3804609966752,0 -46.015295,-22.3801859966752,0 -46.015443,-22.3799219966752,0 -46.015579,-22.3796809966753,0 -46.01574,-22.3794399966753,0 -46.015888,-22.3792329966753,0 -46.016049,-22.3789579966753,0 -46.01621,-22.3787289966754,0 -46.016383,-22.3784529966754,0 -46.016532,-22.3781779966754,0 -46.016705,-22.3779019966755,0 -46.01689,-22.3776609966755,0 -46.017051,-22.3773739966755,0 -46.017163,-22.3771679966755,0 -46.017262,-22.3769499966756,0 -46.017361,-22.3767199966756,0 -46.017435,-22.3764909966756,0 -46.01749700000001,-22.3762719966757,0 -46.017683,-22.3756979966757,0 -46.01778199999999,-22.3754799966757,0 -46.017819,-22.3751699966758,0 -46.017844,-22.3748949966758,0 -46.01787,-22.3743439966759,0 -46.01787,-22.3737809966759,0 -46.017858,-22.373481996676,0 -46.017871,-22.373194996676,0 -46.017921,-22.372953996676,0 -46.01800799999999,-22.3727249966761,0 -46.018119,-22.3724839966761,0 -46.018206,-22.3722649966761,0 -46.018292,-22.3720589966761,0 -46.018465,-22.3718639966762,0 -46.018675,-22.3717029966762,0 -46.018922,-22.3716919966762,0 -46.019194,-22.3717039966762,0 -46.019441,-22.3717159966762,0 -46.019688,-22.3717729966762,0 -46.019972,-22.3718539966762,0 -46.02025223218651,-22.371919321071,0 -46.02027873639399,-22.371863966186,0 -46.0221514184898,-22.3675554295504,0 -46.01852220893079,-22.3649952572597,0 -46.01567299268761,-22.3608867614313,0 -46.0113227919309,-22.3665902473578,0 -46.0107181996386,-22.3673962037676,0 -46.0073861379798,-22.3744973047154,0 -46.0047289363704,-22.3790764481179,0 -46.0010872512748,-22.379128451715,0 -45.99531497729031,-22.3793642026147,0 -45.9880074082009,-22.3828624195598,0 -45.98541613760569,-22.3862966539035,0 -45.99049447562751,-22.3997319252277,0 
								</coordinates>
							</LinearRing>
						</outerBoundaryIs>
					</Polygon>
				</MultiGeometry>
			</Placemark>
		</Folder>
	</Document>
	<Document id="root_doc">
		<name>MDRS.kml</name>
		<Schema name="mdrs" id="mdrs">
			<SimpleField type="string" name="descriptio"></SimpleField>
			<SimpleField type="string" name="timestamp"></SimpleField>
			<SimpleField type="string" name="begin"></SimpleField>
			<SimpleField type="string" name="end"></SimpleField>
			<SimpleField type="string" name="altitudeMo"></SimpleField>
			<SimpleField type="float" name="tessellate"></SimpleField>
			<SimpleField type="float" name="extrude"></SimpleField>
			<SimpleField type="float" name="visibility"></SimpleField>
			<SimpleField type="float" name="drawOrder"></SimpleField>
			<SimpleField type="string" name="icon"></SimpleField>
			<SimpleField type="string" name="Name_2"></SimpleField>
			<SimpleField type="string" name="descript_1"></SimpleField>
			<SimpleField type="string" name="timestamp_"></SimpleField>
			<SimpleField type="string" name="begin_2"></SimpleField>
			<SimpleField type="string" name="end_2"></SimpleField>
			<SimpleField type="string" name="altitude_1"></SimpleField>
			<SimpleField type="float" name="tessella_1"></SimpleField>
			<SimpleField type="float" name="extrude_2"></SimpleField>
			<SimpleField type="float" name="visibili_1"></SimpleField>
			<SimpleField type="float" name="drawOrder_"></SimpleField>
			<SimpleField type="string" name="icon_2"></SimpleField>
			<SimpleField type="string" name="layer"></SimpleField>
			<SimpleField type="string" name="path"></SimpleField>
		</Schema>
		<StyleMap id="m_ylw-pushpin7">
			<Pair>
				<key>normal</key>
				<styleUrl>#s_ylw-pushpin7</styleUrl>
			</Pair>
			<Pair>
				<key>highlight</key>
				<styleUrl>#s_ylw-pushpin_hl7</styleUrl>
			</Pair>
		</StyleMap>
		<Style id="s_ylw-pushpin7">
			<IconStyle>
				<scale>1.1</scale>
				<Icon>
					<href>http://maps.google.com/mapfiles/kml/pushpin/ylw-pushpin.png</href>
				</Icon>
				<hotSpot x="20" y="2" xunits="pixels" yunits="pixels"/>
			</IconStyle>
			<LineStyle>
				<color>ff7faa00</color>
			</LineStyle>
			<PolyStyle>
				<color>807faa00</color>
			</PolyStyle>
		</Style>
		<Style id="s_ylw-pushpin_hl7">
			<IconStyle>
				<scale>1.3</scale>
				<Icon>
					<href>http://maps.google.com/mapfiles/kml/pushpin/ylw-pushpin.png</href>
				</Icon>
				<hotSpot x="20" y="2" xunits="pixels" yunits="pixels"/>
			</IconStyle>
			<LineStyle>
				<color>ff7faa00</color>
			</LineStyle>
			<PolyStyle>
				<color>807faa00</color>
			</PolyStyle>
		</Style>
		<Folder>
			<name>mdrs</name>
			<Placemark>
				<name>MacroÃ¡rea de Desenvolvimento Rural SustentÃ¡vel</name>
				<styleUrl>#m_ylw-pushpin7</styleUrl>
				<ExtendedData>
					<SchemaData schemaUrl="#mdrs">
						<SimpleData name="descriptio">A macroÃ¡rea de desenvolvimento rural sustentÃ¡vel Ã© caracterizada pela existÃªncia de assentamentos destinados Ã  produÃ§Ã£o agropecuÃ¡ria, tanto de grande porte, como de pequeno porte, principalmente relacionada Ã  cultura do morango, brÃ³colis e cult</SimpleData>
						<SimpleData name="tessellate">1</SimpleData>
						<SimpleData name="extrude">0</SimpleData>
						<SimpleData name="visibility">-1</SimpleData>
						<SimpleData name="layer">2_MacroÃ¡rea de Desenvolvimento Rural SustentÃ¡vel(certo)</SimpleData>
						<SimpleData name="path">C:/Users/User/Desktop/ISA - QGIS/QGIS ANEXOS/SHAPES/MDR/MACROA. DESENV. RURAL SUSTENT/2_MacroÃ¡rea de Desenvolvimento Rural SustentÃ¡vel(certo).shp</SimpleData>
					</SchemaData>
				</ExtendedData>
				<MultiGeometry>
					<Polygon>
						<outerBoundaryIs>
							<LinearRing>
								<coordinates>
									-45.8506766804349,-22.2718308506568,0 -45.849316,-22.270743996688,0 -45.84936699999999,-22.270961996688,0 -45.849492,-22.2713979966879,0 -45.84948000000001,-22.2716509966879,0 -45.849469,-22.2719159966879,0 -45.849445,-22.2721569966878,0 -45.849397,-22.2723989966878,0 -45.849311,-22.2726169966878,0 -45.84918799999999,-22.2728129966878,0 -45.849041,-22.2730319966877,0 -45.84872099999999,-22.2734239966877,0 -45.848549,-22.2735969966877,0 -45.848377,-22.2737579966877,0 -45.848192,-22.2739429966876,0 -45.848032,-22.2741389966876,0 -45.84784800000001,-22.2743579966876,0 -45.84768799999999,-22.2745189966876,0 -45.84754,-22.2746919966876,0 -45.847418,-22.2749109966875,0 -45.84724599999999,-22.2751639966875,0 -45.847111,-22.2753719966875,0 -45.846988,-22.2756019966874,0 -45.846915,-22.2758549966874,0 -45.846854,-22.2761429966874,0 -45.846757,-22.2764419966873,0 -45.846671,-22.2767069966873,0 -45.84657299999999,-22.2769479966873,0 -45.846451,-22.2772699966872,0 -45.846341,-22.2774889966872,0 -45.846206,-22.2777539966872,0 -45.846108,-22.2779729966872,0 -45.846022,-22.2781799966871,0 -45.84589999999999,-22.2785019966871,0 -45.84578999999999,-22.2787899966871,0 -45.845753,-22.279007996687,0 -45.84568,-22.279238996687,0 -45.845595,-22.279479996687,0 -45.84554600000001,-22.279698996687,0 -45.84541099999999,-22.2799519966869,0 -45.845313,-22.2802279966869,0 -45.845215,-22.2804579966869,0 -45.84508,-22.2806659966869,0 -45.844921,-22.2808959966868,0 -45.844748,-22.2810809966868,0 -45.844576,-22.2812539966868,0 -45.84437900000001,-22.2814609966868,0 -45.844182,-22.2815999966867,0 -45.843985,-22.2817729966867,0 -45.843813,-22.2819569966867,0 -45.843432,-22.2823149966867,0 -45.843259,-22.2824649966866,0 -45.843075,-22.2826839966866,0 -45.842915,-22.2828679966866,0 -45.842718,-22.2831099966866,0 -45.842521,-22.2832599966866,0 -45.842374,-22.2834449966865,0 -45.842189,-22.2836409966865,0 -45.842042,-22.2838479966865,0 -45.84177099999999,-22.2841249966864,0 -45.84178,-22.2845079966864,0 -45.841712,-22.2849069966863,0 -45.841589,-22.2851139966863,0 -45.841454,-22.2853209966863,0 -45.841369,-22.2855509966863,0 -45.841234,-22.2858049966862,0 -45.841148,-22.2860689966862,0 -45.84105,-22.2862879966862,0 -45.84099,-22.2865759966862,0 -45.840966,-22.2868059966861,0 -45.84093,-22.2870469966861,0 -45.840808,-22.287506996686,0 -45.840772,-22.287771996686,0 -45.840748,-22.288001996686,0 -45.840736,-22.288231996686,0 -45.840725,-22.2884959966859,0 -45.840714,-22.2887489966859,0 -45.840715,-22.2892319966858,0 -45.84078999999999,-22.2894729966858,0 -45.84087799999999,-22.2897139966858,0 -45.840977,-22.2899209966858,0 -45.841077,-22.2901499966857,0 -45.841201,-22.2903449966857,0 -45.84135,-22.2905399966857,0 -45.841536,-22.2907229966857,0 -45.841747,-22.2908949966856,0 -45.841982,-22.2910779966856,0 -45.842254,-22.2911919966856,0 -45.842539,-22.2912719966856,0 -45.84277400000001,-22.2914439966856,0 -45.842972,-22.2916499966856,0 -45.84338099999999,-22.2920279966855,0 -45.84358,-22.2922569966855,0 -45.843803,-22.2925209966855,0 -45.843977,-22.2927729966854,0 -45.84411399999999,-22.2929799966854,0 -45.844238,-22.2932319966854,0 -45.844338,-22.2934619966853,0 -45.844413,-22.2937259966853,0 -45.84446299999999,-22.2939899966853,0 -45.844489,-22.2942199966853,0 -45.84450200000001,-22.2944609966852,0 -45.844505,-22.2952659966851,0 -45.844519,-22.2955989966851,0 -45.84460599999999,-22.2958629966851,0 -45.844669,-22.296103996685,0 -45.844893,-22.296516996685,0 -45.845029,-22.296746996685,0 -45.845178,-22.2969419966849,0 -45.845377,-22.2971129966849,0 -45.845575,-22.2973079966849,0 -45.845811,-22.2975829966849,0 -45.84638099999999,-22.2981099966848,0 -45.846666,-22.2983969966848,0 -45.846902,-22.2986259966847,0 -45.84711200000001,-22.2988319966847,0 -45.847274,-22.2990269966847,0 -45.84745999999999,-22.2992679966847,0 -45.84760900000001,-22.2994969966846,0 -45.847758,-22.2997379966846,0 -45.847882,-22.2999669966846,0 -45.847957,-22.3002089966846,0 -45.848045,-22.3004269966845,0 -45.848108,-22.3007019966845,0 -45.84814500000001,-22.3009209966845,0 -45.848184,-22.3011959966844,0 -45.84819700000001,-22.3014949966844,0 -45.848235,-22.3017939966844,0 -45.848261,-22.3021619966843,0 -45.848275,-22.3024259966843,0 -45.848313,-22.3027249966843,0 -45.84831500000001,-22.3032419966842,0 -45.848303,-22.3035179966842,0 -45.848292,-22.3037819966841,0 -45.848256,-22.3040579966841,0 -45.84820800000001,-22.3043339966841,0 -45.84811,-22.304598996684,0 -45.848012,-22.304874996684,0 -45.847951,-22.305139996684,0 -45.847853,-22.305346996684,0 -45.847731,-22.3055659966839,0 -45.847596,-22.3058309966839,0 -45.847424,-22.3060609966839,0 -45.847239,-22.3062569966838,0 -45.847092,-22.3064529966838,0 -45.846882,-22.3066489966838,0 -45.846661,-22.3068339966838,0 -45.846501,-22.3070069966837,0 -45.846242,-22.3072599966837,0 -45.846008,-22.3074559966837,0 -45.845836,-22.3076289966837,0 -45.845651,-22.3078139966837,0 -45.845479,-22.3079979966836,0 -45.845295,-22.3081939966836,0 -45.84506,-22.3083679966836,0 -45.844839,-22.3085979966836,0 -45.84469200000001,-22.3088629966835,0 -45.84458200000001,-22.3091389966835,0 -45.844472,-22.3094269966835,0 -45.844398,-22.3096569966834,0 -45.84435,-22.3098989966834,0 -45.84435299999999,-22.3107259966833,0 -45.84437799999999,-22.3109559966833,0 -45.844429,-22.3111739966833,0 -45.844491,-22.3113919966832,0 -45.844578,-22.3115989966832,0 -45.84469099999999,-22.3118399966832,0 -45.844865,-22.3122529966831,0 -45.84495199999999,-22.3124479966831,0 -45.845188,-22.3126089966831,0 -45.845423,-22.3127339966831,0 -45.84568299999999,-22.3128709966831,0 -45.845943,-22.3129969966831,0 -45.846165,-22.3130999966831,0 -45.846388,-22.313190996683,0 -45.84662300000001,-22.313270996683,0 -45.846883,-22.313280996683,0 -45.847117,-22.313257996683,0 -45.847376,-22.313152996683,0 -45.847598,-22.313037996683,0 -45.847808,-22.3129099966831,0 -45.848042,-22.3127829966831,0 -45.848289,-22.3127129966831,0 -45.84856,-22.3126549966831,0 -45.84882,-22.3126309966831,0 -45.849104,-22.3126069966831,0 -45.84935,-22.3125489966831,0 -45.84962199999999,-22.3124909966831,0 -45.849857,-22.3124779966831,0 -45.850066,-22.3123399966831,0 -45.850276,-22.3122239966831,0 -45.85051000000001,-22.3121769966831,0 -45.85072099999999,-22.3122919966831,0 -45.85084500000001,-22.3124869966831,0 -45.850945,-22.3127049966831,0 -45.851032,-22.3129109966831,0 -45.851132,-22.313128996683,0 -45.85138,-22.313518996683,0 -45.851541,-22.313702996683,0 -45.851678,-22.3139319966829,0 -45.851778,-22.3141619966829,0 -45.85182799999999,-22.3144259966829,0 -45.85181699999999,-22.3146559966829,0 -45.851583,-22.3148059966828,0 -45.851336,-22.3148869966828,0 -45.851101,-22.3149689966828,0 -45.85094099999999,-22.3151299966828,0 -45.85109,-22.3153019966828,0 -45.851313,-22.3154159966828,0 -45.85156,-22.3154839966828,0 -45.851832,-22.3155289966828,0 -45.85207900000001,-22.3155169966828,0 -45.852339,-22.3155509966828,0 -45.852574,-22.3156419966828,0 -45.852995,-22.3158479966827,0 -45.85323000000001,-22.3159619966827,0 -45.853515,-22.3160409966827,0 -45.853737,-22.3161439966827,0 -45.85395999999999,-22.3162349966827,0 -45.854134,-22.3163839966827,0 -45.854319,-22.3165209966826,0 -45.854271,-22.3167509966826,0 -45.854247,-22.3169699966826,0 -45.85434699999999,-22.3171759966826,0 -45.854496,-22.3173829966825,0 -45.854546,-22.3176009966825,0 -45.85472,-22.3177959966825,0 -45.854807,-22.3180249966825,0 -45.854882,-22.3182779966824,0 -45.85471,-22.3184279966824,0 -45.85461200000001,-22.3186929966824,0 -45.854613,-22.3189569966823,0 -45.854676,-22.3192329966823,0 -45.854788,-22.3194739966823,0 -45.85487499999999,-22.3196799966823,0 -45.855061,-22.3199789966822,0 -45.855149,-22.3202769966822,0 -45.855187,-22.3204959966822,0 -45.855225,-22.3207369966822,0 -45.855275,-22.3209659966821,0 -45.855351,-22.3212769966821,0 -45.855388,-22.3214949966821,0 -45.85540199999999,-22.321816996682,0 -45.85540300000001,-22.322057996682,0 -45.85524299999999,-22.322276996682,0 -45.85494700000001,-22.322334996682,0 -45.854725,-22.3224279966819,0 -45.854503,-22.3225669966819,0 -45.854343,-22.3227629966819,0 -45.854171,-22.3229239966819,0 -45.85406,-22.3231539966819,0 -45.853975,-22.3234189966819,0 -45.853976,-22.3236829966818,0 -45.85400200000001,-22.3239019966818,0 -45.854015,-22.3241549966818,0 -45.853991,-22.3243849966817,0 -45.85388100000001,-22.3245799966817,0 -45.85380700000001,-22.3247989966817,0 -45.853709,-22.3250409966817,0 -45.853587,-22.3253049966816,0 -45.853526,-22.3255359966816,0 -45.853416,-22.3257429966815,0 -45.853181,-22.3258009966816,0 -45.852995,-22.3256639966816,0 -45.852871,-22.3254459966816,0 -45.852821,-22.3252159966816,0 -45.852783,-22.3249629966816,0 -45.852769,-22.3247329966817,0 -45.852731,-22.3244809966817,0 -45.852755,-22.3242619966817,0 -45.852643,-22.3240559966818,0 -45.852445,-22.3239179966818,0 -45.852222,-22.3238269966818,0 -45.85199900000001,-22.3236779966818,0 -45.851739,-22.3235869966818,0 -45.85150500000001,-22.3235769966818,0 -45.851245,-22.3235779966818,0 -45.851011,-22.3236129966818,0 -45.850851,-22.3237859966818,0 -45.851,-22.3239919966818,0 -45.851235,-22.3240829966818,0 -45.851494,-22.3240939966818,0 -45.851766,-22.3240929966818,0 -45.851989,-22.3242069966817,0 -45.852039,-22.3244249966817,0 -45.851805,-22.3245409966817,0 -45.85162,-22.3246909966817,0 -45.85137300000001,-22.3247499966817,0 -45.851164,-22.3248999966817,0 -45.851016,-22.3250839966816,0 -45.85095500000001,-22.3253029966816,0 -45.850956,-22.3255329966816,0 -45.851056,-22.3257389966816,0 -45.85120500000001,-22.3259109966815,0 -45.851267,-22.3261289966815,0 -45.85121900000001,-22.3263479966815,0 -45.850984,-22.3264519966815,0 -45.850725,-22.3265329966815,0 -45.850478,-22.3266149966815,0 -45.850368,-22.3268219966814,0 -45.85027,-22.3270289966814,0 -45.850036,-22.3271329966814,0 -45.84977700000001,-22.3272149966814,0 -45.84948000000001,-22.3272499966814,0 -45.849308,-22.3274229966814,0 -45.84932100000001,-22.3276759966813,0 -45.849433,-22.3278939966813,0 -45.849508,-22.3281459966813,0 -45.849423,-22.3283649966812,0 -45.84923800000001,-22.3285379966812,0 -45.849066,-22.3287109966812,0 -45.84900776096791,-22.3288146905676,0 -45.8490158097488,-22.3292180825305,0 -45.849204,-22.3293309966811,0 -45.849451,-22.3293879966811,0 -45.849686,-22.3294559966811,0 -45.84984800000001,-22.3296739966811,0 -45.84994700000001,-22.3298919966811,0 -45.85001,-22.330121996681,0 -45.849912,-22.330351996681,0 -45.849665,-22.330340996681,0 -45.84945500000001,-22.330525996681,0 -45.849308,-22.330778996681,0 -45.849198,-22.3310099966809,0 -45.849063,-22.3312049966809,0 -45.848952,-22.3314009966809,0 -45.84878,-22.3315629966809,0 -45.848558,-22.3316669966809,0 -45.848336,-22.3317479966809,0 -45.848089,-22.3317829966809,0 -45.847854,-22.3317959966809,0 -45.847558,-22.3318079966809,0 -45.847323,-22.3318199966809,0 -45.84710100000001,-22.3319359966808,0 -45.847015,-22.3321779966808,0 -45.846979,-22.3324079966808,0 -45.84719,-22.3325449966808,0 -45.84739999999999,-22.3326589966808,0 -45.847574,-22.3328539966807,0 -45.847698,-22.3330719966807,0 -45.84769899999999,-22.3333129966807,0 -45.847613,-22.3335209966806,0 -45.847441,-22.3336939966806,0 -45.847306,-22.3339239966806,0 -45.84728200000001,-22.3341419966806,0 -45.84733200000001,-22.3343609966806,0 -45.84756800000001,-22.3344519966805,0 -45.847704,-22.3346349966805,0 -45.847693,-22.3348769966805,0 -45.847681,-22.3350949966805,0 -45.847793,-22.3352899966804,0 -45.84828699999999,-22.3353119966804,0 -45.848412,-22.3355289966804,0 -45.84842500000001,-22.3357479966804,0 -45.848302,-22.3359549966804,0 -45.84824100000001,-22.3361739966803,0 -45.848242,-22.3364039966803,0 -45.848379,-22.3365989966803,0 -45.84858899999999,-22.3367129966803,0 -45.848726,-22.3369079966803,0 -45.848728,-22.3374249966802,0 -45.848741,-22.3376549966802,0 -45.84889,-22.3378269966801,0 -45.848953,-22.3380449966801,0 -45.848953,-22.3382749966801,0 -45.849041,-22.3384929966801,0 -45.849165,-22.33873399668,0 -45.84924,-22.33895199668,0 -45.84924100000001,-22.33918199668,0 -45.849192,-22.33940099668,0 -45.849119,-22.3396189966799,0 -45.849169,-22.3398369966799,0 -45.84933099999999,-22.3400209966799,0 -45.84938100000001,-22.3402389966799,0 -45.849382,-22.3404689966798,0 -45.849234,-22.3406419966798,0 -45.849173,-22.3408599966798,0 -45.849162,-22.3411129966798,0 -45.849262,-22.3413199966797,0 -45.849423,-22.3415489966797,0 -45.84951,-22.3418019966797,0 -45.849462,-22.3420199966797,0 -45.84925200000001,-22.3421479966797,0 -45.849005,-22.3422059966796,0 -45.848758,-22.3422529966796,0 -45.848586,-22.3424719966796,0 -45.84858699999999,-22.3427009966796,0 -45.848613,-22.3429199966796,0 -45.848762,-22.3431029966795,0 -45.849009,-22.3432169966795,0 -45.849183,-22.3434009966795,0 -45.849344,-22.3435959966795,0 -45.849382,-22.3438139966794,0 -45.84916,-22.3439409966794,0 -45.848975,-22.3440909966794,0 -45.848964,-22.3443319966794,0 -45.849101,-22.3445269966794,0 -45.849299,-22.3446529966793,0 -45.84925,-22.3448719966793,0 -45.84909,-22.3450679966793,0 -45.849091,-22.3452979966793,0 -45.849105,-22.3455729966792,0 -45.84913,-22.3457919966792,0 -45.849291,-22.3459639966792,0 -45.849539,-22.3459629966792,0 -45.849847,-22.3459499966792,0 -45.850082,-22.3460069966792,0 -45.85026799999999,-22.3461559966792,0 -45.850417,-22.3463739966792,0 -45.850357,-22.3466039966791,0 -45.85022099999999,-22.3468109966791,0 -45.850259,-22.3470289966791,0 -45.850408,-22.3472129966791,0 -45.850446,-22.347430996679,0 -45.85044700000001,-22.347671996679,0 -45.850682,-22.347774996679,0 -45.85091700000001,-22.347842996679,0 -45.850968,-22.3480729966789,0 -45.850969,-22.3483259966789,0 -45.850932,-22.3485559966789,0 -45.850847,-22.3487859966789,0 -45.85081000000001,-22.3490049966788,0 -45.850836,-22.3492569966788,0 -45.850936,-22.3494749966788,0 -45.85097399999999,-22.3496939966788,0 -45.850888,-22.3499239966787,0 -45.85066599999999,-22.3500049966787,0 -45.850419,-22.3499599966787,0 -45.850184,-22.3499949966787,0 -45.85011099999999,-22.3502139966787,0 -45.850284,-22.3503969966787,0 -45.85053200000001,-22.3504999966787,0 -45.850706,-22.3506489966786,0 -45.850731,-22.3508669966786,0 -45.850509,-22.3509599966786,0 -45.850274,-22.3509829966786,0 -45.85011399999999,-22.3511789966786,0 -45.850053,-22.3513979966786,0 -45.850141,-22.3516159966785,0 -45.850327,-22.3517759966785,0 -45.850451,-22.3519829966785,0 -45.85047700000001,-22.3522589966785,0 -45.850552,-22.3524879966784,0 -45.85071299999999,-22.3526949966784,0 -45.850739,-22.3529239966784,0 -45.85062799999999,-22.3531199966784,0 -45.85064200000001,-22.3533609966783,0 -45.850815,-22.3535099966783,0 -45.85105,-22.3535789966783,0 -45.851297,-22.3535779966783,0 -45.85153200000001,-22.3535419966783,0 -45.85182900000001,-22.3535069966783,0 -45.852076,-22.3535179966783,0 -45.85236,-22.3535169966783,0 -45.85252,-22.3533319966783,0 -45.852667,-22.3531249966784,0 -45.852827,-22.3529629966784,0 -45.853049,-22.3528709966784,0 -45.853223,-22.3530309966784,0 -45.85331,-22.3532379966783,0 -45.853385,-22.3534559966783,0 -45.85351000000001,-22.3536619966783,0 -45.853683,-22.3538459966783,0 -45.853919,-22.3539709966783,0 -45.85416599999999,-22.3539819966783,0 -45.854413,-22.3538659966783,0 -45.85461,-22.3537279966783,0 -45.8546888173329,-22.3536887765701,0 -45.854819,-22.3536239966783,0 -45.855066,-22.3535649966783,0 -45.855326,-22.3535179966783,0 -45.85557300000001,-22.3535179966783,0 -45.855796,-22.3536319966783,0 -45.85592,-22.3538379966783,0 -45.856094,-22.3539989966782,0 -45.856329,-22.3540779966782,0 -45.856576,-22.3540429966782,0 -45.856773,-22.3539039966783,0 -45.856983,-22.3537999966783,0 -45.857304,-22.3538109966783,0 -45.857502,-22.3539369966783,0 -45.857528,-22.3541549966782,0 -45.85745399999999,-22.3543729966782,0 -45.857344,-22.3545919966782,0 -45.85731999999999,-22.3548219966782,0 -45.857555,-22.3548099966782,0 -45.857802,-22.3548089966782,0 -45.857962,-22.3546359966782,0 -45.858048,-22.3544169966782,0 -45.858047,-22.3541879966782,0 -45.858157,-22.3539919966783,0 -45.85839200000001,-22.3539679966783,0 -45.858529,-22.3541509966782,0 -45.85853,-22.3544269966782,0 -45.858629,-22.3546449966782,0 -45.858852,-22.3547479966782,0 -45.85908700000001,-22.3546779966782,0 -45.859184,-22.3543909966782,0 -45.859357,-22.3542409966782,0 -45.85959200000001,-22.3542279966782,0 -45.85979,-22.3543659966782,0 -45.86003700000001,-22.3544219966782,0 -45.860246,-22.3542259966782,0 -45.86036899999999,-22.3540299966782,0 -45.860418,-22.3537999966783,0 -45.860429,-22.3535239966783,0 -45.860428,-22.3532949966783,0 -45.86044,-22.3530649966784,0 -45.860525,-22.3528229966784,0 -45.86076,-22.3527299966784,0 -45.860994,-22.3527179966784,0 -45.861156,-22.3529129966784,0 -45.86128,-22.3531649966784,0 -45.861343,-22.3534179966783,0 -45.861369,-22.3536819966783,0 -45.86137,-22.3539239966783,0 -45.861383,-22.3541989966782,0 -45.861297,-22.3544069966782,0 -45.861311,-22.3546359966782,0 -45.861361,-22.3549119966782,0 -45.86144900000001,-22.3551189966781,0 -45.861598,-22.3553249966781,0 -45.86182000000001,-22.3554389966781,0 -45.862019,-22.3555769966781,0 -45.862156,-22.355794996678,0 -45.86228,-22.355989996678,0 -45.86238,-22.356241996678,0 -45.862615,-22.356401996678,0 -45.862862,-22.356435996678,0 -45.863147,-22.356480996678,0 -45.863431,-22.356479996678,0 -45.86366599999999,-22.356490996678,0 -45.864407,-22.356487996678,0 -45.864654,-22.356429996678,0 -45.864876,-22.356348996678,0 -45.865136,-22.356404996678,0 -45.86538300000001,-22.356449996678,0 -45.865594,-22.3565879966779,0 -45.865805,-22.3567359966779,0 -45.865966,-22.3569199966779,0 -45.86615200000001,-22.3571259966779,0 -45.86635,-22.3572859966779,0 -45.866573,-22.3573769966779,0 -45.866747,-22.3575719966778,0 -45.866933,-22.3577209966778,0 -45.867144,-22.3579499966778,0 -45.867367,-22.3580409966778,0 -45.86752799999999,-22.3582819966777,0 -45.86764,-22.3584769966777,0 -45.867851,-22.3585909966777,0 -45.868074,-22.3587169966777,0 -45.868321,-22.3588079966777,0 -45.86876699999999,-22.3590829966777,0 -45.86903899999999,-22.3591509966777,0 -45.869274,-22.3591839966776,0 -45.86950899999999,-22.3592289966776,0 -45.86972,-22.3593319966776,0 -45.869609,-22.3595389966776,0 -45.869424,-22.3596779966776,0 -45.86958600000001,-22.3598959966776,0 -45.86983299999999,-22.3599409966776,0 -45.870068,-22.3600319966775,0 -45.870119,-22.3602729966775,0 -45.869959,-22.3604459966775,0 -45.86976200000001,-22.3605729966775,0 -45.869651,-22.3608149966774,0 -45.86965199999999,-22.3610569966774,0 -45.869789,-22.3613319966774,0 -45.869926,-22.3615269966774,0 -45.869977,-22.3620099966773,0 -45.870052,-22.3622389966773,0 -45.870287,-22.3622839966773,0 -45.87046000000001,-22.3621229966773,0 -45.87057,-22.3619159966773,0 -45.87073,-22.3617429966774,0 -45.870952,-22.3616609966774,0 -45.87121199999999,-22.3616829966774,0 -45.871459,-22.3617749966773,0 -45.871706,-22.3616589966774,0 -45.871866,-22.3614969966774,0 -45.87208900000001,-22.3616109966774,0 -45.872299,-22.3617139966774,0 -45.87254699999999,-22.3618629966773,0 -45.872831,-22.3618619966773,0 -45.873066,-22.3618499966773,0 -45.873313,-22.3618489966773,0 -45.873548,-22.3619169966773,0 -45.873796,-22.3619389966773,0 -45.87403,-22.3619039966773,0 -45.87429,-22.3618799966773,0 -45.874549,-22.3618439966773,0 -45.87464900000001,-22.3620619966773,0 -45.874538,-22.3622579966773,0 -45.874737,-22.3624069966773,0 -45.874996,-22.3624059966773,0 -45.87523099999999,-22.3624169966773,0 -45.875331,-22.3626579966772,0 -45.87527000000001,-22.3629109966772,0 -45.87513499999999,-22.3631179966772,0 -45.875086,-22.3633369966772,0 -45.875346,-22.3633819966771,0 -45.875618,-22.3633929966771,0 -45.875865,-22.3633459966772,0 -45.876099,-22.3632299966772,0 -45.876334,-22.3631489966772,0 -45.876606,-22.3631479966772,0 -45.87676699999999,-22.3633309966772,0 -45.876607,-22.3635619966771,0 -45.876447,-22.3637229966771,0 -45.87664599999999,-22.3638949966771,0 -45.876893,-22.3639739966771,0 -45.87713999999999,-22.3638819966771,0 -45.877338,-22.3640299966771,0 -45.87748700000001,-22.3642249966771,0 -45.87757500000001,-22.364454996677,0 -45.877625,-22.364672996677,0 -45.877675,-22.364902996677,0 -45.877812,-22.365120996677,0 -45.878035,-22.3652459966769,0 -45.87827000000001,-22.3652799966769,0 -45.878467,-22.3651529966769,0 -45.87859,-22.364898996677,0 -45.87873700000001,-22.364691996677,0 -45.878885,-22.364507996677,0 -45.87909400000001,-22.364345996677,0 -45.879366,-22.3642529966771,0 -45.87961300000001,-22.3642409966771,0 -45.879872,-22.3642169966771,0 -45.88012,-22.364204996677,0 -45.88040400000001,-22.3642149966771,0 -45.880651,-22.3642369966771,0 -45.880923,-22.3643049966771,0 -45.881158,-22.364361996677,0 -45.881443,-22.364371996677,0 -45.881702,-22.364347996677,0 -45.881949,-22.3642669966771,0 -45.882196,-22.3641739966771,0 -45.88243,-22.3641389966771,0 -45.882665,-22.3641839966771,0 -45.882716,-22.364413996677,0 -45.882519,-22.364575996677,0 -45.882259,-22.364702996677,0 -45.882037,-22.364806996677,0 -45.88181599999999,-22.364945996677,0 -45.881693,-22.3651529966769,0 -45.881657,-22.3653719966769,0 -45.881892,-22.3655199966769,0 -45.882127,-22.3655419966769,0 -45.882424,-22.3655639966769,0 -45.882918,-22.3655859966769,0 -45.883141,-22.3657109966769,0 -45.883179,-22.3659529966769,0 -45.883155,-22.3661939966768,0 -45.88307,-22.3664699966768,0 -45.883182,-22.3666879966768,0 -45.88342900000001,-22.3667559966768,0 -45.88366499999999,-22.3668359966768,0 -45.883727,-22.3670659966767,0 -45.88365400000001,-22.3672839966767,0 -45.88342,-22.3673649966767,0 -45.883322,-22.3675729966767,0 -45.883483,-22.3677559966766,0 -45.88365700000001,-22.3679159966766,0 -45.88367,-22.3681459966766,0 -45.883708,-22.3683759966766,0 -45.883585,-22.3685719966765,0 -45.883425,-22.3687329966765,0 -45.883302,-22.3689289966765,0 -45.883266,-22.3692049966765,0 -45.88327999999999,-22.3694809966764,0 -45.88337899999999,-22.3696869966764,0 -45.883516,-22.3698819966764,0 -45.883641,-22.3700769966764,0 -45.883851,-22.3701919966764,0 -45.88404899999999,-22.3703289966763,0 -45.884285,-22.3704199966763,0 -45.884458,-22.3705799966763,0 -45.884533,-22.3707979966763,0 -45.884497,-22.3710629966763,0 -45.88438699999999,-22.3712699966762,0 -45.88436300000001,-22.3714889966762,0 -45.88435200000001,-22.3717529966762,0 -45.884365,-22.3719939966761,0 -45.88444,-22.3722239966761,0 -45.884663,-22.3723379966761,0 -45.884947,-22.3721989966761,0 -45.88508199999999,-22.3719919966761,0 -45.885254,-22.3717149966762,0 -45.885438,-22.3715189966762,0 -45.885685,-22.3714149966762,0 -45.88591999999999,-22.3713909966762,0 -45.886081,-22.3715749966762,0 -45.886267,-22.3717229966762,0 -45.886502,-22.3717909966762,0 -45.886724,-22.3716869966762,0 -45.88676,-22.3714229966762,0 -45.886698,-22.3712049966762,0 -45.886512,-22.3710669966763,0 -45.886326,-22.3709069966763,0 -45.886189,-22.3707009966763,0 -45.886065,-22.3705059966763,0 -45.886051,-22.3702639966764,0 -45.886087,-22.3700459966764,0 -45.886322,-22.3700219966764,0 -45.886496,-22.3701819966764,0 -45.88667,-22.3703769966763,0 -45.88693,-22.3704909966763,0 -45.887103,-22.3706739966763,0 -45.887265,-22.3708459966763,0 -45.887524,-22.3708909966763,0 -45.887759,-22.3709019966763,0 -45.888007,-22.3709359966763,0 -45.888168,-22.3711419966762,0 -45.888256,-22.3713719966762,0 -45.88829399999999,-22.3715899966762,0 -45.888455,-22.3717729966762,0 -45.888702,-22.3716799966762,0 -45.88887400000001,-22.3715189966762,0 -45.889109,-22.3714489966762,0 -45.889356,-22.3714019966762,0 -45.889542,-22.3715619966762,0 -45.889617,-22.3717919966762,0 -45.889605,-22.3720099966761,0 -45.889581,-22.3722519966761,0 -45.88945900000001,-22.3724589966761,0 -45.889361,-22.3726659966761,0 -45.889275,-22.372896996676,0 -45.889239,-22.373137996676,0 -45.88924,-22.373367996676,0 -45.88940100000001,-22.373550996676,0 -45.88963699999999,-22.373642996676,0 -45.88987100000001,-22.373629996676,0 -45.89013099999999,-22.373559996676,0 -45.890365,-22.373467996676,0 -45.89061199999999,-22.373374996676,0 -45.890847,-22.373361996676,0 -45.891119,-22.373360996676,0 -45.891341,-22.373452996676,0 -45.891626,-22.373520996676,0 -45.891861,-22.373611996676,0 -45.891985,-22.3738069966759,0 -45.89211000000001,-22.3740479966759,0 -45.89207399999999,-22.3742659966759,0 -45.891963,-22.3744619966759,0 -45.891816,-22.3746579966759,0 -45.89170600000001,-22.3748999966758,0 -45.89165700000001,-22.3751299966758,0 -45.891794,-22.3753249966758,0 -45.891869,-22.3755429966757,0 -45.891858,-22.3757609966757,0 -45.891784,-22.3759799966757,0 -45.891674,-22.3761869966757,0 -45.891613,-22.3764519966756,0 -45.891602,-22.3766819966756,0 -45.891837,-22.3767379966756,0 -45.89207099999999,-22.3766339966756,0 -45.89220600000001,-22.3764379966756,0 -45.892441,-22.3763569966756,0 -45.89267600000001,-22.3763899966756,0 -45.89271400000001,-22.3766779966756,0 -45.892715,-22.3769299966756,0 -45.892642,-22.3771489966755,0 -45.89254400000001,-22.3773559966755,0 -45.892532,-22.3775749966755,0 -45.892669,-22.3777929966755,0 -45.892954,-22.3778489966755,0 -45.893213,-22.3778479966755,0 -45.89346,-22.3778359966755,0 -45.89370799999999,-22.3778459966755,0 -45.89393099999999,-22.3780069966755,0 -45.894031,-22.3782819966754,0 -45.894106,-22.3785119966754,0 -45.894243,-22.3787409966754,0 -45.89442970788691,-22.3790356588855,0 -45.894454,-22.3790739966753,0 -45.89465299999999,-22.3792679966753,0 -45.894876,-22.3793709966753,0 -45.895062,-22.3795309966753,0 -45.895223,-22.3796919966753,0 -45.89543400000001,-22.3799549966752,0 -45.895583,-22.3801269966752,0 -45.895621,-22.3803449966752,0 -45.895597,-22.3805639966751,0 -45.895598,-22.3807939966751,0 -45.895858,-22.3808729966751,0 -45.89609299999999,-22.3809069966751,0 -45.896119,-22.3811369966751,0 -45.896095,-22.381377996675,0 -45.895948,-22.381573996675,0 -45.895949,-22.381895996675,0 -45.896148,-22.382101996675,0 -45.89639500000001,-22.382100996675,0 -45.896654,-22.381973996675,0 -45.896901,-22.381961996675,0 -45.897136,-22.382006996675,0 -45.897383,-22.382085996675,0 -45.89752,-22.3823039966749,0 -45.89767000000001,-22.3825329966749,0 -45.897794,-22.3827399966749,0 -45.89798,-22.3829809966749,0 -45.898191,-22.3831519966748,0 -45.89836500000001,-22.3833239966748,0 -45.898514,-22.3835069966748,0 -45.898416,-22.3837489966748,0 -45.89824400000001,-22.3839339966747,0 -45.898208,-22.3841749966747,0 -45.898209,-22.3844169966747,0 -45.89842000000001,-22.3845649966747,0 -45.898667,-22.3845759966747,0 -45.89891399999999,-22.3845519966747,0 -45.899136,-22.3843669966747,0 -45.89932,-22.3841939966747,0 -45.89953,-22.3840439966747,0 -45.899764,-22.3838819966748,0 -45.90006,-22.3837319966748,0 -45.900257,-22.3836049966748,0 -45.900479,-22.3834199966748,0 -45.900726,-22.3833269966748,0 -45.90096,-22.3832799966748,0 -45.901122,-22.3834519966748,0 -45.901098,-22.3836819966748,0 -45.900851,-22.3838089966748,0 -45.90054299999999,-22.3839249966747,0 -45.900308,-22.3840409966747,0 -45.90016099999999,-22.3842369966747,0 -45.900149,-22.3844559966747,0 -45.900262,-22.3847309966746,0 -45.900325,-22.3849489966746,0 -45.900338,-22.3851789966746,0 -45.90035099999999,-22.3853969966746,0 -45.900488,-22.3855919966746,0 -45.90068599999999,-22.3857529966745,0 -45.900922,-22.3858549966745,0 -45.901169,-22.3858539966745,0 -45.901354,-22.3857159966745,0 -45.901514,-22.3855429966746,0 -45.901674,-22.3853809966746,0 -45.901823,-22.3855649966746,0 -45.901824,-22.3858289966745,0 -45.901726,-22.3861049966745,0 -45.901678,-22.3863469966745,0 -45.901679,-22.3865879966745,0 -45.90176599999999,-22.3867949966744,0 -45.901989,-22.3868969966744,0 -45.90222399999999,-22.3869539966744,0 -45.902471,-22.3869529966744,0 -45.902743,-22.3868829966744,0 -45.902965,-22.3867559966744,0 -45.90349599999999,-22.3867539966744,0 -45.903744,-22.3868099966744,0 -45.903991,-22.3868559966744,0 -45.904177,-22.3869929966744,0 -45.904215,-22.3872109966744,0 -45.903968,-22.3872689966744,0 -45.903733,-22.3873049966744,0 -45.903561,-22.3874659966743,0 -45.90379600000001,-22.3876029966743,0 -45.904044,-22.3876019966743,0 -45.90426600000001,-22.3876819966743,0 -45.904476,-22.3875549966743,0 -45.90465,-22.3877379966743,0 -45.904651,-22.3879909966743,0 -45.904553,-22.3882329966743,0 -45.90442999999999,-22.3884289966742,0 -45.904307,-22.3886469966742,0 -45.90406000000001,-22.3886369966742,0 -45.903838,-22.3887639966742,0 -45.903691,-22.3889369966742,0 -45.90366700000001,-22.3891789966741,0 -45.90368,-22.3894309966741,0 -45.903916,-22.3895339966741,0 -45.904163,-22.3896249966741,0 -45.9043,-22.3898199966741,0 -45.904486,-22.389968996674,0 -45.90452399999999,-22.390232996674,0 -45.90458699999999,-22.390496996674,0 -45.904662,-22.3907379966739,0 -45.90491,-22.390851996674,0 -45.905158,-22.3909429966739,0 -45.90541700000001,-22.3909419966739,0 -45.905652,-22.3909179966739,0 -45.905924,-22.3909289966739,0 -45.90614699999999,-22.3910089966739,0 -45.906333,-22.3912259966739,0 -45.90648199999999,-22.3914439966739,0 -45.90657,-22.3916849966738,0 -45.906657,-22.3919029966738,0 -45.90673199999999,-22.3921209966738,0 -45.906844,-22.3923389966738,0 -45.90692,-22.3925689966737,0 -45.906933,-22.3928449966737,0 -45.906897,-22.3930629966737,0 -45.90664999999999,-22.3931219966737,0 -45.906415,-22.3930649966737,0 -45.90617999999999,-22.3930199966737,0 -45.906107,-22.3932619966737,0 -45.90611999999999,-22.3934799966736,0 -45.90620800000001,-22.3937329966736,0 -45.906246,-22.3939619966736,0 -45.906061,-22.3941469966735,0 -45.905913,-22.3943309966735,0 -45.905902,-22.3945609966735,0 -45.90594,-22.3948019966735,0 -45.905929,-22.3950319966735,0 -45.905769,-22.3952049966734,0 -45.905745,-22.3954239966734,0 -45.905832,-22.3956419966734,0 -45.90608,-22.3956529966734,0 -45.906389,-22.3956049966734,0 -45.906635,-22.3955129966734,0 -45.906883,-22.3955459966734,0 -45.90710599999999,-22.3956259966734,0 -45.90734,-22.3956479966734,0 -45.907465,-22.3958429966734,0 -45.907552,-22.3960489966733,0 -45.907553,-22.3962789966733,0 -45.907517,-22.3964979966733,0 -45.90727099999999,-22.3966599966733,0 -45.907135,-22.3968669966732,0 -45.907136,-22.3971079966732,0 -45.907162,-22.3973499966732,0 -45.907163,-22.3975909966732,0 -45.906991,-22.3977759966731,0 -45.906856,-22.3979829966731,0 -45.906659,-22.3981219966731,0 -45.906474,-22.3982599966731,0 -45.906314,-22.3984449966731,0 -45.90624099999999,-22.398674996673,0 -45.90620499999999,-22.398984996673,0 -45.906218,-22.399214996673,0 -45.906343,-22.3994559966729,0 -45.90655399999999,-22.3996389966729,0 -45.906777,-22.3998339966729,0 -45.907037,-22.3998789966729,0 -45.907223,-22.4000969966729,0 -45.90736,-22.4003259966728,0 -45.907497,-22.4005669966728,0 -45.90763400000001,-22.4007499966728,0 -45.90782,-22.4009449966728,0 -45.908081,-22.4011389966727,0 -45.90827899999999,-22.4013339966727,0 -45.908465,-22.4015399966727,0 -45.90859,-22.4017699966727,0 -45.90871400000001,-22.4019649966727,0 -45.90879,-22.4022519966726,0 -45.908754,-22.4024819966726,0 -45.90873000000001,-22.4027119966726,0 -45.908731,-22.4029529966725,0 -45.90872,-22.4032179966725,0 -45.908671,-22.4034479966725,0 -45.908598,-22.4036889966724,0 -45.90848800000001,-22.4039079966724,0 -45.908328,-22.4040929966724,0 -45.90823,-22.4043569966724,0 -45.908182,-22.4045869966724,0 -45.90822,-22.4048399966723,0 -45.908283,-22.4050579966723,0 -45.908456,-22.4052069966723,0 -45.90863,-22.4053669966722,0 -45.908767,-22.4055739966722,0 -45.908817,-22.4057919966722,0 -45.90894200000001,-22.4060209966722,0 -45.909189,-22.4061009966722,0 -45.909461,-22.4060999966722,0 -45.909696,-22.4061679966722,0 -45.90987,-22.4063969966721,0 -45.909921,-22.4066499966721,0 -45.90992399999999,-22.407408996672,0 -45.909963,-22.407729996672,0 -45.910001,-22.407959996672,0 -45.91014999999999,-22.4081549966719,0 -45.910397,-22.4082229966719,0 -45.910547,-22.4084059966719,0 -45.910646,-22.4086469966719,0 -45.910881,-22.4086579966719,0 -45.91105400000001,-22.4084849966719,0 -45.911263,-22.4083579966719,0 -45.91156,-22.4084249966719,0 -45.91177099999999,-22.4085279966719,0 -45.912006,-22.4085619966719,0 -45.91226499999999,-22.4084799966719,0 -45.91253699999999,-22.4084789966719,0 -45.912785,-22.4085359966719,0 -45.912983,-22.4086849966719,0 -45.91302100000001,-22.4089029966718,0 -45.913256,-22.4089359966718,0 -45.913503,-22.4088089966719,0 -45.913712,-22.4086469966719,0 -45.91392200000001,-22.4085429966719,0 -45.91416899999999,-22.4084849966719,0 -45.914428,-22.4084719966719,0 -45.91468799999999,-22.4085289966719,0 -45.914911,-22.4086659966719,0 -45.915122,-22.4088029966719,0 -45.915333,-22.4089629966718,0 -45.915568,-22.4090079966718,0 -45.91581500000001,-22.4089619966718,0 -45.916012,-22.4088229966719,0 -45.916123,-22.4086039966719,0 -45.916159,-22.4083859966719,0 -45.91617,-22.4081329966719,0 -45.916206,-22.407844996672,0 -45.916229,-22.407603996672,0 -45.916253,-22.407373996672,0 -45.916264,-22.407062996672,0 -45.916263,-22.4068099966721,0 -45.916287,-22.4065919966721,0 -45.916459,-22.4063499966721,0 -45.916755,-22.4061879966722,0 -45.91698999999999,-22.4061759966722,0 -45.917262,-22.4061749966722,0 -45.917497,-22.4061849966722,0 -45.917744,-22.4062529966721,0 -45.917967,-22.4063789966721,0 -45.91821499999999,-22.4065159966721,0 -45.918413,-22.4066649966721,0 -45.918612,-22.4068019966721,0 -45.91886,-22.4070079966721,0 -45.919097,-22.407443996672,0 -45.919209,-22.407661996672,0 -45.919372,-22.4081899966719,0 -45.91961899999999,-22.4081429966719,0 -45.91989099999999,-22.4080839966719,0 -45.920138,-22.4080259966719,0 -45.920632,-22.4079319966719,0 -45.92089099999999,-22.4079199966719,0 -45.921126,-22.407895996672,0 -45.921398,-22.407871996672,0 -45.92205299999999,-22.407868996672,0 -45.922374,-22.4078909966719,0 -45.922622,-22.4079129966719,0 -45.922956,-22.407922996672,0 -45.92319100000001,-22.4079459966719,0 -45.923425,-22.4079559966719,0 -45.923747,-22.4079659966719,0 -45.923982,-22.407988996672,0 -45.924279,-22.4080099966719,0 -45.924514,-22.4080209966719,0 -45.92484699999999,-22.4080429966719,0 -45.925132,-22.4080529966719,0 -45.925429,-22.4080749966719,0 -45.92575,-22.4080969966719,0 -45.92605900000001,-22.4081189966719,0 -45.926492,-22.4081289966719,0 -45.926826,-22.4081499966719,0 -45.927147,-22.4081609966719,0 -45.92937200000001,-22.4081519966719,0 -45.929706,-22.4081279966719,0 -45.929965,-22.4080919966719,0 -45.93023700000001,-22.4080569966719,0 -45.930521,-22.4080209966719,0 -45.930818,-22.4079859966719,0 -45.931139,-22.407926996672,0 -45.93144457632,-22.4078766363287,0 -45.931497,-22.407867996672,0 -45.93179399999999,-22.407832996672,0 -45.932041,-22.407773996672,0 -45.93235,-22.407738996672,0 -45.93264599999999,-22.407713996672,0 -45.934031,-22.407708996672,0 -45.93427800000001,-22.407719996672,0 -45.934501,-22.407798996672,0 -45.934736,-22.407924996672,0 -45.934947,-22.4080619966719,0 -45.93517,-22.4081989966719,0 -45.93534399999999,-22.4083479966719,0 -45.93553,-22.4085659966719,0 -45.935692,-22.4087599966719,0 -45.935891,-22.4090009966718,0 -45.936164,-22.4092869966718,0 -45.9364,-22.4095509966718,0 -45.936636,-22.4097339966717,0 -45.936834,-22.4098589966717,0 -45.936983,-22.4100429966717,0 -45.937232,-22.4103409966717,0 -45.93746800000001,-22.4105929966716,0 -45.937666,-22.4107409966716,0 -45.937964,-22.4109129966716,0 -45.93818699999999,-22.4110959966716,0 -45.938447,-22.4112549966716,0 -45.938695,-22.4113119966715,0 -45.938942,-22.4113109966715,0 -45.939177,-22.4112869966716,0 -45.939436,-22.4112519966716,0 -45.939696,-22.4112389966716,0 -45.94024000000001,-22.4112369966716,0 -45.940511,-22.4112019966716,0 -45.940796,-22.4111999966716,0 -45.941043,-22.4111879966716,0 -45.94134,-22.4111869966716,0 -45.941624,-22.4111169966716,0 -45.941957,-22.4110809966716,0 -45.942785,-22.4110779966716,0 -45.94307,-22.4110879966716,0 -45.943367,-22.4111219966716,0 -45.943651,-22.4111549966716,0 -45.943924,-22.4112569966716,0 -45.94410999999999,-22.4114179966715,0 -45.94430800000001,-22.4115779966715,0 -45.944779,-22.4117829966715,0 -45.94495299999999,-22.4119429966715,0 -45.945201,-22.4121949966715,0 -45.94538699999999,-22.4124009966714,0 -45.945537,-22.4126069966714,0 -45.945686,-22.4128019966714,0 -45.94586,-22.4130889966713,0 -45.94597300000001,-22.4133179966713,0 -45.946122,-22.4135589966713,0 -45.94629599999999,-22.4138689966712,0 -45.946495,-22.4141089966712,0 -45.94668099999999,-22.4142699966712,0 -45.947029,-22.4144869966712,0 -45.947276,-22.4145779966712,0 -45.94753600000001,-22.4145879966712,0 -45.94778299999999,-22.4145759966712,0 -45.948043,-22.4145749966712,0 -45.94829,-22.4145509966712,0 -45.948512,-22.4144459966712,0 -45.94870900000001,-22.4143189966712,0 -45.948944,-22.4142489966712,0 -45.949191,-22.4142369966712,0 -45.9494,-22.4140519966712,0 -45.94958500000001,-22.4138789966713,0 -45.949794,-22.4137399966713,0 -45.95001599999999,-22.4136009966713,0 -45.95036199999999,-22.4134739966713,0 -45.950609,-22.4133919966713,0 -45.95088,-22.4133219966713,0 -45.95130000000001,-22.4132169966713,0 -45.951621,-22.4131469966713,0 -45.951893,-22.4131229966713,0 -45.952128,-22.4131449966713,0 -45.952413,-22.4131669966714,0 -45.952684,-22.4131659966713,0 -45.952932,-22.4131529966713,0 -45.95324099999999,-22.4131179966713,0 -45.953512,-22.4130359966714,0 -45.95372199999999,-22.4129199966714,0 -45.953944,-22.4127929966714,0 -45.954166,-22.4126889966714,0 -45.954388,-22.4125269966714,0 -45.95458499999999,-22.4123879966714,0 -45.954954,-22.4120879966715,0 -45.955188,-22.4118569966715,0 -45.95533500000001,-22.4116609966715,0 -45.955359,-22.4114429966715,0 -45.955345,-22.4111319966716,0 -45.955394,-22.4108789966716,0 -45.95543,-22.4106489966716,0 -45.955466,-22.4103619966717,0 -45.955462,-22.4096379966718,0 -45.955473,-22.4093849966718,0 -45.955559,-22.4090969966718,0 -45.95553300000001,-22.4087979966719,0 -45.95553,-22.4082809966719,0 -45.955541,-22.4080169966719,0 -45.95554,-22.407740996672,0 -45.955576,-22.407441996672,0 -45.955611,-22.407130996672,0 -45.955635,-22.4068899966721,0 -45.955646,-22.4066709966721,0 -45.955694,-22.4062339966722,0 -45.95573,-22.4059699966722,0 -45.955815,-22.4057509966722,0 -45.955925,-22.4054749966722,0 -45.956023,-22.4052679966723,0 -45.956146,-22.4050719966723,0 -45.95624400000001,-22.4048179966723,0 -45.956391,-22.4046339966723,0 -45.956575,-22.4043799966724,0 -45.95676,-22.4042299966724,0 -45.95702,-22.4042179966724,0 -45.957267,-22.4042169966724,0 -45.957626,-22.4042499966724,0 -45.95799700000001,-22.4043059966724,0 -45.958331,-22.4043499966724,0 -45.95862799999999,-22.4044529966724,0 -45.958888,-22.4046009966723,0 -45.959111,-22.4047379966723,0 -45.959396,-22.4048519966723,0 -45.959656,-22.4049889966723,0 -45.95987900000001,-22.4050909966723,0 -45.96006286208039,-22.4051849889466,0 -45.960102,-22.4052049966723,0 -45.960325,-22.4053079966723,0 -45.96059799999999,-22.4054559966722,0 -45.960858,-22.4056279966722,0 -45.96109300000001,-22.4057189966722,0 -45.961341,-22.4057289966722,0 -45.961588,-22.4057629966722,0 -45.961984,-22.4058989966722,0 -45.962232,-22.4059899966722,0 -45.962492,-22.4060809966722,0 -45.96282599999999,-22.4061829966722,0 -45.963111,-22.4062509966721,0 -45.963408,-22.4063189966721,0 -45.96367999999999,-22.4064099966721,0 -45.96399,-22.4064889966721,0 -45.964286,-22.4065109966721,0 -45.964707,-22.4065199966721,0 -45.96535,-22.4065179966721,0 -45.96577,-22.4064699966721,0 -45.966017,-22.4064579966721,0 -45.966252,-22.4064449966721,0 -45.967451,-22.4064399966721,0 -45.96770999999999,-22.4064509966721,0 -45.96797,-22.4064729966721,0 -45.968205,-22.4065059966721,0 -45.968465,-22.4065279966721,0 -45.968712,-22.4066189966721,0 -45.96901,-22.4067789966721,0 -45.969308,-22.407076996672,0 -45.969469,-22.407270996672,0 -45.969607,-22.407546996672,0 -45.969707,-22.407821996672,0 -45.969782,-22.4080979966719,0 -45.969857,-22.4083159966719,0 -45.96995800000001,-22.4086139966719,0 -45.970045,-22.4088549966718,0 -45.97013299999999,-22.4090849966718,0 -45.97027,-22.4093599966718,0 -45.97042,-22.4095779966718,0 -45.970606,-22.4098639966717,0 -45.970805,-22.4100939966717,0 -45.97102899999999,-22.4102999966717,0 -45.97120199999999,-22.4104479966717,0 -45.97143799999999,-22.4106769966716,0 -45.971662,-22.4108369966716,0 -45.971959,-22.4110309966716,0 -45.972195,-22.4111339966716,0 -45.972442,-22.4112479966716,0 -45.972703,-22.4113729966715,0 -45.97296299999999,-22.4114529966715,0 -45.97321,-22.4114979966715,0 -45.97348199999999,-22.4115189966715,0 -45.973766,-22.4114489966715,0 -45.974087,-22.4114139966715,0 -45.974347,-22.4113779966716,0 -45.974693,-22.4112959966716,0 -45.974889,-22.4111229966716,0 -45.97508700000001,-22.4109839966716,0 -45.975234,-22.4107999966716,0 -45.975419,-22.4106039966716,0 -45.975615,-22.4103499966717,0 -45.975775,-22.4101309966717,0 -45.976094,-22.4096809966717,0 -45.976204,-22.4094849966718,0 -45.976463,-22.4091859966718,0 -45.97661,-22.4090009966718,0 -45.97678200000001,-22.4086789966719,0 -45.976929,-22.4084249966719,0 -45.977101,-22.4081599966719,0 -45.977211,-22.407940996672,0 -45.97730900000001,-22.407733996672,0 -45.977431,-22.407525996672,0 -45.977591,-22.407318996672,0 -45.977775,-22.407076996672,0 -45.978009,-22.4067879966721,0 -45.97816899999999,-22.4066149966721,0 -45.97835300000001,-22.4064419966721,0 -45.978563,-22.4063149966721,0 -45.97881,-22.4063249966721,0 -45.979057,-22.4062089966722,0 -45.979365,-22.4061159966722,0 -45.9796,-22.4060459966722,0 -45.979983,-22.4059529966722,0 -45.980279,-22.4059059966722,0 -45.9806,-22.4058699966722,0 -45.980909,-22.4057999966722,0 -45.981131,-22.4056949966722,0 -45.981391,-22.4056479966722,0 -45.98162500000001,-22.4056129966722,0 -45.98199600000001,-22.4055999966722,0 -45.982231,-22.4055869966722,0 -45.98248999999999,-22.4054939966722,0 -45.982712,-22.4053899966722,0 -45.982909,-22.4052629966723,0 -45.983143,-22.4051009966723,0 -45.98335300000001,-22.4049279966723,0 -45.98355,-22.4047659966723,0 -45.983746,-22.4045809966723,0 -45.983857,-22.4043849966724,0 -45.98400400000001,-22.4041549966724,0 -45.984189,-22.4039699966724,0 -45.984373,-22.4037509966724,0 -45.984533,-22.4035659966725,0 -45.98473,-22.4033819966725,0 -45.98490200000001,-22.4031739966725,0 -45.985074,-22.4029779966725,0 -45.985246,-22.4027699966725,0 -45.985541,-22.4024239966726,0 -45.985725,-22.4022509966726,0 -45.985885,-22.4019519966726,0 -45.986057,-22.4017209966727,0 -45.98634,-22.4014209966727,0 -45.986561,-22.4012359966727,0 -45.986771,-22.4010969966727,0 -45.986993,-22.4009699966728,0 -45.987227,-22.4008309966728,0 -45.987535,-22.4006919966728,0 -45.98775700000001,-22.4006109966728,0 -45.98807799999999,-22.4005289966728,0 -45.988325,-22.4004469966728,0 -45.988658,-22.4003079966728,0 -45.988942,-22.4002259966729,0 -45.98925,-22.4000989966729,0 -45.989559,-22.4000049966729,0 -45.989818,-22.3999009966729,0 -45.990077,-22.3998079966729,0 -45.99033418350849,-22.3997569063463,0 -45.99049230309199,-22.3996454375064,0 -45.9854593848997,-22.3863269996599,0 -45.9877879511436,-22.38315055101,0 -45.99132817849549,-22.3814533035212,0 -45.9958973399588,-22.3797473518715,0 -46.0012164244565,-22.3793654711906,0 -46.0047697445963,-22.3791226399932,0 -46.0073975923685,-22.3745115746315,0 -46.0081124645499,-22.3730151890608,0 -46.0107080999734,-22.3674178085221,0 -46.01343296592641,-22.3638587356281,0 -46.0159157742328,-22.3615963462887,0 -46.0185232922489,-22.364998160418,0 -46.0218959673924,-22.3675578332647,0 -46.020251861586,-22.3719181207658,0 -46.0202667335172,-22.3719227014488,0 -46.020268,-22.3719229966762,0 -46.0202880435932,-22.3719292651358,0 -46.0205215150132,-22.3720011763452,0 -46.0206797696861,-22.3720647506439,0 -46.020786,-22.3721069966761,0 -46.0208081903286,-22.3721163399723,0 -46.0208116639995,-22.3721177354205,0 -46.0208160476241,-22.3721196483073,0 -46.02103300000001,-22.3722109966761,0 -46.0211869537211,-22.3722995646469,0 -46.02131165393119,-22.3723693791518,0 -46.0214572658779,-22.3724408838488,0 -46.021576,-22.3724989966761,0 -46.0216185357268,-22.3725268428876,0 -46.0221187925149,-22.3728422505842,0 -46.0222761857219,-22.3729567429864,0 -46.0224448596448,-22.3730732472997,0 -46.022551,-22.373142996676,0 -46.0226154937125,-22.3731911054994,0 -46.0226323890723,-22.3732027752481,0 -46.0226519453627,-22.3732182964601,0 -46.02273600000001,-22.373280996676,0 -46.0227647866756,-22.3733078550575,0 -46.022769731588,-22.3733117796789,0 -46.0227900673572,-22.3733314422964,0 -46.022945,-22.373475996676,0 -46.0231113541704,-22.3735940289207,0 -46.023160971473,-22.3736274892728,0 -46.02322353680499,-22.3736536051321,0 -46.02349146567051,-22.3737620928555,0 -46.0237783108955,-22.3737602784037,0 -46.024045101818,-22.3737348167514,0 -46.0242663938392,-22.3737017181181,0 -46.02448244354851,-22.373654278934,0 -46.024501,-22.373649996676,0 -46.0245916977174,-22.3736162418621,0 -46.0247069082873,-22.373572951362,0 -46.0250048020421,-22.3734584284566,0 -46.0250510595156,-22.3734356081918,0 -46.0251427500943,-22.3733775728457,0 -46.025267,-22.373293996676,0 -46.025465,-22.373110996676,0 -46.02556448828781,-22.3729822837036,0 -46.0256255565405,-22.3728982328168,0 -46.02616382509879,-22.3725559272358,0 -46.02663497222551,-22.3722130997746,0 -46.0274163480279,-22.3717298487881,0 -46.027631666442,-22.371564855408,0 -46.0277932242191,-22.3714505497336,0 -46.0280804786039,-22.3713398820528,0 -46.028319,-22.3711959966762,0 -46.02855399999999,-22.3710349966763,0 -46.0286552081678,-22.3709666531533,0 -46.02884422196249,-22.3708271265791,0 -46.0289190237491,-22.3707606268233,0 -46.029073,-22.3706109966763,0 -46.02925059650231,-22.3704658543572,0 -46.0292805265464,-22.3704392461609,0 -46.029505,-22.3702099966764,0 -46.029728,-22.3700029966764,0 -46.02992500000001,-22.3698309966764,0 -46.030148,-22.3696359966764,0 -46.0302727132796,-22.3694934672141,0 -46.0285855060011,-22.3624232216975,0 -46.0250142723264,-22.3517486799786,0 -46.0243291663609,-22.3499175641105,0 -46.02285235357219,-22.3460216809234,0 -46.0224080700446,-22.3426659976971,0 -46.022300020812,-22.3479973025634,0 -46.0221017992598,-22.3495996924478,0 -46.021480637637,-22.3507751762514,0 -46.0182702906223,-22.3566751465562,0 -46.0151451232851,-22.3584932503801,0 -46.0122247920096,-22.3553032991042,0 -46.00868772956741,-22.3526625328368,0 -46.0078259779593,-22.3527320627798,0 -46.00701416158889,-22.3549507980532,0 -46.0055706845612,-22.3556655809384,0 -46.0028890155709,-22.3568692610442,0 -46.0005405131787,-22.3564346357852,0 -45.9986940445571,-22.353847356415,0 -45.9995687871146,-22.3507620440417,0 -46.0005074305601,-22.346970518056,0 -46.0019536344265,-22.3441885071564,0 -46.0025437650538,-22.3416381498014,0 -46.00270478094561,-22.3375694960214,0 -46.0049971065517,-22.3338059754378,0 -46.00471729570809,-22.3318976793917,0 -46.0052054467146,-22.3310457496205,0 -46.0062707052536,-22.3311452518851,0 -46.0079523826926,-22.3323727841857,0 -46.0110007121729,-22.333308810509,0 -46.012973066023,-22.3326598179803,0 -46.01479230551089,-22.3318702772926,0 -46.018881026976,-22.3347096610898,0 -46.0200809565562,-22.3376378894673,0 -46.0223705963686,-22.3419566464163,0 -46.02136964877671,-22.3318643296068,0 -46.0213335541734,-22.3299614507701,0 -46.0165249446138,-22.3259263367947,0 -46.0112996088886,-22.3303419754064,0 -46.00917945907631,-22.3298470220001,0 -46.0053916253554,-22.3252970388607,0 -46.0051172638472,-22.3238719450591,0 -46.0047498522201,-22.3214840803548,0 -45.999323763701,-22.3138039623453,0 -45.997802044299,-22.3132701168559,0 -45.9939089511814,-22.3062728256613,0 -45.9922046296295,-22.3049275825566,0 -45.9933922254585,-22.3009658181909,0 -45.9963977184381,-22.2992679124665,0 -45.992276793163,-22.2961486457536,0 -45.9926294826093,-22.2884905707614,0 -45.9990812868056,-22.2903286931666,0 -46.00820495793521,-22.2985389759194,0 -46.0108654913064,-22.296884461014,0 -46.018980273845,-22.2964531982722,0 -46.0254130678689,-22.3003762762723,0 -46.0291532321331,-22.3053605784931,0 -46.0388627716193,-22.3079061003374,0 -46.0431648403591,-22.305488363073,0 -46.0470309122058,-22.3035330271908,0 -46.05065465000159,-22.3015106514269,0 -46.055376133043,-22.3016236800148,0 -46.055361,-22.3015269966844,0 -46.055311,-22.3012749966844,0 -46.055275,-22.3010339966845,0 -46.05525,-22.3007809966845,0 -46.055238,-22.3005169966845,0 -46.055164,-22.3001839966846,0 -46.05509099999999,-22.2998739966846,0 -46.05498,-22.2996209966846,0 -46.054894,-22.2994139966846,0 -46.054771,-22.2990469966847,0 -46.054672,-22.2988049966847,0 -46.05458600000001,-22.2985529966847,0 -46.054475,-22.2983109966848,0 -46.054364,-22.2980359966848,0 -46.054266,-22.2977709966848,0 -46.054143,-22.2975189966849,0 -46.05404399999999,-22.2972889966849,0 -46.053933,-22.2969439966849,0 -46.053872,-22.296702996685,0 -46.053798,-22.296484996685,0 -46.05373700000001,-22.296254996685,0 -46.05366300000001,-22.296036996685,0 -46.053626,-22.2957959966851,0 -46.053552,-22.2955319966851,0 -46.053454,-22.2952559966851,0 -46.053355,-22.2949339966852,0 -46.053183,-22.2943369966852,0 -46.053134,-22.2940499966853,0 -46.05309699999999,-22.2937859966853,0 -46.053098,-22.2930049966854,0 -46.05316000000001,-22.2927179966854,0 -46.053259,-22.2924879966855,0 -46.053395,-22.2922819966855,0 -46.053543,-22.2920639966855,0 -46.053691,-22.2918799966855,0 -46.05384,-22.2916729966856,0 -46.054037,-22.2914549966856,0 -46.054161,-22.2912599966856,0 -46.05435800000001,-22.2910769966856,0 -46.054544,-22.2909279966857,0 -46.05470399999999,-22.2906979966857,0 -46.05489,-22.2905259966857,0 -46.05512399999999,-22.2902849966857,0 -46.055334,-22.2901239966857,0 -46.055606,-22.2899869966858,0 -46.055853,-22.2898489966858,0 -46.05605000000001,-22.2897119966858,0 -46.056297,-22.2895859966858,0 -46.056519,-22.2894819966858,0 -46.056791,-22.2893449966858,0 -46.057013,-22.2892189966859,0 -46.05726,-22.2890809966859,0 -46.057519,-22.2889319966859,0 -46.057779,-22.2887599966859,0 -46.058013,-22.2886219966859,0 -46.058235,-22.2884389966859,0 -46.058408,-22.2882899966859,0 -46.05859400000001,-22.288116996686,0 -46.05884099999999,-22.287876996686,0 -46.059038,-22.287680996686,0 -46.059248,-22.287508996686,0 -46.05944600000001,-22.2873489966861,0 -46.05966799999999,-22.2871539966861,0 -46.059878,-22.2869699966861,0 -46.060063,-22.2868099966861,0 -46.0601268261509,-22.2867816568894,0 -46.0610779833932,-22.2859148113327,0 -46.061162,-22.2857419966862,0 -46.061261,-22.2855359966863,0 -46.06135999999999,-22.2852719966863,0 -46.061447,-22.2849849966863,0 -46.06148400000001,-22.2847549966864,0 -46.061521,-22.2845369966864,0 -46.061571,-22.2842379966864,0 -46.06162,-22.2840089966864,0 -46.06167,-22.2837679966865,0 -46.06171999999999,-22.2835379966865,0 -46.061769,-22.2832849966865,0 -46.062017,-22.2821369966867,0 -46.062054,-22.2819079966867,0 -46.062104,-22.2816549966867,0 -46.062178,-22.2813679966868,0 -46.062252,-22.2811499966868,0 -46.062363,-22.2809429966868,0 -46.062462,-22.2807139966868,0 -46.062561,-22.2804959966869,0 -46.062636,-22.2802659966869,0 -46.06273400000001,-22.2800589966869,0 -46.062833,-22.2798299966869,0 -46.06294499999999,-22.279611996687,0 -46.063068,-22.279393996687,0 -46.063229,-22.279163996687,0 -46.063389,-22.2789229966871,0 -46.063513,-22.2787279966871,0 -46.063649,-22.2784749966871,0 -46.063785,-22.2782799966871,0 -46.063859,-22.2781079966872,0 -46.0639,-22.2778309966872,0 -46.063901,-22.2778239966872,0 -46.063971,-22.2773959966872,0 -46.06402,-22.2769139966873,0 -46.06407,-22.2766959966873,0 -46.064095,-22.2764319966873,0 -46.064095145257,-22.2764292125939,0 -46.0613683601305,-22.2761720710462,0 -46.06040550536401,-22.2744805659137,0 -46.0594732177495,-22.271798473149,0 -46.05723434199719,-22.2722375125701,0 -46.0550833907497,-22.2742676361541,0 -46.0530632043766,-22.2734672202842,0 -46.0508400068551,-22.2716482644633,0 -46.04684393130599,-22.2701471972475,0 -46.0466415288309,-22.2685903972131,0 -46.0476931736656,-22.2643365138307,0 -46.0495222684067,-22.263102519229,0 -46.05128248688661,-22.2614411848803,0 -46.0532114475472,-22.2614991920487,0 -46.05589403026359,-22.2611954661548,0 -46.055726845004,-22.2631539813755,0 -46.0567099829515,-22.2629337069322,0 -46.05836160385289,-22.2642527825241,0 -46.0603654075623,-22.2641171921105,0 -46.0617826906479,-22.2645309464269,0 -46.06176099999999,-22.2644989966887,0 -46.06162599999999,-22.2642919966888,0 -46.06149,-22.2640619966888,0 -46.06133000000001,-22.2638779966888,0 -46.061034,-22.2634879966888,0 -46.060812,-22.2632229966889,0 -46.06064,-22.2630619966889,0 -46.06043,-22.2629129966889,0 -46.06025799999999,-22.2626949966889,0 -46.060122,-22.262475996689,0 -46.0599,-22.262200996689,0 -46.059703,-22.261993996689,0 -46.05953100000001,-22.2617639966891,0 -46.059383,-22.2615799966891,0 -46.059235,-22.2613849966891,0 -46.059099,-22.2611429966891,0 -46.059013,-22.2609249966892,0 -46.058903,-22.2606839966892,0 -46.058792,-22.2604769966892,0 -46.05873,-22.2602589966892,0 -46.058731,-22.2597079966893,0 -46.058756,-22.2594899966893,0 -46.058817,-22.2592259966894,0 -46.058941,-22.2588699966894,0 -46.05904,-22.2586519966894,0 -46.059164,-22.2583879966895,0 -46.05924999999999,-22.2581689966895,0 -46.05937400000001,-22.2579169966895,0 -46.059485,-22.2576759966895,0 -46.059708,-22.2571709966896,0 -46.059807,-22.2569299966896,0 -46.059856,-22.2567109966896,0 -46.060005,-22.2561829966897,0 -46.06004200000001,-22.2559649966898,0 -46.060054,-22.2556899966898,0 -46.06005499999999,-22.2548629966899,0 -46.060068,-22.2546449966899,0 -46.06007999999999,-22.2544149966899,0 -46.060081,-22.25365699669,0 -46.060106,-22.25342699669,0 -46.060143,-22.2532089966901,0 -46.060143,-22.2529799966901,0 -46.060205,-22.2527389966901,0 -46.060304,-22.2524509966902,0 -46.060378,-22.2522099966902,0 -46.06049,-22.2520039966902,0 -46.060625,-22.2518199966902,0 -46.06083499999999,-22.2515449966903,0 -46.061021,-22.2513039966903,0 -46.061218,-22.2510629966903,0 -46.061403,-22.2508789966903,0 -46.061589,-22.2507299966904,0 -46.061823,-22.2505809966904,0 -46.062021,-22.2504429966904,0 -46.06226700000001,-22.2504549966904,0 -46.062477,-22.2503059966904,0 -46.062884,-22.2499359966904,0 -46.063068,-22.2496109966905,0 -46.0631271498298,-22.2494350835604,0 -46.06136384961321,-22.2492530635269,0 -46.0572951861784,-22.2504935201729,0 -46.0570055210809,-22.2508129936375,0 -46.0518342039402,-22.2535852944037,0 -46.0475437075879,-22.2522650702944,0 -46.0436369016834,-22.255736762707,0 -46.0398534564047,-22.256505271782,0 -46.03493814359009,-22.2551484107933,0 -46.027385368622,-22.2576246262572,0 -46.0140496370218,-22.255263510345,0 -46.0040537144457,-22.2564025008835,0 -46.0001873237205,-22.2572390156665,0 -46.0001902552893,-22.2576516770392,0 -45.9995309938474,-22.2584623344386,0 -45.99700229536529,-22.2599410068566,0 -45.9937806369675,-22.2584048693375,0 -45.98845837035961,-22.2586528003032,0 -45.9873516221015,-22.2585398255406,0 -45.9867503121263,-22.2608178496863,0 -45.9860632720484,-22.2618754138564,0 -45.9834673975726,-22.2659495100161,0 -45.9831690110047,-22.2674407163846,0 -45.9835144612551,-22.2686667266962,0 -45.9829849168373,-22.2692186585146,0 -45.9823352542694,-22.2726717249846,0 -45.98231393138819,-22.273638656994,0 -45.981730222775,-22.2744783406486,0 -45.9817925704759,-22.2753663772354,0 -45.98090714403229,-22.2772269445354,0 -45.9808496535042,-22.2779785597904,0 -45.9815350393775,-22.2785652113472,0 -45.9820659859563,-22.2802504393945,0 -45.98174369704689,-22.2823551955424,0 -45.9824778895254,-22.2868542220256,0 -45.98278541287579,-22.2875495017997,0 -45.9839681628447,-22.2884518839501,0 -45.9843077315458,-22.2904205110395,0 -45.98549122431331,-22.2914239370155,0 -45.9858621770123,-22.2927017869781,0 -45.9869692827614,-22.2931329876395,0 -45.9871834387718,-22.2951185744517,0 -45.9877100903189,-22.2953680214668,0 -45.9883601213804,-22.29514509888,0 -45.98895857907589,-22.295309887206,0 -45.9893307605579,-22.2967561542563,0 -45.989358703005,-22.2981539890107,0 -45.988947748081,-22.2989144488115,0 -45.9883698626134,-22.2991032478207,0 -45.98777857988401,-22.3002431689315,0 -45.9880928453334,-22.3004629694927,0 -45.9879479325451,-22.3010319944825,0 -45.98798492554,-22.3020571970682,0 -45.9881958358569,-22.3024023408142,0 -45.98930040427101,-22.3027697513779,0 -45.9899734302134,-22.3031813595722,0 -45.9903460302045,-22.3035896413543,0 -45.9905205869637,-22.3044508547297,0 -45.9907163841381,-22.3050613925591,0 -45.9910690172539,-22.3057288813784,0 -45.9896361502205,-22.3083721852379,0 -45.98681029937251,-22.3091564250223,0 -45.9837623148249,-22.3105039581219,0 -45.98220047066619,-22.3109138040268,0 -45.9807201543296,-22.3117963185593,0 -45.980373442566,-22.3125627766584,0 -45.98077045734481,-22.3133975342623,0 -45.980313252746,-22.3151474111094,0 -45.9795336973586,-22.3155525018267,0 -45.9762806602598,-22.318867202415,0 -45.9726541761849,-22.3201165711256,0 -45.9706453327968,-22.3200101355211,0 -45.96472794810651,-22.3220434209226,0 -45.9535645089772,-22.3353409680573,0 -45.9491828940715,-22.347779750479,0 -45.9501781043556,-22.3543356623943,0 -45.93640596323269,-22.3636371041334,0 -45.9364261505751,-22.3666561054609,0 -45.9405123861188,-22.3725028613088,0 -45.950889295023,-22.3761349500005,0 -45.9504173198002,-22.3806877403398,0 -45.9580985865209,-22.390381607729,0 -45.9599420184741,-22.3903706768456,0 -45.9608365503051,-22.3906337125039,0 -45.9630643939225,-22.3861518287343,0 -45.9655259806044,-22.389066256895,0 -45.9676582679547,-22.3894533926892,0 -45.9667841059182,-22.3921377984827,0 -45.9673116351315,-22.3947029929039,0 -45.96481198490479,-22.3951205779562,0 -45.96413003939439,-22.3978302711412,0 -45.9648727654174,-22.4001574595748,0 -45.96422113666969,-22.4022278789309,0 -45.9612155702137,-22.4043832758141,0 -45.95586191557501,-22.3995219443064,0 -45.94898210123301,-22.3971943985089,0 -45.9466035977978,-22.3945358379264,0 -45.9395601372103,-22.3945183808223,0 -45.9389360978897,-22.3842620467031,0 -45.93484501911701,-22.3786807407514,0 -45.9323102688279,-22.3773080579281,0 -45.9235986355482,-22.3681358687747,0 -45.9128423270971,-22.3646728290176,0 -45.9113697674186,-22.3697161708712,0 -45.9004545938387,-22.3789024104474,0 -45.8954761635918,-22.3781639053013,0 -45.8887065144032,-22.3686146771396,0 -45.8765935318581,-22.3607519350873,0 -45.8895142900838,-22.3403248392766,0 -45.88564229989319,-22.3385905384755,0 -45.8803139926811,-22.3328191860203,0 -45.88207336557501,-22.3250938719408,0 -45.8849782443649,-22.3207503963498,0 -45.8827138551145,-22.3189341597462,0 -45.8823311369772,-22.31905517493,0 -45.8765249325626,-22.3164916902497,0 -45.87683256239611,-22.3132153170532,0 -45.8772634650061,-22.3105765669061,0 -45.8777881609164,-22.3086311025906,0 -45.8779419512941,-22.3046062590197,0 -45.8786366017613,-22.301821897489,0 -45.878160592348,-22.2986954182831,0 -45.8755224458797,-22.2977468874455,0 -45.8729759727157,-22.2968544540649,0 -45.8708936561344,-22.2954062564814,0 -45.870151449826,-22.2940883755049,0 -45.87025944170091,-22.2932500841708,0 -45.87021756127869,-22.2932373846429,0 -45.87003373196531,-22.2926734355312,0 -45.8701106719643,-22.2921340617404,0 -45.8716879220647,-22.2921896330514,0 -45.8721034800053,-22.2912485204136,0 -45.8744565441295,-22.2911354647912,0 -45.87430471368481,-22.2887998233004,0 -45.87477838959721,-22.2871286202908,0 -45.8729679916169,-22.2864478867159,0 -45.8706865768974,-22.285225107094,0 -45.86890139954661,-22.2853785326656,0 -45.8680236485761,-22.2836966839907,0 -45.8675099921674,-22.2830543139146,0 -45.86743701028,-22.2811383305275,0 -45.8646236161027,-22.2768861607728,0 -45.8628664173209,-22.2760675207756,0 -45.8579712470692,-22.2758974790505,0 -45.856297067392,-22.2752984441277,0 -45.85562457101079,-22.273626057411,0 -45.8530240037862,-22.2727183947626,0 -45.8536756257793,-22.2707369483218,0 -45.8530473677714,-22.2703905733552,0 -45.8506766804349,-22.2718308506568,0 
								</coordinates>
							</LinearRing>
						</outerBoundaryIs>
						<innerBoundaryIs>
							<LinearRing>
								<coordinates>
									-45.977679131205,-22.3729911420762,0 -45.9778458240954,-22.3738171058174,0 -45.97825557239889,-22.374772823125,0 -45.9780007792006,-22.3754200252507,0 -45.9774819429251,-22.3761678193388,0 -45.976640719021,-22.376700809637,0 -45.9762227189504,-22.3768955733895,0 -45.9753946915539,-22.3768583665139,0 -45.9746492307946,-22.3769150947092,0 -45.9740319955463,-22.3768247597624,0 -45.9734990172711,-22.3766414092596,0 -45.9725785425766,-22.3781916699543,0 -45.97210779651871,-22.3783888513202,0 -45.9720916954739,-22.3783871075226,0 -45.9720503953436,-22.3783903465611,0 -45.9710225610371,-22.3784644970529,0 -45.97044640645209,-22.3782287544355,0 -45.9700767492957,-22.3778447064133,0 -45.9699690185677,-22.3775451959437,0 -45.9698588285527,-22.3771924976516,0 -45.96972095233851,-22.3767081329474,0 -45.9696168027334,-22.3764317887819,0 -45.9697453327401,-22.3762811640277,0 -45.9697890366621,-22.3758841421515,0 -45.96875334843281,-22.3712522147159,0 -45.9687636211987,-22.3707592317651,0 -45.9683677317349,-22.3699036205966,0 -45.9676698390585,-22.3679691334117,0 -45.9676648905959,-22.3673768122168,0 -45.9678833389972,-22.366010625562,0 -45.96755569448451,-22.3653837638435,0 -45.9702620565,-22.3656797437069,0 -45.9707007410007,-22.3658761784407,0 -45.9735755263544,-22.3667069989188,0 -45.9743071635947,-22.3671005841806,0 -45.9752516055605,-22.3674672148917,0 -45.9766035021109,-22.3677860149175,0 -45.9776774653564,-22.3678965337242,0 -45.977679131205,-22.3729911420762,0 
								</coordinates>
							</LinearRing>
						</innerBoundaryIs>
					</Polygon>
				</MultiGeometry>
			</Placemark>
			<Placemark>
				<name>MacroÃ¡rea de Desenvolvimento Rural SustentÃ¡vel</name>
				<styleUrl>#m_ylw-pushpin7</styleUrl>
				<ExtendedData>
					<SchemaData schemaUrl="#mdrs">
						<SimpleData name="descriptio">A macroÃ¡rea de desenvolvimento rural sustentÃ¡vel Ã© caracterizada pela existÃªncia de assentamentos destinados Ã  produÃ§Ã£o agropecuÃ¡ria, tanto de grande porte, como de pequeno porte, principalmente relacionada Ã  cultura do morango, brÃ³colis e cult</SimpleData>
						<SimpleData name="tessellate">1</SimpleData>
						<SimpleData name="extrude">0</SimpleData>
						<SimpleData name="visibility">-1</SimpleData>
						<SimpleData name="layer">3_MacroÃ¡rea de Desenvolvimento Rural SustentÃ¡vel.kmz</SimpleData>
						<SimpleData name="path">C:/Users/User/Desktop/ISA - QGIS/QGIS ANEXOS/SHAPES/MDR/MACROA. DESENV. RURAL SUSTENT/3_MacroÃ¡rea de Desenvolvimento Rural SustentÃ¡vel.kmz.shp</SimpleData>
					</SchemaData>
				</ExtendedData>
				<MultiGeometry>
					<Polygon>
						<outerBoundaryIs>
							<LinearRing>
								<coordinates>
									-45.9591060804485,-22.1855528563165,0 -45.96195229418781,-22.1886533622694,0 -45.9686921870878,-22.1924159293873,0 -45.9692876475051,-22.1926288460819,0 -45.9702776984452,-22.1933087140833,0 -45.97434639865829,-22.1944001836618,0 -45.9752242442045,-22.1946379844095,0 -45.9780683649946,-22.199931459009,0 -45.9794056861835,-22.1996561807365,0 -45.9804115081508,-22.1998579805838,0 -45.9811789165105,-22.2001651374685,0 -45.982606277279,-22.2013739539515,0 -45.9838579808677,-22.2025392787098,0 -45.9857952892205,-22.2034332724812,0 -45.98710975904499,-22.2041373330354,0 -45.987548514261,-22.2043861079665,0 -45.9879149642417,-22.2047950052501,0 -45.9882297310237,-22.2052404907147,0 -45.9891864352838,-22.2064922251396,0 -45.9928657625747,-22.2071227811568,0 -45.9942846810373,-22.2087334621177,0 -45.996509108175,-22.2102532702593,0 -45.996232588628,-22.209324861181,0 -45.99525258515811,-22.2086075836898,0 -45.9950689181969,-22.2083426879043,0 -45.99468953869111,-22.2079459785914,0 -45.9944660666696,-22.2075604076651,0 -45.99438083079379,-22.2065210368251,0 -45.9944419220397,-22.2059765342947,0 -45.994593395454,-22.2053589289638,0 -45.9946842086574,-22.2033439008508,0 -45.99477397272441,-22.2015853012285,0 -45.9944652102928,-22.2007663843595,0 -45.9944608745998,-22.2001508084833,0 -45.9943978371342,-22.1990225893892,0 -45.9944257442392,-22.1990737187999,0 -45.9947512040354,-22.198353527979,0 -45.9953178585632,-22.1966828086304,0 -45.9957513091711,-22.1956541545782,0 -45.9960971358417,-22.1949559870978,0 -45.9964583679062,-22.1943673244928,0 -45.9964837386575,-22.1940593679845,0 -45.99801341889719,-22.1922544940565,0 -45.99822904132651,-22.1915862699546,0 -45.99828213093981,-22.1913037934167,0 -45.9977803525556,-22.1907869010021,0 -45.9973693354519,-22.1904091296743,0 -45.9967462120073,-22.1901649296925,0 -45.99612134188309,-22.1896727234792,0 -45.9958341399986,-22.1892280535573,0 -45.9954912334001,-22.1884365031635,0 -45.99529396707451,-22.1881566254694,0 -45.9948110201182,-22.1876470121567,0 -45.99461387266721,-22.187383667118,0 -45.9941672127536,-22.1870511015046,0 -45.9935434507323,-22.1866461553474,0 -45.9928286804787,-22.1859891405782,0 -45.992345199159,-22.1853277720695,0 -45.99236713937741,-22.1847169203958,0 -45.9921514681018,-22.1829918571554,0 -45.9912242517046,-22.1813241673232,0 -45.9911008722421,-22.1808727046128,0 -45.9910838759453,-22.1784488659327,0 -45.9909069801492,-22.1779651532343,0 -45.9908459385636,-22.1775076685646,0 -45.9907280093035,-22.1771851932039,0 -45.9905807872472,-22.1768090303921,0 -45.9902891755322,-22.1764606776121,0 -45.9895052431545,-22.1760075835199,0 -45.988786006766,-22.1753273787281,0 -45.988429642848,-22.1748830155996,0 -45.9874137353273,-22.1739373705799,0 -45.9872604601195,-22.1736680339461,0 -45.9872210542918,-22.1734450100782,0 -45.9871691970794,-22.1732455629343,0 -45.9870142825962,-22.1727412226757,0 -45.98689811800871,-22.1723659048801,0 -45.98679358551821,-22.1718495085603,0 -45.98678837025331,-22.1715703285937,0 -45.9867360042065,-22.1713344403862,0 -45.98661483134899,-22.1710079623344,0 -45.9866197183001,-22.1704233641699,0 -45.98672497348069,-22.1700886878198,0 -45.98685852321001,-22.1699542636248,0 -45.98771436699739,-22.169255948496,0 -45.98875087591251,-22.1687318300294,0 -45.98914153354781,-22.1683385993476,0 -45.9891657092464,-22.1680453072028,0 -45.9890316752547,-22.1676308310805,0 -45.98850476711299,-22.1672920240163,0 -45.98824097259349,-22.1670737642851,0 -45.9879516356887,-22.1669533740849,0 -45.9876859661406,-22.1664664079712,0 -45.98707766094401,-22.1657372282784,0 -45.9862578074621,-22.165077111008,0 -45.9857064485056,-22.1648077404694,0 -45.9849196755094,-22.1639857762268,0 -45.9845585707182,-22.1631116346661,0 -45.9843750862476,-22.1622529541827,0 -45.9842116547166,-22.1617248401984,0 -45.9839962396919,-22.1613789180698,0 -45.9839041347157,-22.1610480039378,0 -45.98365352102079,-22.1607094437739,0 -45.9834189296524,-22.1605748299211,0 -45.9831994142144,-22.1605081392724,0 -45.9829076407958,-22.1605507070656,0 -45.9821641228993,-22.1607320250496,0 -45.9814483932916,-22.1607091289739,0 -45.980526526589,-22.1604426172924,0 -45.9798226693119,-22.1600251584427,0 -45.9785741858293,-22.1589852320442,0 -45.97795617107409,-22.1583087941751,0 -45.9777339356334,-22.1578476278091,0 -45.9776430551288,-22.1572225188564,0 -45.9774885305297,-22.1560418056448,0 -45.9773971519933,-22.1557620926482,0 -45.9772234686743,-22.1553389551227,0 -45.9769944374638,-22.1551433873796,0 -45.97656150197921,-22.154858145017,0 -45.97605585859669,-22.1546415081528,0 -45.9753477227398,-22.154539700061,0 -45.9741763245709,-22.1544709551982,0 -45.9736960589389,-22.1544218026109,0 -45.97347556432589,-22.1543438041211,0 -45.973265349001,-22.1542128674663,0 -45.97307209025409,-22.1539749629925,0 -45.97295663942599,-22.1537391115839,0 -45.9728934242658,-22.1534594468385,0 -45.9728552430298,-22.1530001884217,0 -45.9728443331485,-22.1519900050048,0 -45.9728393759555,-22.1512687849026,0 -45.9728732485333,-22.1509269382695,0 -45.9730018365773,-22.1506685034945,0 -45.9731000253768,-22.1501693806365,0 -45.9732946588012,-22.1496435938884,0 -45.9733228176176,-22.1494459827123,0 -45.97332741766961,-22.1488733135463,0 -45.9730846556072,-22.1483339335497,0 -45.97305784111809,-22.1481591196166,0 -45.9729937619648,-22.1475311864813,0 -45.972810709368,-22.1469834963774,0 -45.9725676249783,-22.1463963970879,0 -45.9722846327404,-22.1458521127566,0 -45.9713964757545,-22.1444497072257,0 -45.9709327017831,-22.1434376167881,0 -45.9706061709278,-22.142504466097,0 -45.9705647884254,-22.1421765854843,0 -45.9704598341137,-22.1411381415113,0 -45.9703380629336,-22.1405008412684,0 -45.9702364838071,-22.139954567154,0 -45.9701163380903,-22.139554237491,0 -45.9698983614178,-22.1391544892179,0 -45.9694809798997,-22.1382090470626,0 -45.969165051712,-22.1377916502451,0 -45.968329349831,-22.1383494713494,0 -45.96457218476811,-22.1365512045152,0 -45.9600567673513,-22.1347537363371,0 -45.95842983681241,-22.1330304079204,0 -45.95591763750459,-22.1306738146807,0 -45.95434213688981,-22.1315623080978,0 -45.95386934396251,-22.131780256094,0 -45.9521067207377,-22.1316993424595,0 -45.9504410704631,-22.1314810376421,0 -45.9494997076964,-22.1317205338083,0 -45.9488005518698,-22.1323904265448,0 -45.94756583852691,-22.1333674572278,0 -45.94732202652359,-22.1335056800469,0 -45.9472223063376,-22.1332326438182,0 -45.946975750889,-22.132960459516,0 -45.94671126240739,-22.1325548755837,0 -45.9466536543578,-22.1315450460101,0 -45.9454394783203,-22.1304826913214,0 -45.9447996578551,-22.1295984832164,0 -45.943405382003,-22.1293459775829,0 -45.9426923307418,-22.1292002437284,0 -45.9422518348449,-22.1292027869971,0 -45.9409406310094,-22.1290365310848,0 -45.9402348347878,-22.1290365728034,0 -45.9399841494404,-22.1292026023899,0 -45.9398413159895,-22.129510964009,0 -45.9396679890719,-22.1295730575013,0 -45.9390712286432,-22.1298872895293,0 -45.93840461239971,-22.1300637027445,0 -45.93731633057809,-22.1304168695271,0 -45.93682809175441,-22.1306020828692,0 -45.9326167563522,-22.1303069803175,0 -45.9276364700128,-22.127837166436,0 -45.92591855303679,-22.126460080659,0 -45.9240660375984,-22.1261863436982,0 -45.9232284286117,-22.1287302335486,0 -45.9233819705903,-22.1310191885411,0 -45.92165487862459,-22.1320137838841,0 -45.9201061680427,-22.1279256091228,0 -45.9193980517525,-22.1236253172283,0 -45.9190885236812,-22.1209587058523,0 -45.9134197826438,-22.1204390063853,0 -45.9079546024791,-22.1205156292469,0 -45.90442918998781,-22.1201518247926,0 -45.9016119557502,-22.1213065002198,0 -45.89906045825489,-22.1223291582157,0 -45.8946188962869,-22.1213059124845,0 -45.89099417225309,-22.1210347198791,0 -45.88934009976749,-22.1215049460497,0 -45.8858703333497,-22.1207715862829,0 -45.88518686809071,-22.121357317216,0 -45.8818243180442,-22.1230633831282,0 -45.8807064632627,-22.1241170612421,0 -45.88013096271259,-22.1244948389566,0 -45.8779473116404,-22.122767955621,0 -45.8712998059059,-22.1241622023654,0 -45.8661635255606,-22.1225473187326,0 -45.8637468238236,-22.1239705050155,0 -45.8625812339825,-22.1261564890098,0 -45.86180524132381,-22.1305991854044,0 -45.8586353168173,-22.1305953545492,0 -45.85698401091059,-22.1321781281099,0 -45.8557939491816,-22.1331515770883,0 -45.8530363557793,-22.1327049952911,0 -45.8510055184943,-22.1339481332223,0 -45.849010476781,-22.1351950281216,0 -45.8476510075471,-22.1375649957037,0 -45.8458096540861,-22.1417178876522,0 -45.8449824606465,-22.1437970504559,0 -45.8429490250876,-22.1543735880684,0 -45.8454531761591,-22.158720539607,0 -45.84963886276891,-22.1630279977093,0 -45.8512993618508,-22.1669482974106,0 -45.8523349642775,-22.1690391899312,0 -45.85487637285711,-22.1720115240561,0 -45.8564576776537,-22.1740995234132,0 -45.8585168314472,-22.1762485132365,0 -45.8612038110421,-22.180681027859,0 -45.8655754358431,-22.1836196821668,0 -45.8636087783373,-22.1868535037049,0 -45.8635013162762,-22.189215057329,0 -45.8685821008477,-22.1908952289428,0 -45.8698521148734,-22.1907623319971,0 -45.8697558744747,-22.1952282488676,0 -45.87022752957111,-22.1964645178966,0 -45.8726662376573,-22.1956160059448,0 -45.8728764036964,-22.1959513630492,0 -45.873439517,-22.195537145,0 -45.874069355,-22.195414823,0 -45.87466772200001,-22.195507474,0 -45.87529791199999,-22.196171146,0 -45.87536239166539,-22.1963793792335,0 -45.87595337330649,-22.1968947635242,0 -45.8777113037493,-22.1960210281764,0 -45.8808055130287,-22.196119557899,0 -45.883592340859,-22.1951504737396,0 -45.8851384627572,-22.1958213050113,0 -45.8852322559065,-22.1959029588328,0 -45.8854933501203,-22.1961986674869,0 -45.8887080417615,-22.1968496936837,0 -45.8914429459365,-22.1980331700136,0 -45.89185920890861,-22.1965914855242,0 -45.8919870997156,-22.1957428443238,0 -45.8921559752826,-22.1945453967383,0 -45.8926048316476,-22.1934463941896,0 -45.89426931524391,-22.1923760927507,0 -45.8959324272428,-22.1910935483309,0 -45.8971156174206,-22.1898059699197,0 -45.8993990252592,-22.1925329167361,0 -45.901038608468,-22.1922484628613,0 -45.9026359349779,-22.1927755799229,0 -45.9050011517845,-22.1917433394043,0 -45.9092981110542,-22.1918278009007,0 -45.9130422736575,-22.1911599734757,0 -45.9156218865427,-22.1910594501167,0 -45.917779155197,-22.1916411610494,0 -45.9187515738554,-22.1892200645006,0 -45.92258709669271,-22.1883942693711,0 -45.9275707467603,-22.1870479392911,0 -45.92833369973729,-22.1858521615731,0 -45.9313051615649,-22.1804780060044,0 -45.926379134521,-22.1746966142801,0 -45.9266399906301,-22.1723101010394,0 -45.9261182436026,-22.1722853061523,0 -45.9210712295874,-22.1719727169563,0 -45.91209830456901,-22.1725865896617,0 -45.9093731734663,-22.1736314574754,0 -45.9063789673264,-22.1749555439354,0 -45.90350755342039,-22.1768143656443,0 -45.9005128905997,-22.178614237163,0 -45.8971252286782,-22.1776563247929,0 -45.8941222834647,-22.1756089084032,0 -45.891579851555,-22.1711344519755,0 -45.8907295963658,-22.1684532249308,0 -45.8913315770873,-22.1656919984522,0 -45.8928264716707,-22.1629323254866,0 -45.89505982131939,-22.1621188091494,0 -45.8975609277854,-22.1580879838869,0 -45.901547854976,-22.1563361676118,0 -45.9085936438884,-22.159660127525,0 -45.91299541555459,-22.1619159178563,0 -45.91244498738011,-22.1706659401655,0 -45.9120875483091,-22.1725916743395,0 -45.91580324742601,-22.1723331184958,0 -45.9210780248129,-22.1719701078016,0 -45.9250935303496,-22.172220319503,0 -45.926647441561,-22.1723100586779,0 -45.92665720231991,-22.1722686989927,0 -45.9268775581226,-22.1703216434685,0 -45.92700797888169,-22.1689638692429,0 -45.9288177333201,-22.1677736418256,0 -45.9297130949312,-22.1659940045767,0 -45.93101073348871,-22.1651803100265,0 -45.93282140319371,-22.1631216179955,0 -45.9339232382979,-22.1631854592593,0 -45.9365131794353,-22.1639920923912,0 -45.9365920008898,-22.163889177736,0 -45.93702427600989,-22.1638267431939,0 -45.9391908184429,-22.1639794510031,0 -45.93933271932791,-22.164083856974,0 -45.94062997576731,-22.1656991467288,0 -45.9425849713935,-22.1668988293672,0 -45.9456992374611,-22.1682822520968,0 -45.9477312675631,-22.1693782979839,0 -45.9517753288424,-22.1724478072986,0 -45.9525943183046,-22.1736123279948,0 -45.95353951006221,-22.1758166406701,0 -45.95693526185169,-22.1824553774677,0 -45.9570449212483,-22.1829868781166,0 -45.9591060804485,-22.1855528563165,0 
								</coordinates>
							</LinearRing>
						</outerBoundaryIs>
					</Polygon>
				</MultiGeometry>
			</Placemark>
		</Folder>
	</Document>
</Folder>
</kml>
